Alignment ID	RT	m.z	2022_12_30_pos_BK_Sfery_23_08_22_B_1_230102194605	2022_12_30_pos_BK_Sfery_23_08_22_B_10_230103011005	2022_12_30_pos_BK_Sfery_23_08_22_B_11_230103014609	2022_12_30_pos_BK_Sfery_23_08_22_B_12_230103022200	2022_12_30_pos_BK_Sfery_23_08_22_B_13_230103025801	2022_12_30_pos_BK_Sfery_23_08_22_B_14_230103033403	2022_12_30_pos_BK_Sfery_23_08_22_B_15_230103040949	2022_12_30_pos_BK_Sfery_23_08_22_B_16_230103044539	2022_12_30_pos_BK_Sfery_23_08_22_B_17_230103104719	2022_12_30_pos_BK_Sfery_23_08_22_B_18_230103112325	2022_12_30_pos_BK_Sfery_23_08_22_B_19_230103115923	2022_12_30_pos_BK_Sfery_23_08_22_B_2_230102202209	2022_12_30_pos_BK_Sfery_23_08_22_B_20_230103123513	2022_12_30_pos_BK_Sfery_23_08_22_B_21_230103131115	2022_12_30_pos_BK_Sfery_23_08_22_B_22_230103134708	2022_12_30_pos_BK_Sfery_23_08_22_B_23_230103142309	2022_12_30_pos_BK_Sfery_23_08_22_B_24_230103145912	2022_12_30_pos_BK_Sfery_23_08_22_B_3_230102205812	2022_12_30_pos_BK_Sfery_23_08_22_B_4_230102213401	2022_12_30_pos_BK_Sfery_23_08_22_B_5_230102221005	2022_12_30_pos_BK_Sfery_23_08_22_B_6_230102224606	2022_12_30_pos_BK_Sfery_23_08_22_B_7_230102232155	2022_12_30_pos_BK_Sfery_23_08_22_B_8_230102235759	2022_12_30_pos_BK_Sfery_23_08_22_B_9_230103003402	2022_12_30_pos_BK_Sfery_23_08_22_S_1_230102052256	2022_12_30_pos_BK_Sfery_23_08_22_S_10_230102104704	2022_12_30_pos_BK_Sfery_23_08_22_S_11_230102112253	2022_12_30_pos_BK_Sfery_23_08_22_S_12_230102115852	2022_12_30_pos_BK_Sfery_23_08_22_S_13_230102123442	2022_12_30_pos_BK_Sfery_23_08_22_S_14_230102131027	2022_12_30_pos_BK_Sfery_23_08_22_S_15_230102134615	2022_12_30_pos_BK_Sfery_23_08_22_S_16_230102142204	2022_12_30_pos_BK_Sfery_23_08_22_S_17_230102145755	2022_12_30_pos_BK_Sfery_23_08_22_S_18_230102153356	2022_12_30_pos_BK_Sfery_23_08_22_S_19_230102160945	2022_12_30_pos_BK_Sfery_23_08_22_S_2_230102055859	2022_12_30_pos_BK_Sfery_23_08_22_S_20_230102164549	2022_12_30_pos_BK_Sfery_23_08_22_S_21_230102172152	2022_12_30_pos_BK_Sfery_23_08_22_S_22_230102175755	2022_12_30_pos_BK_Sfery_23_08_22_S_23_230102183359	2022_12_30_pos_BK_Sfery_23_08_22_S_24_230102191002	2022_12_30_pos_BK_Sfery_23_08_22_S_3_230102063503	2022_12_30_pos_BK_Sfery_23_08_22_S_4_230102071102	2022_12_30_pos_BK_Sfery_23_08_22_S_5_230102074705	2022_12_30_pos_BK_Sfery_23_08_22_S_6_230102082309	2022_12_30_pos_BK_Sfery_23_08_22_S_7_230102085912	2022_12_30_pos_BK_Sfery_23_08_22_S_8_230102093513	2022_12_30_pos_BK_Sfery_23_08_22_S_9_230102101113
0	1.34	61.00679	3944748	5449958	5352259	4239412	4305786	6574112	6050123	6785958	6496374	6174945	6192820	3252884	4345157	4653607	6178872	5793236	4637190	4175491	5320468	3742155	4076848	6090705	3503966	3978956	508126	598709	416657	53835	4677204	2797557	2643715	3292757	4548661	3754223	5212836	56448	4485436	3525747	4672520	4804631	2724814	2405495	723512	16042	408327	581615	18698	1965452
1	1.296	62.01859	899532	1061170	1045766	932941	1088376	152300	881459	897200	561821	994431	911093	1093664	983343	928687	1013998	1016950	866870	934137	966502	905027	1082605	843001	983129	1016594	457107	619737	769413	515644	570269	605776	769624	708952	628846	681297	564323	694828	506624	583672	427998	501228	584991	641384	734044	745752	720066	329373	661564	810164
2	1.264	62.0232	893688	935234	1038397	930327	1081204	986699	863818	903835	560369	881332	912232	1096086	981572	906561	1000081	1012537	854482	913072	963145	898695	1085180	745138	999554	545396	457107	616267	774094	641692	572676	602589	780804	711449	624117	679462	569236	685041	508439	331991	438553	501228	577627	644612	743134	749146	730241	784588	656572	103574
3	1.368	65.00886	144881	192305	173537	168982	126539	152247	141854	147025	175111	170560	144358	185563	146997	191215	186091	127863	146939	151217	155140	126541	196013	167113	179555	175377	96110	66420	79750	75412	69522	65031	82360	80654	74106	58328	63080	109053	50674	74613	37164	52449	49763	85464	69017	96553	107163	92628	65585	95316
4	1.316	65.00901	114959	178162	160688	168982	140562	136942	141854	147025	163357	170560	139480	150443	161930	191215	186091	121912	151755	143733	152557	142747	164304	129366	168067	171399	96110	66770	89145	75412	69909	73644	85882	80654	91126	58328	64255	109464	57889	74613	44331	56454	51137	93384	70982	99341	119484	107460	91259	95316
5	1.309	70.01199	392333	461550	524897	315058	378682	632481	611006	834454	576172	662060	737196	288857	354956	601581	667662	595624	438738	394553	493384	385725	364093	606941	244654	325754	23549	53565	31614	8427	775800	305232	305207	369304	670701	407822	703328	18473	858736	457638	695762	771500	411670	260702	50710	0	24328	40870	0	245103
6	1.422	72.08014	4567	18123	4747	6115	12118	18842	91203	13907	10034	296436	47056	18000	87488	45908	19731	6637	6417	5051	2191	9277	201777	2615	12257	8502	140220	165363	91461	67286	203524	373199	213214	1049958	211527	374667	388811	54812	970810	1673712	1720005	1004846	183059	222512	229672	46006	86212	130799	38618	116379
7	1.336	73.02306	213036	235500	212321	244303	293955	223428	216887	228707	255917	271682	237085	267675	252695	209230	272610	184601	206159	192793	243518	178049	202755	213281	200520	249288	130780	96670	112470	95799	76366	114219	148033	125869	151571	125106	96353	149687	103487	120693	61599	85709	124320	105423	133064	129964	110763	127478	170069	192983
8	1.292	73.02624	207644	242090	241429	244303	288769	231077	216887	228707	255917	291231	237085	267675	223932	209230	312280	184601	213562	241825	283991	142118	252767	213281	203134	243372	148177	126133	141013	107084	98467	126677	137735	161255	158305	127290	117487	150464	122151	124644	73146	100880	126306	139778	141802	152431	132019	127478	132874	192983
9	1.273	73.45954	100439	124340	135519	131664	130348	119361	125812	129925	127285	132869	132049	179665	125309	146339	136008	144835	111150	106443	166138	111264	153112	125644	119513	137254	96479	92228	79037	73332	58000	90603	65370	118535	74147	52116	83944	108391	65561	59471	60221	42089	78243	106382	71860	123255	72932	106844	107357	100872
10	1.284	73.46745	115658	171219	207538	176029	141817	159907	160036	140800	147620	138261	154362	192432	158825	191712	166823	160292	154014	160291	194741	150803	194844	128530	161522	153213	94671	98774	145710	89613	77949	96794	117521	83949	74662	88905	101252	90006	83571	87738	55035	44830	84036	125121	84285	128077	123130	114389	113679	122800
11	1.282	73.48044	130484	214670	259786	198953	146185	204767	193006	174588	179880	183645	187251	190097	185204	169550	148425	175551	162150	144908	154192	138613	182723	181450	177414	279725	124163	131508	121206	99322	107892	76593	142384	123198	112326	148228	94654	151854	66215	90681	66598	84629	83222	127299	119385	132668	130390	128452	135979	158269
12	1.268	73.49193	205191	316210	251969	219828	298310	215314	264848	252273	249543	282940	265378	280772	334585	293488	243370	238738	214039	240477	298516	229163	315711	223875	301035	341439	215819	144404	157222	134312	143025	155708	172151	197277	120873	186066	152478	267279	127476	133828	96767	110004	163376	151088	178968	150134	164566	177863	161095	196943
13	1.275	73.50445	316077	375400	583944	313109	532866	373667	258086	395271	423413	586371	353896	313232	342671	473797	487848	369822	313354	445028	452452	352782	527053	430009	395056	481249	334893	368112	288771	281835	225437	222438	334774	221199	276466	288445	254345	293842	232432	158811	147213	198199	234933	246742	206348	349482	254190	414314	349568	350140
14	1.293	73.51302	773156	815214	751577	498604	886952	876534	750514	793256	873681	726369	841126	905458	809658	680744	852529	787452	698970	703027	659591	853538	922264	786773	840439	918030	585075	534146	518113	520067	478708	561898	534294	690087	591994	482787	432358	655576	434577	327069	315453	447434	490804	587052	672464	624223	589323	655394	588574	611734
15	1.262	73.51302	773156	789159	915011	814695	886952	768258	750514	793256	873681	992847	841126	905458	942992	888876	852529	882102	809455	759917	854408	853538	922264	786773	840439	918030	585075	534146	523533	457477	385742	498413	552321	690087	406154	482787	509498	655576	470111	410429	335514	334607	508087	587052	651501	579479	593560	655394	594363	607636
16	1.928	73.53124	2479986	2936361	2639295	2755048	2503231	2162293	1866682	2003404	2854812	2795733	2897950	2948316	3017650	3039852	2973992	2754740	2213416	2155483	2568949	2716812	2551359	2528146	3113266	2813226	339187	126485	355059	209815	147191	186818	204073	245952	278165	149890	270178	409394	243140	262786	167568	158463	208548	358439	233113	443262	277746	376658	594066	280031
17	1.285	73.53131	102994360	116262464	118962552	111892104	112203816	110345320	106715528	106844952	118026512	119411632	115566152	113930008	120944880	114148408	121729720	109131656	102030152	104157624	108474928	109223840	116502528	109746184	113650704	115353712	81565000	68779568	76090608	66320828	64035424	70191408	78183248	80707096	73798456	71992576	67440056	82703112	56798052	59798724	47140564	55860140	63703416	74769200	80879704	79449880	79349776	86329776	76005768	82788216
18	1.296	73.5428	831223	1241321	1050766	1127174	1138448	900020	1186012	1586306	1060148	1630573	881551	1007895	1601968	1709062	1679176	1167664	697563	1442193	1493615	883807	1605858	1347605	1564591	1623833	1177174	901939	1031305	779415	889463	929638	1076409	1137683	1005456	977520	877888	678981	765060	676608	643083	793198	875187	1005623	1059232	1073422	1159002	1116834	1140273	1166608
19	1.261	73.54958	803368	951525	1026783	946686	970504	900020	845879	825642	930267	1007895	869246	1007895	1025671	931358	956988	951239	846690	827619	885276	883807	933474	898432	843458	969955	591361	550199	551809	586327	451290	573330	619776	719617	623255	540109	486820	685192	462203	583341	382977	452397	519298	606412	729484	661200	642052	699762	631161	646022
20	1.276	73.56782	335479	450224	460824	344589	459113	495766	408436	361877	394113	474002	476911	430224	516179	457370	440586	397126	338828	452439	469004	407326	497137	420645	486085	461928	338020	229109	285033	265720	226355	196427	273171	306491	255315	297243	267109	370544	227036	193092	153148	175745	262220	319038	237503	273710	367117	294932	224578	258319
21	1.287	73.57498	331195	411001	403904	305588	367130	347220	337705	326991	362790	423344	354135	365452	399787	426286	317790	314074	312964	351675	331185	345919	358424	304243	302959	375339	251256	213049	248074	221861	229423	207351	228989	264785	241888	243673	204447	271917	154484	190066	118631	170329	220933	252869	229279	235021	261695	244140	238560	303212
22	1.28	73.58783	306729	347201	367292	371212	341762	344949	334311	308249	337902	358681	281998	306794	333492	336512	342863	312068	289846	311921	293274	321710	326205	288541	333149	338388	235534	169181	225350	189024	164191	211240	235069	225771	190983	224523	197887	261694	157733	174606	98023	137061	202680	249976	234686	229339	218515	235739	235155	265262
23	1.292	73.59536	250803	318062	343138	343610	331152	350757	313778	332614	370892	373533	334767	364834	369550	345615	357172	359431	316888	325942	335702	323326	378780	277852	331402	290461	251849	195575	271814	189699	197124	212724	255299	223881	186268	192465	215799	273512	169768	180516	117703	150481	194834	216677	244744	283546	249998	240376	217509	244887
24	1.274	73.61372	205429	231015	197614	249715	207510	194379	223473	201530	234539	224897	165462	193871	270012	240193	253655	224073	205291	215126	189591	195054	187161	222024	223897	194440	171426	122634	159938	107124	106768	117260	144286	180051	124973	116875	134060	237750	87958	97738	67934	99367	140142	167138	188378	176472	175070	179195	160387	121976
25	1.266	73.6227	107067	155549	116365	74322	144677	156833	153202	88376	124339	130740	124432	138653	160538	89702	80343	118907	134247	93286	79404	126756	111658	158848	93445	65831	150798	64418	80952	74804	69186	69092	123467	121272	57317	71605	82403	122278	59372	55247	54698	47782	66055	73461	130321	60382	90436	103389	78906	68523
26	1.285	74.03192	16208506	20142398	20354830	19234728	19199428	19187278	18178520	18108854	20057392	19822604	19827614	19378052	20816808	19509616	19795172	18506564	17401338	17681680	18529636	18265862	19375716	18556176	19098700	19500716	14202427	11538509	13219532	11530862	10746113	11973473	13257706	13758449	12373989	12008970	11357447	14119791	9521181	9769658	7929530	9314564	10636872	12777153	13973946	13529270	13806778	14823601	13089184	14197713
27	1.651	74.05946	213551	412513	574534	516412	589644	603832	649464	608479	437528	548060	618039	420838	627016	663716	564355	601170	756774	516417	468777	476503	454885	460155	491442	522324	245280	309258	322336	315755	385662	365408	320451	339759	369839	343786	337029	303977	339952	367541	347529	312453	352087	326326	247073	335906	305992	265113	320155	325517
28	1.703	74.05947	251228	447294	607499	538279	589644	603832	649464	608479	437528	548060	618039	434256	627016	663716	582926	601170	756774	516417	479135	491743	471732	476543	491442	522324	226524	309258	322336	315755	385662	321227	291276	339759	331859	262334	286172	242696	315691	326938	345325	289029	323912	326326	241014	335906	277377	265113	320155	325517
29	1.817	81.06904	5526	3813	1804	1416	1505	2787	4038	1893	4795	4719	1692	3365	3294	3482	1767	3879	3912	4687	1729	2982	1214	1580	3961	1181	146346	278741	165298	177593	127005	270765	382905	179164	218522	257647	218139	236225	87906	134610	112736	358149	275258	169936	365165	86838	208891	363658	236834	266080
30	17.219	81.06918	4352	2250	671	1088	2319	2314	1444	1552	3439	3846	3441	3280	1634	3683	2048	1128	3334	2270	3633	1494	2590	1495	1486	1967	1781793	923270	1382732	974508	1635017	1352507	696703	911609	1353416	685640	826618	476699	1782343	768250	1048896	1736736	937607	1177216	687987	817752	3107403	810687	289555	1076570
31	1.337	81.52004	16038069	22148314	21513762	17710842	17019984	26034490	24417946	27398282	27247758	25433678	25290762	642673	18289054	19093560	25338650	23384168	19092820	16833316	21575638	15734623	709743	25309856	15252607	17253862	2202476	2740830	2065126	509876	17821544	11566866	10662940	13253287	18191214	14027860	19234616	540490	17000542	13816425	17450464	18131364	13439650	9550290	3046080	151916	2045970	2664924	136054	8463564
32	1.281	82.01318	1373959	1292846	1472564	1379748	1249934	1329527	1202844	1107629	1306670	1281581	1235934	1377825	1344960	1297686	1328278	1339814	1145522	1269919	1301164	1314230	1394328	1305737	1374956	1355188	1264581	1117932	1110749	1118244	812404	1035888	1177442	1096443	1033462	833748	872139	1394566	689207	794218	594600	721558	866240	1135293	1321334	1322642	1161751	1354096	1199459	1239945
33	1.266	82.53639	26625750	25565194	26617012	24741170	27599492	23415864	22936104	26340194	19004780	22686312	23222236	25736406	25283098	23124412	27728754	23214390	24674866	22117944	23865776	28521002	24855118	24720678	26495328	25404382	16812820	17774572	19424862	18188008	15116182	17092628	18833144	19446002	18210806	17083994	15985197	19519970	13551058	13975834	11188846	13513477	15563167	17826394	20199412	20563088	20002810	21409296	19673914	20108406
34	1.317	82.53648	26628596	29919816	30395776	28106740	27611520	27504812	25734704	26340194	22780206	26576448	27315484	29282022	29721096	28206246	30856018	26319306	24674866	25252238	27127042	28533438	29220974	28451856	30538552	29375554	16817426	17764658	19430308	18192718	15119713	17094868	18818084	19440710	18228696	15346510	15980036	19519970	13496452	13961666	9172122	11129823	15564791	17827380	19999498	20563088	20007650	20413334	19659464	20110382
35	1.31	82.5444	242376	388830	403902	396678	217699	459952	197788	408451	288574	162545	318935	647566	424129	232039	465480	504911	113369	341717	107670	452097	151585	443327	396498	240759	262304	322700	277364	319120	275281	272585	350756	316920	317521	276312	274067	224537	161163	172958	139082	139441	241478	197352	334354	232074	442935	318305	425081	362387
36	17.254	83.05958	130386	204959	189079	225882	225873	146484	292164	173119	192199	248816	136518	164282	213694	197931	288016	280969	263850	220150	226072	196006	177724	261723	145297	221042	68882	48114	70096	45305	66820	49975	48345	96864	43409	51834	50374	75659	53202	42207	34039	48755	48206	38674	64071	59356	83272	50811	41044	43690
37	1.323	83.51624	125034	175543	200695	179051	189521	293694	231783	382251	295530	197210	312923	146515	145598	210811	329939	283783	214294	107376	248191	125281	156392	307826	157962	131216	0	17514	22324	0	319115	83897	87920	148256	170318	146576	287461	5664	339216	183607	321201	358703	141431	74399	12297	0	14590	15235	0	60531
38	1.271	84.01044	77294	71069	68997	59090	67244	59060	61060	53013	65647	100071	69502	68248	73958	71801	38185	52688	48333	51128	58814	66746	60182	46752	75760	80079	71853	54022	59837	61995	49165	68610	49106	63999	50679	36894	44075	65408	42692	48349	25994	47767	32764	44794	74764	66909	69459	55757	54156	57300
39	1.547	84.04366	45108	11453	22467	42445	36030	40322	26393	26830	16272	28949	46449	10178	30422	43305	24613	62499	25682	39822	22965	22667	18944	24825	45632	20679	301811	439904	353113	402405	255706	352594	297380	278700	413922	237363	412725	217720	382477	417799	526867	426291	274778	491749	359806	538560	254119	322147	462278	353859
40	1.629	85.02766	116641	51527	90361	86173	88989	99031	111632	105789	98069	84158	86219	107700	104216	103403	80907	75936	131478	89473	74304	96044	99281	85247	83489	98450	269162	204889	200740	179484	217501	223533	237321	278043	225807	240084	257994	200584	301009	288977	264072	225418	240517	211869	190395	206353	180689	173955	177996	204138
41	12.774	85.02766	91858	82827	65997	69952	75997	46776	87794	110964	61280	97237	53894	73752	92282	79394	104337	80317	114012	42795	89752	63504	65883	125575	88637	91469	5328	5604	6000	4051	7675	5089	3918	6465	6992	3373	6438	4783	9076	5319	5088	6077	3463	5251	6029	6939	4492	5092	6745	8715
42	1.835	85.06399	35827	19474	36468	27838	20806	17935	17674	23352	12209	8958	21084	30922	16940	23905	13117	19537	31164	27743	27768	23061	21484	18425	20966	18533	131697	114391	137376	130944	97625	95269	108942	101428	104454	145008	105583	89544	90329	105802	88630	114012	100726	70360	125991	112586	168855	146103	104570	117654
43	12.988	85.06401	8057	11231	7407	11924	10993	8496	9045	10936	10906	8656	12141	11413	6144	8998	7948	7829	6140	7312	10787	10047	14809	14367	9186	12104	64206	132583	100162	124150	125246	85247	111873	88666	101804	78294	100373	98944	96201	111924	117036	135253	90483	114899	159367	104584	138802	108754	81279	111542
44	1.782	86.09576	39660	87439	70598	101340	81984	81870	56306	144615	109813	108970	220791	140538	85432	214634	95628	56886	45044	105980	83336	206794	204218	67315	167217	70869	29504	44678	35744	40749	39152	54727	46519	98088	65848	52317	56673	35301	94049	59061	128840	98868	63634	33989	40012	53652	33698	38312	46205	42204
45	1.288	89.00758	1341344	674780	488369	280612	331901	1441671	1387770	1578040	2017793	1222614	2150290	135881	2700582	2240547	2196626	1870784	458972	552922	1084769	947329	962416	2084707	774325	596446	1311319	1714257	1131957	671861	1365007	1597803	2142112	2519849	1836411	2046760	2460740	437897	2834514	3614116	3251273	3364726	1667701	1184747	1160056	988266	1721024	2163540	1159310	1492539
46	1.339	89.00763	1635746	783374	488369	332689	331901	1441671	1387770	1578040	2256946	1351612	2150290	162289	2700582	2240547	2196626	1870784	458972	552922	1084769	947329	962416	2084707	899985	653179	1267812	1346392	858757	481204	1073306	1301604	2138048	2519849	1836411	1628065	2460740	437897	2115756	2788172	3248467	2453110	1571918	938011	932099	988266	1721024	2163540	1159310	1487322
47	1.754	89.05897	2977	1890	7852	8538	3110	6113	4028	5704	4005	2122	2416	5115	5462	6033	3443	3291	8140	7530	4154	3750	6326	4903	8067	4136	181681	76667	91045	117635	83741	69067	94531	78750	68255	111492	100485	135340	61730	71013	88728	89885	74964	86668	75917	97239	93948	92310	81920	103461
48	1.431	89.10663	1696	9102	0	2138	19291	35554	46522	3554	6251	143178	34119	5012	28365	11032	13696	4845	0	4702	5448	9190	131557	0	20704	2246	59228	66087	37014	26131	122104	255451	121104	765643	112430	240926	235289	37367	657892	1238689	1169893	615381	90552	128569	130960	15661	44642	82002	17039	52527
49	1.528	90.05421	295032	129205	269440	492829	302410	232409	87030	189038	167672	131343	607900	131426	60458	436752	125088	673927	63736	389881	318995	793784	252650	159819	355251	160001	383061	283303	344558	162852	203898	316411	333642	289261	521915	308093	461887	265810	391427	423607	342165	350931	335340	553856	351890	377429	142030	266591	496409	326661
50	1.607	90.05436	328431	172599	341026	566844	380774	283024	87030	252962	221407	193776	763342	167395	98039	583346	175280	823365	84901	482342	378004	793784	301020	221422	469749	214292	383061	222145	315217	154672	175602	284116	237281	230548	362685	266687	394147	263904	328569	340433	286048	287292	246166	480484	270973	379213	102201	202765	431820	299977
51	1.33	90.52509	1627468	1965818	1779056	1673162	1454100	2373179	2257320	2519542	1441501	1638489	1905405	1265556	1276031	1387097	1982926	1862480	1507877	1376284	1843624	1428931	1442347	2334122	1204492	1193298	65069	114589	76082	31186	1999789	889675	803427	1103155	1499914	1048451	1724224	30672	2116557	1176588	1725340	1822863	1096829	691563	115188	8999	68535	153033	3390	496437
52	1.458	90.5252	2241956	3427974	2516527	2457474	2087022	3070142	2728500	2968961	2311001	2828926	2522433	2171618	2072388	2121970	3046344	2697138	1929121	1968246	2764061	2007298	2311987	3028549	2104774	2277385	30058	30736	19460	9699	290530	155924	243448	273220	424006	215469	333875	13100	347891	318384	562177	315585	397758	129436	32665	5919	27551	76697	3372	159489
53	1.343	91.01704	579555	697374	606038	397033	406968	765754	668057	589420	699933	666601	717543	340494	445484	434678	669718	614199	535078	441087	620533	431680	483442	723282	394182	469152	162191	136216	126489	108351	544490	281038	257646	356253	557658	483166	661554	161659	742558	356774	591330	627159	392426	354343	143359	141948	142241	153922	137962	257057
54	1.301	91.01715	579555	697374	606038	397033	406968	765754	668057	589420	632353	575575	641818	340494	445484	402026	587753	614199	535078	441087	614422	435482	483442	723282	394182	424080	266731	194072	209938	161996	669025	358884	257646	356253	557658	483166	661554	221664	742558	431919	656078	866712	528901	354343	188275	212658	205025	200090	189724	299821
55	13.453	91.05346	133977	249397	71349	143584	80694	30320	117694	96406	37394	148415	93064	85422	38526	112156	104752	20894	91119	51882	271066	138967	121225	52013	58886	317790	7973	7136	8179	6811	1090	1116	2282	2549	989	3322	2075	3200	1881	1587	1407	2294	2249	1196	14547	54131	4674	10961	5964	3342
56	1.277	94.01799	87524	58904	87494	115338	120377	105732	80807	68914	60958	106087	98927	76498	114026	99817	77038	82678	39437	37062	79838	89104	80276	69955	79405	93719	44427	28525	51525	58850	40508	69223	59252	67290	35811	48376	25546	66633	24874	32883	27531	36189	41696	51512	57960	63818	69439	70545	51582	48344
57	1.275	94.02612	165415	179192	210536	150141	124870	170346	103835	162204	106788	270638	142905	190057	164644	195641	215360	224564	222606	119705	171527	118172	142430	151863	193339	154603	97631	88657	198637	115015	99415	122709	263485	95330	119140	83452	102882	131658	43363	107810	36538	64430	92599	89583	117760	97434	112609	119851	149876	161505
58	1.29	94.04444	35444996	42142620	44015544	41363444	40857280	40458296	39270284	39429424	40391544	43835676	42429540	41684688	45302320	42498348	45722080	41228808	38306820	37820148	39844152	39236412	43291212	39559256	41651684	42663096	25458806	23189088	26154244	22844616	21070130	23742442	26953072	27751030	24419670	24721264	22476534	27987224	18590534	20110282	15677890	18505076	21610516	24969892	27771834	27081794	28163736	30630692	26649382	28652210
59	1.275	94.0562	154949	343253	330012	395063	310064	291332	274251	342518	396552	322510	425931	488626	372791	223161	526964	311190	229199	172620	281453	415114	461668	268678	207158	262116	118769	113939	256301	242965	173709	215056	73754	274894	196092	169912	233053	217631	171758	76925	163220	78782	157255	257838	104455	163684	114685	287873	197872	299010
60	1.271	94.06759	85343	123598	112285	104578	126806	114956	89546	99747	100410	119366	100048	100976	175178	84183	128662	162005	107220	93787	78862	136445	145670	61831	97799	88770	60893	61251	63419	53626	54265	58541	64318	80054	58758	50680	46993	77311	42289	59651	24930	17428	65932	74722	74712	73444	74635	83669	56158	60765
61	18.757	95.08471	3153	2746	2303	2939	3054	2340	2546	2916	2710	2537	2742	2993	2280	1621	3318	2783	2751	2463	2923	3613	1615	2942	3696	3216	261792	116969	152700	132196	153316	142668	113082	111496	189202	142410	184944	95247	188342	97382	145142	193245	190857	173582	91872	163342	191318	78858	96766	104089
62	1.561	96.07989	2375	0	0	0	0	0	0	0	0	663	0	0	3535	0	0	0	0	0	584	0	0	1557	0	0	220259	384919	373550	289950	315703	305747	425519	219037	273017	246767	156598	256156	179408	172277	211394	330940	258866	286117	447062	261704	505739	466563	307548	345838
63	2.035	96.0799	449	0	1223	0	839	0	1733	0	0	0	940	1322	518	0	0	0	0	1133	209	174	0	648	297	0	503524	633249	444698	627994	665592	573614	671293	523281	520855	464399	385285	479963	474185	269636	512693	642799	410724	406241	894012	645183	999607	597747	220104	643274
64	1.634	97.02757	16973	20168	27340	25762	23092	36246	21984	30569	32408	29777	20602	24966	22411	21087	20235	21095	32658	24119	26099	23376	26705	18534	27247	20841	100811	82086	77887	63529	75194	79159	66576	89084	75197	87082	87306	68938	102581	95373	80607	72620	70347	74940	58039	70988	58598	49939	53781	73054
65	1.83	98.0956	5254	1971	1728	2024	2080	3476	214	0	1811	0	0	4047	1901	480	1538	0	790	5912	2750	2132	1994	2344	322	1675	1474699	2332326	1428500	1796447	1342363	2537301	3414586	1733934	1978939	2253764	2368624	2468518	940406	1380494	1129278	3369270	2434590	1549145	3317874	952713	2014322	3430500	2066056	2090421
66	1.514	98.0957	0	0	0	0	0	0	0	0	0	0	0	0	0	0	0	346	0	0	3279	1986	0	0	0	0	563520	1182538	756567	906481	1037894	1132705	1607574	872227	946039	1097940	1327192	1282428	541617	676458	523457	1569298	1720778	737132	1630124	509616	1114063	1909396	865480	986036
67	1.328	98.97461	86626	87034	110384	58117	106524	107398	119065	134696	117315	145390	108642	42239	50461	68853	97780	69524	57140	65701	111491	76144	42240	140178	62737	74023	2404	7050	5626	0	231756	69462	49159	81420	138319	83179	158895	0	231031	116452	199052	242326	89224	53316	13259	0	7635	6969	0	37741
68	1.64	98.98348	3020	3671	12659	23239	10418	21045	34317	19875	12478	19034	5271	12555	17195	3920	3358	12461	262772	11724	13427	4378	1467	17410	430	10340	5094140	5684941	6574446	6775590	4888352	4725078	3049537	3237871	3751791	4888711	3091788	5584306	1854464	1072901	1211714	1669138	5432980	4170800	4871882	4590354	6893148	7687729	4400143	5293374
69	1.584	100.11127	98811	74619	103348	113917	117282	115840	162868	116176	104400	104505	107847	116715	112581	113942	101177	120778	155448	118814	120014	108258	98026	118682	84860	102768	605993	1346223	1440983	1581876	1653956	2465728	2061341	1619900	1429023	910343	2060022	1578368	456771	604326	613938	1324378	1220816	917946	1854678	551019	1378992	2937928	4890570	2879941
70	1.922	100.11133	470934	417085	489646	469413	431549	499078	465438	460974	447293	456345	506022	498997	460852	478692	463056	490437	502736	434928	470456	449696	434434	432745	418718	465903	204081	260834	289903	291100	310564	304732	281059	299581	288595	253807	324449	253794	268705	249375	253922	231179	246802	234857	215824	238632	168308	283219	562574	359207
71	1.274	101.00761	119317	67171	63997	70415	68222	62090	66297	76894	81041	84772	55433	87900	60569	64669	60490	62474	55388	66314	53180	70172	64820	84107	103625	64690	121962	120313	100612	109122	59469	100726	63850	76402	105248	52146	55916	136220	66222	63395	38202	75306	92524	93787	139794	133315	70710	65209	82084	110531
72	1.596	101.05872	10907	5497	16847	20695	6662	14560	9830	19977	6591	5446	3557	9964	5231	8345	5189	10784	17219	16524	4710	12824	11902	4929	9785	12284	231029	173241	200465	136624	119599	112442	167449	132121	133957	163202	148462	234270	101178	111212	75427	123758	100199	192299	194480	140161	235238	189134	135248	172320
73	1.37	102.03315	4794092	7155681	6745638	5818107	5281316	8551118	7764650	8978213	8081252	8124628	8396088	4724466	5756145	6055035	8364233	7756890	6373142	5432563	6926296	5007713	5863052	8171477	4874512	5230448	391822	374169	352308	56681	5396798	2824638	2723684	2563356	3279379	3419614	5245734	54952	5062011	3493618	4169830	5666045	3090692	2222665	704412	17401	410159	549107	19833	1450654
74	1.319	102.03321	4294564	6818958	6747160	5676801	5281316	8548408	7764650	8978213	7870902	8124628	8396088	4558632	5756145	6053070	8364233	7756890	6373142	5432563	6901513	5007713	5642826	8171477	4874512	5230448	391822	641804	394597	61918	6682168	3335789	3173970	3871277	5179950	4115743	6121694	56625	6402937	4165010	5957345	7219105	3970054	2668799	804804	17401	444151	549107	19833	2351914
75	1.555	102.05414	80625	57113	78038	125831	171469	141975	154507	118457	131051	112816	137615	58254	127520	146317	122417	193931	183699	139495	79472	84787	90496	73572	119690	110709	310440	388376	340436	360628	308065	285523	334810	319460	416962	278761	381102	257654	343449	344209	392172	353784	295190	441681	317645	453552	303296	274850	451918	360269
76	5.049	103.05347	5712	11569	8902	11388	12837	13121	13570	13046	12989	12474	11997	10948	12564	11747	15567	14509	18021	11312	10609	9015	8980	11013	8533	10810	330032	225775	243371	334016	238002	305722	219109	270925	290215	223535	156535	124213	190848	103171	150537	200613	212969	250977	212658	356969	295347	289832	282547	300403
77	1.272	103.54142	196525	243868	222859	249742	225547	246971	223977	223000	194034	269003	198237	196512	338747	197669	363052	329641	199553	215159	174907	165004	241904	260297	241717	203645	113473	142868	163096	138217	90221	139593	158272	162178	100044	188790	115854	136478	127179	107003	77538	75846	109273	112896	150167	231803	108330	145169	139244	116784
78	1.439	104.06985	26044	105309	107026	259664	78494	181423	45617	130742	156924	147552	464315	60134	127611	162761	95123	136364	57511	144129	89116	412435	112840	60264	168906	40936	32933	58294	75992	111774	80003	31764	70611	31228	48075	33884	90864	139728	74511	144632	72500	80772	79505	35326	177857	222671	21851	230817	213527	25436
79	1.532	104.06997	63810	162684	165194	388010	132422	256147	56754	196743	281317	276246	711486	76317	213752	270863	153996	211677	79332	209223	154052	576990	166984	83866	313447	74447	30063	40635	51532	78272	48043	22960	42054	20326	35174	24363	46872	99178	35904	81060	47758	58781	59294	26619	91272	222671	15433	135358	180510	21315
80	1.426	104.10612	1584500	1635094	1055123	1595998	2538334	2053039	2054179	1632060	1099015	1961136	4674010	1787125	3670190	3507637	2728281	2086866	760888	2199394	1675032	2521914	2904698	814571	4412720	2151813	4371998	5262251	5338438	4318480	4660614	4500656	4099243	4353295	3287764	4169792	3343736	4621975	2906161	3831822	3740647	3235248	3567275	3848531	3992214	4541181	3864211	3485525	4072365	4139200
81	1.487	104.10639	2084369	2747225	1574098	2146196	2760282	2918772	2644910	2387044	1255159	2328764	5291478	2528162	4148520	3907579	3140190	3046818	1008001	3038738	2513394	3397381	4175399	1278513	4970815	2480460	4371998	3517596	4663764	2927272	4002240	2731026	2440118	2904022	2152644	3569257	1965885	3499133	2277744	3831822	2865885	2443287	2686898	3848531	3332155	3549909	2270135	2195061	3174050	3690688
82	2.744	105.06911	177421	136116	237365	548461	169722	11910	389237	16521	651450	613714	23975	521950	15441	163979	145298	44091	1362379	188323	483950	365654	57370	375495	24042	182962	0	1597	348	837	0	1275	845	415	324	1126	346	832	1488	193	0	0	1287	1259	557	484	837	1538	162	1809
83	1.881	105.09007	14374	14925	55960	42047	70486	27078	13288	40486	14817	17880	35640	34367	23038	53814	22557	25844	26198	42987	40280	23952	40445	17397	36800	23023	63790	33616	89068	41887	47734	33629	38228	54100	42032	83552	65179	61390	61522	55425	47666	49841	52459	103682	58041	44870	62136	96213	68932	47023
84	1.538	106.04897	96287	62811	61512	93251	51834	70315	74854	80971	43127	58744	124712	110447	72506	105270	75657	170741	54504	148655	112286	97025	115615	114713	149848	66262	79466	42213	69121	160878	57373	102436	95539	154366	142926	107774	192660	88384	157922	192871	214498	164396	136294	177288	222710	215831	38445	100274	156707	76556
85	1.611	106.0491	108067	85273	83367	130044	73463	88296	74854	100735	70875	95827	163096	126756	98069	153257	92876	170741	66285	205879	143576	107817	148408	138691	189727	95318	70285	31476	64884	131723	43290	72405	60796	97509	99015	87277	152656	65227	131587	154376	186258	149863	102384	161733	171332	181064	26469	69554	156707	71696
86	1.861	107.04822	3303	2817	1925	2675	2340	4573	1854	923	1237	3829	0	2829	1799	1361	1007	2152	799	1516	811	1151	2903	1544	2725	2327	171628	148566	124788	232073	175446	65434	84223	96368	110106	129665	92193	70839	87001	119881	84702	67808	55161	145074	92990	89926	74706	62183	111917	101087
87	1.529	107.5041	170102	377944	218557	206468	198068	281512	208215	168450	340800	326577	282736	160148	231589	228637	308842	155274	60777	68639	125123	140889	201875	178654	182786	171978	0	0	0	0	0	0	2149	0	0	0	0	0	0	0	0	0	0	0	260	0	0	0	0	0
88	14.775	109.06389	5203	5546	2566	2481	3449	2009	1920	892	2283	2052	3755	4253	2338	4177	3767	4218	2896	2309	4341	4431	4530	4959	2408	3953	193529	219620	418268	413384	455894	215996	154171	178223	356990	306450	228800	70020	165084	394315	333820	272463	369794	238873	157492	204162	731160	366026	123953	272949
89	9.234	109.10032	32871	39992	24907	28272	14800	12180	7572	11923	9245	13826	20840	52919	11952	23420	13569	20904	12495	40189	20476	40735	27904	52912	37116	36322	104098	172558	212270	196040	122185	79901	89431	72998	93817	191872	107459	134240	86233	147555	101281	149747	168677	45796	229683	195195	112117	63781	33893	188931
90	1.29	109.52066	85633	18376	7387	33213	17135	76347	99317	115126	120134	76002	107558	18403	188663	160750	134973	140289	13966	41996	51931	69532	37988	153018	19593	46775	71530	134320	94884	27941	84446	99625	178025	180100	140243	154655	164488	37360	205680	443534	380281	371414	118341	71801	98184	62003	127422	103031	54271	69006
91	1.996	110.09555	0	0	0	0	0	0	0	191	0	0	0	0	0	0	0	0	511	0	0	0	0	0	0	0	77796	97028	60319	92858	112011	82314	99800	74616	72562	68538	51911	61091	75587	28404	77247	105473	54581	48939	157774	115947	177578	83176	18449	109759
92	1.314	111.5302	51606	100908	94854	88001	70864	141571	105832	130825	103993	83983	122453	54750	63980	71615	114443	97223	75658	82656	93013	28966	50450	109393	69270	75108	2908	11205	0	2988	144954	44585	55665	75591	76069	80725	97538	3145	185129	85161	139066	179449	64997	36707	9659	0	0	8854	0	30072
93	2.114	112.1113	3449	0	770	245	1487	0	1595	399	0	0	1369	2264	920	0	0	0	0	1397	1681	0	1444	891	708	0	2464118	3201874	2493504	3259698	3456112	3064593	3619774	2785619	2757218	2453256	2040630	2497593	2593971	1605020	2850624	3374509	2296594	2047233	4585520	3551594	4786910	3225342	1240616	3470018
94	1.691	112.99908	13020	32716	119066	51561	43546	106113	113253	220108	118522	171840	34457	51151	83497	77083	47177	78353	186791	44950	44360	54736	21078	87757	25865	150900	63847	125646	47949	46653	50752	66620	85826	144244	39582	49358	38558	66089	54806	47321	44244	81117	49087	46134	62414	30914	70403	67302	84837	77911
95	2.164	115.07453	6931	7324	5001	5876	8124	6311	7296	10926	5094	8596	11316	7505	6511	6500	7178	10069	4848	4372	6206	7729	5505	6554	6064	6138	160158	80997	115848	153177	89647	101167	54709	103856	60017	99594	96991	147825	71049	153073	105652	111060	42750	293807	60234	28930	27586	25666	128444	115926
96	1.435	116.10607	0	0	0	0	0	0	0	0	0	0	0	0	0	1712	0	0	0	0	0	0	0	0	0	0	38134	142328	172777	165841	132778	189226	270169	127816	176353	88178	135704	132633	24574	148978	79927	285817	113494	115671	263642	35016	227165	345209	387918	199610
97	1.567	118.08529	116035	176140	145021	225568	273281	186400	160085	280865	154895	302369	316266	332009	227201	494200	391838	224430	172513	186256	166519	285171	308267	159528	141272	214458	82971	102006	89698	88764	85421	86018	80934	181956	120599	87560	151804	87104	218663	191679	207394	171242	136660	118709	104073	100349	98429	69818	100275	111515
98	1.619	118.08557	143366	201174	160867	225568	273281	186400	161371	280865	177616	302369	410467	346688	227201	494200	391838	224430	178190	186256	176762	320957	346356	175545	192722	214458	80927	102006	89698	88764	76673	86018	80934	149614	120599	74810	125896	87104	178146	191679	204877	171242	128895	100668	100191	100349	73090	63635	100275	111515
99	18.755	119.08465	953	55	1103	758	62	801	84	723	616	1020	0	1284	350	558	862	515	78	967	1325	1092	1008	1140	852	1587	446702	187847	275437	222685	270279	244702	193253	208220	337580	258150	335944	171562	341301	185063	253982	345011	328438	308829	154877	260481	334773	125759	161858	173260
100	1.505	120.0285	229881	517016	294966	363467	288508	315613	194075	181241	307704	329042	297097	358633	313465	318129	468945	120366	119366	106310	177458	202418	403966	169505	350493	326481	0	0	0	0	0	0	0	1389	0	0	0	0	0	0	0	0	0	0	0	0	0	0	352	0
101	1.55	120.06452	30521	25692	17359	45362	39530	62763	58648	48915	74077	61769	86627	26998	73891	108908	55088	60124	48059	48127	41983	67892	58713	18817	71995	33379	109932	163013	143968	115447	77669	106211	88079	119431	157244	87234	144960	81935	158243	127806	111572	124154	110078	103103	103707	158004	98353	129254	120148	136806
102	1.609	120.06477	32756	32991	26224	67981	53935	87067	58648	53557	81867	69697	103711	43266	78777	120323	58320	70460	48059	80855	49240	83533	86725	31205	80240	39152	95011	134863	135206	115447	66108	101033	64268	81627	112562	78091	123788	68414	128756	114766	111572	104676	85546	90709	82921	158004	63655	99537	120148	125327
103	2.003	120.07996	200162	74466	59581	103152	64983	85383	74083	77146	96742	116366	185097	117581	93253	263077	130685	54842	46876	182122	94128	152132	181029	62632	146514	69688	247528	452553	316287	473904	263983	309437	290057	442667	391869	238000	448937	205268	545340	327397	422614	469326	428941	397837	342560	370136	101712	409447	650914	289479
104	1.774	121.06407	3249648	3325918	1160096	840067	2036390	735202	3459280	2521188	1969302	2586865	1246106	2289586	2013546	2339391	3329198	2293831	3428443	1488176	912618	3324882	2475492	1893654	967945	3319663	2163	5911	7249	3142	4065	2314	1747	1744	5050	1876	3974	544	3739	4415	0	1596	3007	4532	984	5518	4174	0	4635	4510
105	20.771	121.1003	1046	867	456	448	320	878	672	27	598	254	47	818	848	830	49	822	924	960	800	1010	667	1085	1034	1085	331318	387323	226991	192351	272698	220005	183841	247235	238395	264544	182551	138366	133989	144057	234221	224668	217672	157366	187735	187479	268837	146016	179062	309418
106	18.746	121.10034	1679	1365	877	1526	1583	1395	1858	1862	1468	1312	1835	1429	1048	923	1644	731	1306	1503	1795	1625	1162	1784	1443	1676	195179	71562	110806	101035	117177	98973	78703	107958	133752	97852	135735	76723	146172	82097	107814	134013	124454	131515	64096	110681	142097	54193	61979	73129
107	1.417	122.53622	1054666	1260440	1820314	1229374	1741316	1318055	1807068	1135600	2125648	1484438	1324341	1336985	1346052	1320245	1127968	915098	2614106	924478	1046653	1368525	1153482	1248698	1568108	1301880	515656	230841	252966	86623	344807	386052	311311	791651	525847	334953	558974	284190	445792	507742	386062	222045	416110	361876	169605	150560	313633	139014	114175	481663
108	1.376	122.53633	1054666	996113	1820314	1218908	1741316	1318055	1807068	1127089	1740445	1484438	1324341	1336985	1083869	1320245	874664	698716	2604352	924478	1046653	1368525	1152056	1248698	1332990	1301880	555872	232115	263920	116179	344807	505777	314468	794460	525847	445752	558974	284190	659686	531450	424441	330172	454966	380366	169605	150560	313633	140922	114175	481663
109	1.263	123.03971	3493416	3219214	3771760	3467102	3427576	3381889	3161402	3234388	3363895	3539244	3380376	3621634	3481803	3398919	3613426	3299989	3105998	3300224	3418538	3642884	3541664	3496664	3704357	3841110	2908748	2474764	2587638	2585070	2102794	2414494	2643257	2550061	2491071	2241831	2288115	2985804	1834658	1903816	1495485	1866128	2138523	2678510	2973522	2874313	2897126	3120718	2844854	3051864
110	1.292	123.03973	3493416	3575757	3771760	3467102	3427576	3381889	3161402	3234388	3363895	3539244	3380376	3621634	3481803	3398919	3613426	3299989	3105998	3300224	3418538	3642884	3541664	3496664	3704357	3841110	2908748	2474764	2587638	2586248	2102794	2414494	2643257	2550061	2491071	2241831	2288115	2985804	1831854	1903816	1391393	1844278	2125630	2678510	2973522	2874313	2897126	3120718	2844854	3051864
111	3.607	123.04315	152302	248539	202045	208114	193662	212192	373728	182376	153464	174872	146947	223112	192394	309631	166653	310613	147066	216641	241055	167647	93047	263004	283640	148514	185530	167374	157446	165205	262005	251291	255293	268914	228242	200256	184723	184974	330569	287185	239961	233731	185847	147708	240877	182426	206553	190923	214722	258073
112	5.617	123.0432	393329	375726	361069	349908	391682	461844	321891	316956	362266	306529	454924	254686	371752	321575	359854	373050	261280	365643	351039	253750	345458	339300	236412	276455	14163	17260	12444	13521	22882	14007	17674	16021	13702	20567	17754	16504	22092	29179	25156	22022	13717	17372	18544	14536	17447	14907	17930	13306
113	18.766	123.11589	2383	1751	1435	813	1771	1282	698	893	1138	1175	1429	1934	865	1065	818	284	512	1247	1796	1224	740	1975	2322	1489	191120	76190	116439	85542	105581	86204	81742	83411	132863	99828	132950	63878	146287	65836	104870	143256	126896	124181	72307	121670	144587	58108	56449	75885
114	1.309	124.01624	167068	111393	244571	192349	215209	235448	106961	222139	187072	91932	268896	208577	205856	160723	183824	229004	197148	186960	140679	75717	279163	270989	265015	273436	190561	139317	152167	147257	131159	203910	153932	121781	188482	153202	184945	102680	136643	130670	103432	126404	169162	150335	253662	120012	180267	227245	212843	225206
115	1.288	124.02371	10321105	9572313	9841669	9091435	8955672	9132264	8574659	8365706	9479892	9296526	9096113	9589954	9141740	9058824	9192620	8617554	7884229	8960361	8994873	9228869	9699378	8968655	9435687	9555240	9482495	7565076	7891091	7448816	6199313	7384544	7809318	7841129	7636830	6893238	6617216	9140928	5795798	5731372	4463792	5260439	6289882	7976504	8992816	9075161	7935557	8903982	7740095	8524862
116	1.261	124.02371	10321105	9557502	9841669	9091435	8950230	9125678	8580354	8368598	9479892	9296526	9096113	9589954	9141740	9065266	9192620	8620376	7884229	8960361	8994873	9230291	9710268	8973159	9436687	9568970	9482495	7565076	7891091	7448816	6192169	7384544	7809318	7841129	7636830	6897544	6617216	9140928	5750920	5719560	4463792	5357916	6331436	7976504	8992816	9075161	7935557	8903982	7740095	8524862
117	1.301	125.03681	165909	282717	230573	227045	217421	233856	213561	190154	229195	179948	166192	201498	189382	250942	190432	234057	163570	153038	240785	236377	199702	215363	254352	189852	178148	157364	132711	155148	116111	116295	127297	144762	128415	145383	106785	157387	79690	99909	69530	97545	118763	166260	165946	165581	170902	157323	130547	130916
118	1.27	125.03857	165909	236673	230573	227045	217421	192655	213561	190154	229195	179948	166192	201498	189382	250942	185747	234057	163570	153038	240785	236377	199702	182787	254352	172427	178148	157364	132711	155148	116111	116295	127297	144762	128415	145383	106785	157387	79690	99909	72569	97545	118763	166260	165946	165581	170902	157323	130547	130916
119	1.271	126.02113	654342	506654	478574	564704	427748	475996	493138	443443	465220	490267	384406	542396	504542	538838	414470	455815	416332	439729	502737	546918	447679	476339	517679	421595	707424	567806	534346	587761	363459	456223	485771	483165	530762	428426	442456	725016	321976	377167	225782	268407	400255	593312	628291	679063	530694	577529	493952	628508
120	1.935	127.03814	207427	198137	203188	241172	208189	241976	374980	243192	217660	411445	240202	259546	278390	225685	226532	248764	236396	268291	307056	200036	231245	314644	251302	244596	105133	841704	343297	468622	279678	792814	409726	312143	842063	102694	102308	838732	920294	136863	568555	712348	381472	95824	188438	495539	439292	100736	639756	967518
121	1.52	128.01726	286070	540804	275846	384153	332585	528085	370409	302525	584046	534115	485362	294624	364299	371222	705452	309303	142050	125857	208477	212904	374920	361488	304498	327462	0	0	0	1350	0	0	0	0	0	0	0	0	0	0	0	0	0	0	0	0	0	1784	0	0
122	1.52	128.04414	94236	148438	96278	101922	62188	64419	31987	56970	38881	22840	38368	84806	29655	54052	49948	26959	12301	70906	72202	90970	108116	67247	165793	101223	4704	1940	911	5166	3753	2545	1638	6962	3650	1881	2893	4056	4821	4362	3677	680	4376	0	328	2433	1257	1019	367	4470
123	1.47	128.53578	100241	119220	129291	71709	41806	65980	29242	80590	112419	79605	57916	108724	37901	55480	95952	71906	33606	71214	89619	55692	47810	80781	53679	130274	33572	24854	23328	33136	6417	23335	23743	16339	22275	11459	7138	46486	7325	4595	1148	7133	3075	27774	40124	67380	34846	33939	39050	28308
124	12.778	129.05347	68186	82319	63891	67502	75380	35169	81266	112076	47970	90189	40305	59604	87770	66230	91450	66423	103170	39983	96392	52713	60021	105035	74714	67789	3810	6276	4373	5502	4738	6275	4213	5435	3953	3776	5433	5308	3452	3822	4183	5477	5132	5281	5777	5508	3697	5169	2234	4506
125	3.33	129.09015	2568	5496	3997	4291	4032	3652	2793	1400	2712	2994	3425	1786	3032	3098	3354	2628	3337	2475	2038	5581	3412	2778	2799	3703	429602	507679	687080	568442	508513	417568	435204	371579	398181	330184	370510	384682	314881	405743	260575	478781	380212	467251	406866	594371	238180	331992	375464	546337
126	2.921	129.09024	2260	2692	3798	3469	3737	2742	1949	1880	1736	3345	4737	1586	4231	2307	2724	1156	4424	4286	3037	2257	3437	3505	2612	4516	354333	332816	361909	180056	190020	233072	374514	279361	158387	141406	100417	293243	57065	121374	118463	183020	325166	268093	361857	340079	284576	734070	221816	280841
127	1.549	130.04898	112060	16644	51818	103597	93761	74601	49393	59313	47752	79085	85864	43134	79144	106075	73066	307928	45191	92549	80262	81054	53458	35315	81808	53120	574019	795857	714825	784555	503976	822315	630750	581817	786352	408141	818042	416792	877295	1052468	1322642	1033768	500829	974714	856494	1052333	463003	617837	1003827	633924
128	1.641	130.04924	157709	41608	86264	166749	151720	110643	64037	76210	95988	97079	152681	63539	94487	133652	88788	360987	66203	146176	112862	110579	81013	62317	115464	69158	451694	660046	570983	686800	392724	665687	539396	456324	616357	322826	609681	387515	637330	786221	1006473	761114	344024	744826	631644	959076	302364	477777	921187	510518
129	1.487	130.5249	157221	435013	467812	315530	552988	512291	766904	418563	1056150	567454	380707	263079	416852	339057	487781	336423	966446	144728	326923	304586	236628	433062	301662	265899	5694	863	2770	300	81130	24345	15833	45285	59478	38732	77535	0	213103	86654	179169	75978	44043	24080	3246	0	2184	1438	0	26099
130	11.75	131.0482	105771	81212	96244	128130	104696	88850	92542	138566	94451	96457	65883	81414	124170	86432	72900	94362	98311	131345	87107	123777	73222	80589	77528	99318	7473	9545	9643	11898	4366	7720	5825	8058	11125	4867	4157	5929	6803	6187	5313	11179	8724	9479	3768	9098	10902	7823	5607	11243
131	9.617	131.04829	9273	4483	3435	2689	9025	5182	8260	6778	4687	2574	8432	8391	5531	7518	8297	3862	9122	6360	987	4240	7856	3268	4699	6232	515742	591907	636766	563448	475821	500330	471689	411283	559953	424063	351612	409279	292992	323664	364269	555121	442020	540599	616100	630046	508057	669789	632930	547628
132	5.044	131.04831	13119	26938	35222	15979	34102	32180	44416	39327	15744	29310	52841	54692	22069	15330	37036	60169	86648	26813	29105	22652	14842	27446	10898	29384	1332197	929671	983327	1325780	996141	1267267	928849	1220977	1210434	963232	677727	503105	815798	477822	639679	887768	854878	974736	882620	1407012	1182308	1176376	1155054	1207955
133	1.432	131.54146	81825	100176	143148	91080	126186	93466	98471	97162	87755	59284	65801	101792	103295	120394	67661	39236	187770	75911	60869	117968	73830	96815	99627	121513	16416	13410	11144	4995	7108	16708	9192	53989	32594	30569	18968	12656	21324	27106	19705	22615	22613	10227	13629	12709	14653	13058	8823	38312
134	1.786	132.10118	410324	908105	742615	791782	1022717	741024	694432	1067077	935503	1095532	1808508	1143978	1844144	1729114	1187092	520315	506089	777799	868190	1490628	1910666	499331	1517582	801738	208814	201023	207824	220244	207059	230098	227001	611397	384721	218385	369110	168860	552601	369079	825526	511676	253602	233668	145635	333370	184379	136031	225885	241513
135	4.12	133.06393	2819	5482	9175	4320	7541	5321	11986	4734	6065	5698	1894	4035	12853	3811	4411	10870	63318	3005	5546	3096	4094	5905	2960	10486	530139	275812	436404	295036	187414	261084	125233	354486	254677	266289	170933	475120	274352	236849	240218	218734	183376	257315	178013	573871	188464	146494	162703	232327
136	18.788	133.10027	1363	1347	1388	1226	988	549	958	713	1124	508	1125	1108	1162	616	1143	624	870	1399	1303	1649	897	1741	1472	1172	174141	74812	116866	95042	116148	104919	82452	77033	117498	89319	134664	58503	147677	66647	97623	154169	124394	113400	75372	95929	167678	50679	57854	61247
137	10.164	133.1003	251281	138877	501536	543295	813701	521543	606126	661616	595663	779278	638996	788807	101574	814513	453453	817674	54175	497820	709006	430930	967703	823618	465454	554978	16678	18868	22008	14906	24636	10544	22151	13859	18089	16582	14789	25710	12684	27909	20206	23384	20171	14341	35773	14436	11048	23118	21520	9118
138	11.992	133.10031	344740	304552	255798	212322	318078	108898	127756	239000	179558	241175	127664	284360	243906	207812	217037	189588	251104	195263	183007	328901	260459	134757	105249	204167	54079	62245	51956	60844	27818	45895	33232	48235	69663	52626	36315	152611	12527	124288	69697	159580	55276	82006	75643	77995	62608	505364	67102	50681
139	13.106	133.1004	87687	30646	95506	275295	75555	214012	173832	182063	109319	154231	340700	226465	14118	222506	238123	174600	16795	267728	285742	215943	320528	400166	269851	191165	2888	4803	3597	3810	5165	4182	3356	5310	2880	6576	4888	4352	2404	3685	3021	5021	4504	4670	6458	7744	7763	6565	5081	6441
140	12.332	135.11591	22003	11526	74921	37468	58886	26451	35301	38442	35946	56490	52160	70288	8835	66397	20292	28918	5142	34286	44351	40246	43164	49409	64530	49525	111054	119547	156565	116033	121766	88632	105070	118354	94391	81163	93842	117732	57202	69157	97029	140758	106833	95685	148123	159770	115652	36715	102448	93497
141	10.455	135.11592	163820	79634	159289	224240	85162	67429	41524	95507	41492	44692	84957	339231	46768	125556	40681	57964	23415	225789	87617	306801	110071	112283	117864	92683	345550	881520	357512	423292	375926	411033	312502	455411	303618	322327	252367	424868	251812	509788	430460	468228	503743	376239	681606	462065	381224	957440	395287	459365
142	11.166	135.11594	36292	22837	67029	40145	18534	14497	12224	13704	14698	16120	15686	58501	20311	24858	16326	23897	13693	72763	18624	58287	26840	34226	32612	35831	468439	779776	381415	470833	258607	302336	321928	314432	231720	259620	188945	415600	101368	381854	194275	359746	457242	397298	478619	634593	351656	954813	243653	442681
143	6.61	135.116	20706	7520	12016	18556	8954	6194	6020	13337	7725	6147	7374	32298	11193	11518	6325	10310	7300	21537	9960	20358	10624	17867	14745	17446	715491	999870	772713	511255	606082	749552	479775	1063132	902766	514774	614103	842739	1237215	989874	548530	1647555	899359	710828	477249	1162391	941629	339757	443705	800768
144	1.698	136.0611	528491	692929	906513	635234	1035243	444033	344647	723143	801183	453760	944524	506724	563546	1001282	576299	500186	341392	324655	472053	1415760	442428	398444	1174316	753945	13019	21094	30510	32952	36634	17008	10059	31699	8724	16499	10911	33970	13875	13074	24454	5378	12537	32831	18364	16044	13559	5432	11736	7097
145	1.359	136.93954	34704	5153	13764	52711	54014	25102	28209	16179	16975	7895	22751	5970	15619	39409	11232	33604	102843	84009	21154	31362	8555	8256	17791	18150	961920	1898438	1584083	2836289	1288940	993924	962229	238436	699934	937047	718820	1316769	740574	679465	864164	823804	1544418	876655	879464	997150	1413576	873556	2170044	417128
146	2.884	137.05072	0	604	728	366	0	695	234	920	0	0	1070	870	0	0	0	0	0	476	0	533	0	544	326	1049	774359	718224	241039	275125	530624	306284	217862	823131	288657	378716	494059	593015	984200	1027787	818535	622475	435392	361315	543885	440355	550186	654600	572598	294900
147	11.826	137.05875	314060	225013	253812	193156	200730	191440	181680	181974	148199	136984	120484	326488	126956	113952	120953	132688	156965	338025	275828	274257	259015	251934	231795	253354	1667949	2479464	2045566	1963874	1427192	1486814	1353496	1845407	1712245	1520959	1181157	1240090	1198815	1216123	1280824	1494990	1492209	1402850	1233478	1982966	1928106	1767906	1667590	4251826
148	12.202	137.05882	315146	246095	263570	227893	217784	181843	197597	194244	160077	144043	135788	330947	176318	169332	145568	135189	158059	317143	296934	322047	278593	250308	253978	259634	2458938	2287572	2291562	2345556	1794460	1766024	1527413	2061004	1877462	1952128	1622486	1143417	1327522	1622958	1463486	1635439	2003372	1463736	1164776	2688114	2425934	1718688	1594204	4108500
149	7.804	137.0589	482096	364060	351463	343104	334456	308118	320363	299541	251437	241343	241416	515159	219630	223896	225843	216440	221719	505784	457994	422978	431156	403951	405847	379655	304892	9470505	3867861	2299695	1005262	950928	1805940	9459551	4416814	914710	670408	345153	1798181	811014	2237545	3725450	645601	318711	456450	10541448	8161030	683717	4260332	26983486
150	1.923	137.05898	400294	262542	301769	307667	296766	262265	243387	264548	181686	166893	158889	462562	165084	170598	145730	175664	182110	465315	403622	352899	338870	308205	301515	293210	436170	1247022	995661	861900	760794	601304	549115	657746	788404	785963	677829	377628	628762	750955	646112	589094	668852	383658	361156	374661	527144	683169	519696	505313
151	2.857	137.05899	456465	330632	314387	306052	310919	294903	281116	293481	242503	210439	183952	490727	208016	201906	192341	204080	202622	468026	422701	397957	388877	368404	361912	344263	36179268	35856344	25416414	29382454	38339544	30767770	25885248	39270836	36738364	38598564	35537316	39479344	45731696	45045948	42660208	32767972	25213456	28057904	33626340	26823286	36856520	33872208	34473824	27593156
152	1.593	137.07993	18834	7249	41869	28442	25292	15022	10462	9657	6626	4254	4144	18031	8294	21800	3146	7974	29418	20839	13536	49524	32256	13545	19615	15346	500097	485925	513344	319674	419067	404475	417742	408617	385513	526402	361292	525301	414449	419876	245050	325332	336405	373311	478270	310095	528533	378322	351776	470722
153	11.994	137.09512	102301	95793	73858	54843	81007	18772	41726	61997	41643	69277	32798	69147	77056	58840	55327	56143	59045	55501	54794	82780	68835	31208	21610	53923	14533	12851	18540	12703	7701	15941	8830	15763	21233	10728	7816	43816	4692	34827	17036	32437	17027	24292	18800	21838	13595	150016	20151	12225
154	2.863	137.10062	0	0	0	0	0	0	0	0	0	0	0	0	0	0	0	0	0	0	0	0	0	0	624	0	107276	107681	81591	90393	118483	71137	79127	132599	126662	130969	103354	129154	164553	141538	115611	92677	72272	100526	114964	93546	99627	70488	86520	77177
155	12.072	137.13156	8418	222	4513	725	1275	558	1278	1391	4401	5604	6496	4290	9145	6426	5216	7659	5346	3532	3611	1993	1740	233	451	431	205547	310898	431268	111617	197412	131852	60530	50116	223094	106192	135662	43232	194563	145503	110665	263232	97754	321447	196521	171804	157655	40660	91992	248579
156	16.844	137.13159	4062	3723	3297	2211	2670	1502	3200	2786	6018	8637	7244	3715	7084	5972	5080	5579	6464	3639	2930	4638	2291	2833	3085	2868	2629762	1254468	2083820	1673536	2202100	1154310	1042569	1067048	1688832	1499195	1807913	658142	1146316	924630	1276108	1317226	1657200	1812697	1142657	1217047	2237988	871868	564874	1344516
157	20.53	137.13159	922	812	1289	1131	944	558	1018	903	1864	1799	1754	1281	1794	1048	927	1812	1488	928	1151	1419	815	1273	1379	868	176888	60666	158250	164062	272589	94928	162731	207578	237182	108502	194208	138336	204723	160016	228146	53632	85502	374187	99781	84612	227734	197494	65916	169457
158	17.221	137.13162	2700	2337	1964	1411	2233	2586	933	1245	4658	4399	6302	2317	4061	3790	3902	3056	2531	2364	1650	512	2908	1210	3528	2193	4119238	2141968	3199699	2357758	4001834	3229948	1666770	2198120	3227431	1601123	1996825	1105752	4250300	1814267	2459065	4112817	2229602	2765688	1586560	1869625	7362100	1905849	621991	2443459
159	1.46	137.54131	62859	153646	152691	128279	83174	122485	95901	95195	195544	202054	93851	122566	121307	110256	101071	134971	110258	96152	151082	117079	129152	177115	75851	131887	6124	7104	3557	5905	4292	9439	2631	0	960	1174	0	10919	0	0	1396	2768	3699	1668	4900	20583	3636	3250	6335	6402
160	1.549	138.05412	584	386	0	4434	9199	3441	4172	3205	6470	0	1619	1162	0	2408	0	1140	3407	6118	3311	2632	1596	483	1326	3135	520743	766643	330662	534866	929317	391731	338608	612812	301272	740207	505294	931092	1458386	902876	1330973	411093	507205	595772	713448	165850	94278	212051	253682	425396
161	1.778	138.0907	4113858	4773694	1737978	1287107	2965024	1136056	5095836	3731954	2840837	3862065	1872737	3361840	3121892	3654037	5069478	3399294	5144170	2156043	1310640	4757580	3529918	2719024	1470246	4796453	0	0	0	1017	0	666	510	271	0	0	0	0	943	0	0	0	0	0	0	0	1572	1262	0	0
162	2.007	138.11969	0	0	0	0	0	0	0	0	0	0	0	0	0	0	0	0	0	0	0	0	437	0	0	0	215715	187025	140084	166743	238839	139567	152691	227242	149322	108061	143397	314134	361484	154726	221243	293470	187625	109084	510814	311400	427877	259281	101934	311772
163	1.547	138.12683	23213	4941	2616	2355	8881	5641	5375	1983	0	4253	3226	23582	0	891	0	0	0	13168	18698	10343	4042	8026	13804	8045	1364878	1903904	1516830	1814804	2104647	1719350	1996890	1465310	1513478	1478830	1101193	1287890	1658725	843766	1628963	1675868	1371491	1409790	2339368	1661737	2881114	1757232	918871	1719956
164	2.008	138.12698	72936	18684	15089	14736	15676	17086	13662	11650	4042	5216	4294	59103	4274	4192	5710	7736	7190	42105	35539	35380	28860	21517	21568	17076	11342537	14294026	10011473	14438057	15140528	13461735	15607436	12024588	12843616	9887859	9238987	10559327	11319004	6473442	11674083	14832072	9181666	8729914	19312298	15360324	21311396	12183457	5383990	15226207
165	2.209	139.03793	30342	42784	48233	67645	28880	15133	272138	31120	50669	173473	53401	20711	67558	38612	22397	64662	64742	32204	37604	47270	26174	44863	51719	100512	80658	63732	59422	75469	96156	123810	175081	208030	111963	120532	109505	122666	107438	209835	204601	110729	153479	23336	90450	154981	135358	56823	374384	87760
166	3.611	139.03806	461316	704343	567415	595016	549201	596251	975409	511561	414204	501804	414819	592346	541806	880811	486673	923795	435133	607486	691104	441068	264573	743591	767096	405170	486576	485428	424487	438944	685973	633784	702412	735608	580056	503219	492675	532694	850388	759780	645932	643690	509522	401921	703070	523970	540102	479338	575638	719282
167	2.829	139.03813	98759	123633	89424	130961	84489	40372	201464	87415	160733	326319	236018	63250	243835	41132	79790	92490	149840	99746	63230	101379	92529	66250	35655	254665	8806	4156	10792	5179	6689	4246	8325	2065	1955	6267	3012	5542	2376	4471	6372	7568	9330	3562	11160	9296	3420	11047	5693	5727
168	5.624	139.03818	1037156	982398	924784	922570	1034162	1206260	874919	853793	928617	795767	1234591	702704	987615	862789	950184	1000406	689936	976770	910188	706052	954466	878897	658432	740155	14600	21120	16187	17166	43020	26199	36411	42173	18509	51572	22245	17800	54782	49161	46919	44324	19967	22428	27792	27788	32018	23669	23419	23463
169	1.852	140.00099	229784	293290	176659	180512	161720	179906	114108	156574	274134	227995	195804	160820	161501	113220	251550	234559	114099	121534	226466	163329	140737	271193	177765	172806	1961	0	3662	202	7122	4708	4690	6818	12780	3048	13602	566	19678	13098	14678	11691	7259	6605	0	0	0	0	0	5069
170	1.327	140.00128	2290881	2372681	2445902	1999769	1921529	3476169	3130309	3480262	3230882	2993728	3028432	1394457	1631814	2062572	2785860	2698346	2026524	2148104	2605390	1855358	1857113	3482165	1424888	1651536	130709	151869	127306	16236	3889316	1850791	1647425	1929726	3019522	2097162	3205817	27641	3986100	2071011	3269679	3976962	2129606	1513924	240190	2354	114953	121821	7975	1107297
171	1.65	140.00998	0	0	0	0	0	812	1162	530	0	519	1124	0	0	0	838	0	9857	0	1820	0	0	0	0	0	462867	585794	719052	744706	525040	477740	248597	285219	342522	495298	272364	564185	129528	53469	64222	104836	553417	392952	479500	453528	770967	863713	459270	559812
172	1.299	142.03406	465788	391885	321417	334639	373315	289322	327089	283003	281508	299436	252950	332544	241869	254707	301863	233738	242211	277007	265648	350190	341512	265754	386673	328022	573331	395732	467036	547520	312173	356513	346997	326101	410953	291508	290496	609179	214861	152864	170190	227181	257896	322677	576576	678283	337731	361595	414992	429724
173	1.256	142.03412	449308	391885	321417	334639	373315	289322	327089	283003	281508	258211	252950	332544	215098	254707	270414	233738	242211	277007	265648	350190	341512	265754	386673	276004	573331	524541	467036	547520	312173	434309	346997	326101	410953	291508	290496	609179	242163	214984	175296	298060	345316	378946	576576	678283	337731	361595	495346	429724
174	1.342	143.01202	194017	179234	161541	155076	210970	165477	123476	121790	163232	175683	136323	177764	135529	160022	105189	174548	111756	136817	198459	151524	164113	184983	141089	156151	111118	93916	104978	69596	100221	113116	115345	104974	121387	89826	90136	117308	86089	81388	69892	58127	72970	99147	95779	96963	85787	136577	93829	131578
175	1.278	143.01825	2821441	2509126	2432884	2349456	2524218	2408930	2125695	1979003	2424738	2393220	2009567	2753106	2362867	2518942	2216558	2251691	2022302	2335505	2427550	2441870	2665963	2357490	2480938	2401035	2720689	2122601	2330770	2159357	1635176	2025251	2306448	2221583	2014654	1962624	1877879	2814348	1599642	1554604	1190324	1381824	1820314	2174833	2755776	2842721	1939846	2261470	2080341	2368049
176	1.369	143.04936	3754113	4378537	5720434	4268645	5278969	4073209	4626761	3630632	5335190	4394210	4980406	4564333	4621937	4563316	4144451	3337017	5912938	3883560	3915754	4535850	3564990	4193703	4868848	4576243	1016151	650637	648730	354378	766260	1126182	784260	1712081	1225047	977236	1190907	582539	1304810	1190946	957581	763700	1062079	798299	555695	458708	716746	400547	415320	1131327
177	1.409	143.04959	3805707	4378537	5720434	4268645	5278969	4073209	4619418	3628082	5339976	4397594	4976874	4564333	4612563	4559619	4144451	3337017	5904652	3875828	3905540	4538861	3564990	4193703	4868848	4576243	1016151	505796	616297	316760	766260	1115756	784260	1712081	1225047	967077	1190907	582539	1242499	1133494	957581	708705	1062079	761971	550624	458708	716746	400547	325220	1131327
178	1.4	144.04829	215988	360220	438329	268698	409203	304954	401697	279496	401614	299861	315149	365625	317858	440426	286188	211812	661136	264277	257071	416202	212974	248214	378541	336707	65845	40873	36987	25931	51803	62940	33730	111335	77723	52863	90124	37681	100538	82636	54235	34304	76122	38087	40577	28343	45384	44109	20948	61739
179	1.264	145.01535	103455	116152	108505	96573	101907	70931	85967	87654	90030	102237	76410	77906	96599	108843	109638	52340	77617	80370	95488	87375	95497	114288	129383	89048	125778	74782	124048	95764	71562	80621	61982	107549	77040	95262	61277	110304	69911	58924	40996	69523	89027	77770	89608	102990	82946	94873	78020	78787
180	1.299	145.01541	103455	116152	108505	96573	101907	79507	85967	87654	102389	136272	93194	77906	96599	108843	107955	52340	77617	80370	95488	87375	95497	114288	129383	89048	125778	74782	99739	95764	71562	80621	61982	107549	77040	95262	55336	110304	69911	58924	39461	52435	89027	60469	89608	102990	82946	94873	78020	78787
181	1.654	145.04865	149162	92734	146513	143099	169925	192648	192424	179904	127478	149099	117192	146156	152694	134229	131179	106682	231562	155985	136039	166826	166669	131125	154108	137786	427294	330884	354241	319994	362778	370483	364076	449376	380198	429968	415748	331813	419909	452484	381607	360539	391901	351148	304533	331769	324886	272770	338080	347995
182	11.555	145.04865	127316	111079	85947	152100	92072	85303	85711	149960	176645	152645	121402	119618	132970	142910	118511	110561	154823	141780	136143	162244	129252	151892	124654	187417	49309	51310	49439	59411	50073	59678	53880	52261	45265	45092	47559	54982	55232	57692	54199	55418	56213	53688	48037	48483	42953	49882	57622	54813
183	1.506	145.53004	77258	159487	111557	81017	58281	98787	91112	92829	217512	192275	107453	99178	73214	79009	116608	92026	67299	90893	126465	97110	93193	165198	61259	103310	0	0	1567	0	2678	1856	0	1669	2521	3179	3225	0	1041	1211	1853	1809	2715	4415	0	0	0	0	0	4735
184	16.015	147.04305	128677	137643	128288	152243	156101	134646	230068	136238	179249	205048	85758	127949	146815	116477	166165	233691	127801	188798	168431	104208	130742	176502	103487	150640	378890	345404	324205	296326	352947	325271	323884	287228	311939	314190	277045	332714	306339	329974	302029	251148	341164	322990	322781	356571	328446	351063	346825	364492
185	3.881	147.04306	211676	168368	113580	438132	542287	211473	297858	268422	699564	140470	78389	659791	579383	406157	152122	1181965	169548	1623483	1071959	642987	207566	521168	406757	503918	349246	82432	23642	38161	20766	108443	150410	71138	156135	314632	322949	335818	54187	32932	311879	113065	141645	211268	151073	71690	287871	224606	20487	105447
186	20.294	147.04306	1918	1181	1714	1380	1760	792	2323	813	2262	992	243	1143	1034	1276	774	1716	1463	1821	1514	1060	1194	1832	720	1229	376395	338635	402171	337441	394806	250547	356171	230380	289540	329508	213542	360698	218491	339218	351991	246843	494199	528704	641415	437288	432434	302145	442808	536811
187	16.74	147.04308	347460	360283	293213	396620	458828	247059	756140	208860	341610	287603	243342	249229	424631	374392	425854	373160	227442	507923	602997	308196	324974	360335	211007	408291	23847	23409	18541	19063	13681	12777	17457	16978	11277	22617	11035	20700	14202	17196	13275	10623	12769	17223	17992	38398	20437	20007	31068	12976
188	17.257	147.04317	1745847	1860416	1710243	1896789	2010604	1383590	2678152	1493570	1825268	2037246	1032538	1600153	1828073	1548724	2190077	2352429	1857489	2156440	2310847	1920766	1664440	2425286	1302774	1963184	124800	74191	105832	69130	77342	63994	72605	60041	47040	83336	62410	63329	50141	66187	43381	27662	62305	61252	63922	104835	64616	67748	84045	62330
189	15.322	147.04317	349812	288419	218771	375403	299691	264888	491368	462862	213477	356499	198053	259631	371687	341214	398743	425282	397443	321998	502725	274670	258063	473801	326043	316493	57061	51184	27780	44968	49068	31285	54113	54953	23229	44192	32054	41316	24793	41763	58690	20181	26976	55010	36725	75300	35218	54366	114223	43582
190	3.241	147.04323	10433	22225	5086	15603	81870	27524	12217	16045	30361	16677	15873	15918	22815	25813	9998	32599	12218	37280	29725	17580	11421	11819	23362	29844	7843935	2460044	65292	586759	21260	3538790	4228676	2971026	4795690	9139616	7002920	7709926	1063894	2393	6600158	2946362	3106381	5875988	4306857	2055765	6254105	3826880	2997	2463286
191	21.898	147.04329	767	213	157	76	221	41	544	79	69	174	0	349	362	0	147	20	162	268	165	390	223	226	44	304	170272	86079	112564	124119	126124	78422	127591	84249	93608	120491	108996	123287	100820	100900	95953	90923	72182	161262	151380	123541	153985	85879	129611	117065
192	1.516	147.07565	198692	40728	40251	118215	54194	81355	81386	33876	35668	124300	140724	88128	87090	106007	117874	862483	64305	126934	78931	76409	85569	58152	61074	50835	200073	521490	489048	655092	324160	1381614	379541	676277	534487	181608	811630	82436	1352278	2198352	2605536	2123564	286480	806235	1340125	1118735	158958	632780	899848	251313
193	2.915	147.10056	397	0	0	583	0	210	165	0	1832	597	651	0	1446	487	279	0	0	877	0	1037	860	0	654	0	291687	316538	379772	183059	176246	219233	428073	297464	139015	131579	93817	253424	49746	84368	107405	208302	376427	262870	358570	327759	196294	753270	196088	278159
194	3.332	147.10065	0	0	0	0	0	0	0	0	1250	1098	502	0	214	615	153	672	291	0	0	0	562	690	0	0	262264	343620	429212	395687	335834	269757	267543	258319	285827	198120	256127	216680	203431	279547	141261	317724	251105	271873	223998	368844	110046	165414	236105	357580
195	1.561	148.05974	1483679	708948	1318092	2576280	2308701	1632546	1194036	1385000	1359804	1323485	2539084	777598	1615780	2420867	1347928	3480401	1237984	1902576	1275730	1613164	1214317	1235316	1951503	1219043	5945272	7521087	7229941	7103256	5517578	6044012	6483578	5616624	8392070	5015714	7541304	4859816	6073458	6203693	7446600	6796698	5673724	8739353	6296060	287211	5421880	6135604	9074076	6972110
196	1.525	148.05974	1107690	527791	1053545	2190443	1912799	1362912	1082201	1047560	1029430	872857	2038536	600884	1225643	1797333	1042470	2961896	1058533	1550555	1046103	1333918	1015542	985916	1539838	969585	201288	7521087	7228639	7037292	184645	6044012	6492422	191925	234480	133839	252749	4792108	6073458	158915	7442110	209049	5673724	262416	6426540	8397953	153043	133634	309870	210561
197	1.616	148.05991	1687335	816418	1426699	2656066	2425248	1678109	1194036	1385000	1529530	1323485	2763374	853606	1615780	2420867	1519986	3607485	1243928	2025071	1339731	1690798	1258489	1344124	2140627	1305399	5176240	5741503	5397173	5759666	3807008	4472986	4796396	3902544	6109190	3502965	5289954	3911612	4318336	5358729	6654233	5817306	4522192	6289258	5327710	7213784	3867086	4483466	9074076	5155436
198	1.424	149.04941	1521116	1934646	1701707	1031293	534734	573340	307903	850236	1238313	1157412	724689	1050587	694451	561379	1093098	699365	346051	762455	1023054	868414	723749	1636892	579638	1577352	544872	303155	340384	414147	194618	258470	304545	283130	234153	172579	145618	565458	30397	78336	33560	76047	100210	272294	520701	717326	394983	437420	466623	343941
199	1.474	149.04956	1521116	2467498	2104942	1247922	558946	773220	307903	1091851	1643461	1281515	940692	1447762	775149	625098	1454972	950087	346051	960547	1324367	1116234	908319	2054366	844421	1678016	371080	303155	340384	414147	194618	258470	304545	283130	234153	172579	145618	565458	31045	78336	33560	56882	100210	272294	388971	717326	394983	437420	466623	343941
200	18.759	149.13153	2436	2398	1021	87	240	676	349	1244	631	542	413	1253	0	298	323	346	628	2016	1842	1131	757	1401	1051	1344	346500	136811	205057	154878	184130	166329	132857	135724	243885	180037	247772	133731	251909	125875	182197	259129	235915	238515	108006	206328	243533	87825	116165	124812
201	1.386	150.05722	62824	43032	38048	17362	45577	28023	46756	23370	29528	37121	13046	49138	45036	10971	29163	29665	15786	49271	40951	76781	62734	76472	51573	32000	1000036	646115	995866	650973	453499	773405	902470	932820	595728	597050	543170	1388378	354172	415344	334747	543025	651181	861548	1193731	664787	1026972	1327265	850651	1098592
202	1.478	151.03836	811709	1204454	1447968	988883	1313363	1330661	1662351	1425320	1990826	1460986	1490352	938425	1079911	1057198	1432724	1164088	1934476	675329	1227723	995897	748948	1423817	1141227	1017169	10029	4518	7917	0	149096	87456	38050	184899	241602	134093	254991	2110	391361	195656	291604	193935	102351	47133	7820	0	5766	2565	0	58900
203	11.393	151.07431	16581	51287	8962	7346	9858	4928	4502	10575	13783	9465	10376	11536	43481	10295	11515	11460	37830	17658	9868	17393	16815	10934	31339	8432	132996	95902	118772	100993	116154	104390	83621	68550	76980	109420	86771	89451	65562	54934	54683	55054	51199	108428	103697	72136	103328	72203	127490	130922
204	9.863	151.07448	494027	805477	285409	244759	315526	190291	249193	247637	331658	270804	234966	352163	826755	291592	406608	399886	816263	429318	391946	410550	272250	304509	706005	259466	12846	7595	9617	10635	8885	8215	7787	7699	9841	11622	8077	7872	4776	8445	7374	7574	10392	13357	8814	13481	10177	11529	9260	7565
205	14.775	151.11079	9946	8465	10863	7738	6447	6656	5107	7028	7256	7232	9540	11788	5940	9419	7483	6537	8304	8531	5890	8661	9869	8519	8080	8826	324201	377598	725672	730672	807532	382857	266090	304296	638239	559056	431213	131219	298512	701708	604620	490864	655528	407122	271792	349938	1258099	623666	222879	483817
206	10.17	151.11081	126238	81390	250671	304781	466486	304125	342072	367628	315099	448601	376230	433902	57529	456674	268092	511999	33833	247019	395123	214736	553285	468232	251433	297419	88550	71358	92110	67441	88265	46879	69299	51928	66600	67631	64275	66912	66321	78793	66191	90466	67279	54475	147750	79863	53991	49676	47693	38195
207	9.238	151.11082	79031	179068	110096	143105	44202	50197	18885	46047	26003	62857	88724	193506	49492	118316	65482	94753	39207	132076	78803	160416	93260	200455	153570	151068	419373	610994	714647	650833	428263	276129	302171	276362	302732	634529	333195	455528	289334	484712	352061	568954	569798	148601	748526	875024	445253	224161	101514	643091
208	10.956	151.11084	12981	12141	12717	10677	11246	15024	10180	11968	7111	10288	9340	15827	12796	15242	10848	12462	8856	13362	8040	12197	13314	14081	10391	11521	772337	190654	622292	431594	182500	123760	137278	125194	143707	236596	185338	89491	167638	85313	77598	303147	400954	72281	326420	1215984	162640	50799	110100	335356
209	3.292	153.05373	15779	18436	16642	14391	19356	17145	16311	18340	14575	17553	15339	15468	19346	15406	21771	14953	15114	15399	15560	21300	25420	21183	18974	18844	2106935	2991864	1521209	1819934	2694491	1597425	1203037	2284577	2512222	1714417	1273227	2341983	1828473	3680628	2374220	1521960	1624373	1053123	1936453	1848878	2638175	2746276	3519445	2293645
210	2.191	153.05392	104542	117288	248919	83006	286121	138493	62724	62857	41331	52733	19728	248412	209802	78160	161061	70077	181234	97582	196987	67945	113237	61508	61615	115965	21812	24391	27272	32879	41298	30098	34886	28627	25207	34360	24756	29995	22570	44485	44064	59559	26257	30151	28611	21497	30563	19158	21705	19949
211	1.598	153.07477	17972	18175	24810	16784	17778	29994	26336	36634	13393	11793	9040	13269	13076	21532	7705	12270	40461	31148	11149	17470	21615	4572	19421	18088	138285	80936	96109	45714	81321	58516	81818	92323	64756	81845	91014	103485	81760	74253	72626	74597	65639	99522	78969	55600	100815	61601	52964	123754
212	11.919	153.1265	75583	44554	144507	324971	46533	191609	211924	25745	119282	114390	43189	219951	209903	60758	219524	102524	52926	94738	10482	81291	49339	32172	48091	127166	698517	658165	601623	306845	341633	278121	358426	287797	377821	392136	334728	457131	288611	240437	308181	522648	552209	342433	675770	332261	405443	560302	280066	635668
213	7.325	153.12653	15831	28440	9563	16660	10654	10581	8656	8606	8568	9727	8704	24234	9200	25675	9757	16737	8992	14504	10749	17255	12573	24306	17742	21506	269939	178868	376772	223080	484709	239861	174105	189092	362369	280240	198196	256392	546355	180420	237928	423791	309182	156713	261272	742387	428568	203479	199494	315198
214	12.118	153.12656	22826	13905	36188	65439	11453	31351	19756	5768	22316	14575	14025	50242	32822	12335	24383	15504	16530	23792	9998	18907	15565	14268	14744	29702	657248	657158	664977	319176	764038	232400	284250	337469	504403	682063	411820	365528	569008	361772	414157	313555	550966	344076	753828	949473	467104	506313	322557	539735
215	16.624	153.1266	4510	3989	3775	469	2080	3322	2699	2600	3581	2642	2513	4282	1826	4574	1598	2454	3615	3756	3224	4849	2918	3772	2902	2492	4226818	2062488	10500051	2978328	8025671	4697679	2990558	4243120	3203122	770174	3844819	210949	6248121	591948	2169202	1166165	2619632	5742671	1313863	339114	8245764	358481	1982736	3598531
216	1.579	154.12209	570	0	0	0	0	0	0	0	0	0	0	0	0	0	0	0	0	0	0	0	406	3050	0	0	914829	1134949	1245604	987211	1178043	1412102	1695238	1702427	1945697	889498	1277025	1318610	791722	1860318	1079570	2472182	857609	1221056	2170424	606772	1460168	2621866	1441074	1446400
217	1.299	154.97684	250422	66110	64336	39399	40344	150189	201917	211916	243215	119355	270078	12890	349791	311583	268094	192161	67106	76414	129964	127734	100158	305502	99936	80414	299692	555248	243946	157933	341346	415905	502610	608414	427349	599565	694402	100662	1182331	1492239	1356648	1357588	445834	285315	239902	233402	344461	506021	234759	309488
218	17.221	155.14223	903	0	122	671	488	603	0	0	859	1066	1064	0	2182	1256	214	1152	172	597	591	878	132	536	650	441	2446923	1562380	2203521	1698221	2816286	2338658	1196650	1520500	2297216	1152530	1327117	747800	2946584	1307919	1712088	2772960	1551110	1771580	1076864	1277728	4914875	1370034	405467	1731417
219	1.515	156.03903	234109	366303	379786	190331	183585	130849	119764	240049	476270	362643	335011	441272	205407	274611	359243	269740	148599	126908	352574	141625	163590	367702	211234	318554	0	0	0	0	2210	0	0	0	0	0	0	0	312	0	0	0	0	0	576	0	0	0	0	0
220	1.577	156.13753	10518	481	1778	2744	384	0	3521	5906	0	0	4034	4050	0	0	0	0	1833	2417	3642	5252	2830	357	933	0	7300782	8342900	8300317	7908360	8705728	8281416	9406870	6076642	7154820	6569033	4722660	7201847	5219336	3607869	5796532	6345090	6840408	6477586	295807	8234696	12916101	10297067	6853025	8905976
221	1.772	157.02002	45139	83560	53672	57558	41300	53448	68256	39578	114448	97487	90056	59272	80834	48928	68892	109927	59028	36804	63719	49250	91398	56436	93177	71831	0	0	1158	0	2019	0	0	834	0	0	1918	0	1695	0	2529	0	0	0	0	0	0	0	0	0
222	1.53	157.03844	1161088	2277582	1795387	979975	459441	951816	397213	1375124	1848561	1541793	1199458	1052241	662565	561457	1689630	1153508	358380	745145	1363123	874348	630287	2103661	638280	1241159	20414	12132	20879	7263	91791	52090	50872	65173	94905	50517	95570	7709	106709	67272	66671	126899	61407	55601	18466	2213	5894	11053	4927	34119
223	12.38	157.15775	0	0	0	0	1112	0	0	0	1380	0	0	0	0	0	0	759	0	0	0	320	0	0	885	0	166979	55820	259477	202079	62245	38861	46279	127020	33034	56854	50062	226009	117266	94759	158525	29959	43371	124389	166852	259195	144827	106994	51559	42411
224	1.982	158.08047	90744	69626	31629	108743	150286	65059	200600	247916	137184	134647	157395	226340	36655	176435	76966	262346	338569	120631	148824	133952	92592	194754	129068	126898	717406	272418	419744	417744	594601	284368	522540	515819	397652	513020	585410	564533	348423	552915	567527	501913	371436	719822	367041	331786	356457	752636	364082	265917
225	1.821	158.12814	0	230	0	481	0	0	0	0	0	253	0	0	0	0	0	0	0	0	0	0	0	0	0	0	123409	140203	58670	87544	73423	143104	292436	133112	141426	145564	168061	153851	75173	82026	69756	214172	216850	100475	266685	42455	117598	227919	103313	161093
226	1.82	158.13669	0	0	0	0	0	0	0	0	0	0	0	0	0	0	0	0	0	0	0	0	0	0	0	574	196417	238729	147245	210304	127257	273993	452657	295240	261435	257010	299497	205771	104218	99586	136754	382352	321047	175683	417809	82313	227721	351630	194991	262606
227	16.291	158.15282	139030	108351	110173	100930	109421	100684	99298	111013	96112	99230	83300	146491	97848	100123	89887	81931	96444	128108	120229	131455	109250	113355	113637	118284	57775	124049	112778	125563	103065	124776	137192	123445	126926	127457	151941	80961	123287	130707	122760	160448	157984	70074	106343	81681	87621	143420	133611	125197
228	1.814	158.15324	56140	58290	42218	25878	26361	26984	21017	27980	19470	28158	20472	78840	17348	19733	40842	19700	20644	67247	53753	33436	52018	27124	54647	37105	21952360	31885212	18546596	23626578	17713586	38641780	49312804	24320800	29931094	31879046	34885512	31134344	14104254	20006330	16618736	49464632	36362992	23146394	44819536	10298211	28069644	48784836	25468586	26964260
229	1.814	158.16132	0	0	0	0	0	0	0	0	0	0	0	0	0	0	0	0	0	0	0	0	0	0	0	0	411375	987474	488154	727903	635889	737463	926256	281542	931486	1137746	728104	1143443	249612	494606	537712	1071978	796488	607448	1064392	346195	241712	1210012	755970	963494
230	1.814	158.17004	0	0	0	0	0	0	0	0	0	0	0	0	0	0	0	0	0	0	0	0	543	1126	0	0	148868	232008	145042	231484	153777	306155	399413	195141	324737	234957	273165	237302	132986	128732	146381	349093	219734	176005	299803	83865	197538	305224	184608	185512
231	1.814	158.18062	0	0	0	0	0	0	0	0	0	0	0	0	0	0	0	0	0	0	0	0	0	0	0	0	100859	138692	104876	117017	61420	168671	249797	92845	135257	131899	156558	137904	60649	73691	90074	220068	175554	96147	175413	43630	132815	252122	107270	116629
232	1.325	158.9959	863053	906559	894289	743075	598005	1448015	1310418	1661633	1476033	1115190	1260736	459250	562708	751179	993555	1126780	701974	837944	1004452	638966	644446	1254136	505403	575985	66345	73499	58127	5780	1866689	747603	566919	901942	1381363	906873	1613869	16063	2073040	935736	1651255	2152090	982288	504838	105999	519	38317	64606	0	339094
233	1.276	161.02855	374281	191671	214659	235305	228708	249888	236597	217093	201505	263933	192377	273026	228631	220056	248486	209774	231754	230433	225403	254717	219477	238432	299996	218245	418558	276965	345370	289281	180097	270393	269793	260663	268151	288675	215821	359722	179703	160056	149692	202560	220010	270199	321167	421845	184947	207768	284152	256269
234	13.489	161.13141	3461	826	2096	0	2147	0	568	702	0	1179	1252	1666	580	0	0	272	1378	1800	903	2411	234	0	0	1706	140613	136248	139286	115111	103227	103644	118813	112908	93764	104683	82362	135810	72451	59488	96094	164950	91231	83768	220090	153500	166947	5852	136388	182272
235	13.766	163.03799	698764	603561	381681	715072	294670	449904	376231	533400	387768	386297	750442	663974	382786	413217	463430	461728	428070	794072	711086	678574	549166	791728	600002	497611	0	978	0	133	0	0	0	0	531	0	0	0	313	1002	0	281	0	134	0	0	0	0	0	356
236	3.054	163.03812	682337	685119	432137	782576	410103	987041	631723	708320	603949	651511	968619	736475	438111	410519	723755	445425	1032818	714170	1033722	577845	476450	817621	513445	497148	400270	89341	19839	84774	20333	166725	443676	117988	326508	830060	382469	763207	73179	4426	412993	159156	347069	649068	485104	56526	422284	750953	6739	265728
237	19.232	163.03816	2762	346	615	282	382	0	72	390	390	113	71	1027	0	173	77	230	315	1258	821	190	323	139	537	0	99441	153300	196787	147048	292795	244299	209592	157173	218549	159896	104793	91977	244266	208090	182540	196817	317153	218854	131127	150572	171546	46153	94095	273671
238	20.89	163.03819	505	164	0	0	278	30	0	182	0	0	0	0	0	0	172	43	0	128	425	167	89	117	0	0	53173	53253	56604	63151	101509	71118	73226	73859	65012	62032	52967	48653	79968	82265	78455	73552	46076	90246	61527	43888	87211	20905	93058	81255
239	2.647	163.03828	2428262	1761828	2307062	2289725	2134973	1902668	2106813	2716493	2297539	2036879	2135820	1216206	1661851	1936746	2801056	701992	2380486	1012905	1263030	2085191	1633214	2185982	1578165	1996785	11142	4517	3827	5136	4760	5131	10402	3197	9594	14485	6566	14759	4533	3869	10764	5389	11126	12922	7625	4491	13060	10816	2106	6984
240	11.566	163.0592	92826	39568	18610	114031	23818	13586	19467	115727	193595	134952	50542	67320	93705	105566	81223	44566	157172	98894	97982	131546	60217	103766	88980	184954	1620	1957	5536	2114	2919	0	2846	1934	819	458	4361	2264	4525	2285	4266	3370	3901	1745	2270	2964	1605	1076	2424	1921
241	16.838	163.0744	0	643	334	0	0	237	1227	192	321	174	774	296	391	120	0	0	1738	440	253	0	2003	287	614	1346	655405	332698	664789	240512	621771	228333	353568	230711	376150	401606	527008	140359	369463	164108	145851	162591	333677	684031	83278	468335	600950	177320	193903	136318
242	12.367	163.07445	284409	211341	305830	344450	292076	249813	266162	370094	305729	280166	228952	193969	324950	254026	270975	234042	303536	365928	236324	345799	277206	215074	197377	248805	112403	49011	67579	94953	54376	81994	55893	47793	66095	101735	54381	50675	44841	72982	44878	101303	86202	68699	55866	106186	101637	133776	69060	99288
243	11.753	163.07446	370256	271598	372727	442217	419129	357780	344406	475952	380830	369664	275725	330747	418254	345008	294020	375224	335650	530140	335866	423338	318435	335307	301648	387000	108393	66093	75282	81909	58818	64119	51133	51638	57875	54331	34571	63733	45614	34036	35833	51135	72100	69293	73756	62421	69624	102181	65001	62638
244	5.022	163.07449	43161	62136	71012	39763	89663	92401	120736	101938	40387	77451	117854	124692	75736	40972	106029	131882	205255	81462	82637	63343	56037	72184	29266	79632	1958046	1409770	1442153	2039421	1587108	1893294	1496720	1973062	1922774	1562284	1081338	716423	1293307	770683	998228	1440230	1352720	1391241	1319605	2037221	1726689	1726790	1686729	1826988
245	12.194	163.07451	52833	25854	65299	49744	61524	38858	45410	47109	62949	37633	44682	35997	76706	27758	40272	34871	77278	62992	54980	62806	65345	47894	40607	48798	470789	196913	296321	365373	253389	272909	214746	161788	241417	295558	221926	169531	155054	210830	152539	218730	338454	272014	188632	364689	342493	247425	198584	250703
246	9.621	163.07457	24789	12654	12248	17093	26876	13884	28313	22250	17574	12046	28720	18361	18166	18964	35253	14053	40175	23433	8279	17123	20886	10587	11369	21450	1226391	1371390	1443835	1330998	1160708	1216584	1116968	1022332	1309045	1062884	853417	932938	736608	774876	841015	1329682	1109534	1211063	1391455	1438849	1246025	1551388	1413972	1325126
247	5.051	163.07692	43161	62136	71012	37797	89663	92401	119454	101489	40387	77451	117854	124692	75721	40972	106029	131524	203040	81462	82637	63343	56037	72184	31363	79632	1943254	1404067	1442153	2028659	1577641	1885430	1484374	1987490	1909429	1562284	1076486	718980	1283520	770683	998993	1440230	1352720	1382707	1308748	2030120	1738712	1747729	1686729	1802098
248	18.757	163.14716	2878	972	696	954	1551	1060	991	1417	722	750	354	2612	72	984	321	104	261	1342	1182	2385	2353	1042	2073	1553	273355	99678	167782	126223	164824	145262	118231	112769	215574	146724	212300	103786	207083	104671	145251	212563	206341	190532	90882	152581	194992	71217	86477	101595
249	1.259	165.05045	15358274	15938953	16112039	15509229	14864092	15019941	14264220	14137691	14906725	15282896	14944579	15648367	15534549	15112397	15810444	14430141	13447247	14755788	14703800	15547846	15954663	15072737	16054290	15978921	13239935	331528	11942044	11292377	9474975	10819007	11837232	12017123	11384043	10379748	9788568	13547499	8429938	8377388	6731735	7945144	9644319	11516845	12971880	13262842	12933857	14059685	12246924	13217308
250	1.289	165.05069	15793390	15932017	16109118	15509229	14838772	15006624	14252846	14149720	14906725	15282896	14944579	15648367	15563474	15112397	15810444	14429049	13454458	14755788	14703800	15547846	15954663	15072737	16054290	15978921	13239935	11366790	11942044	11296045	9474975	10810212	11837615	12021171	11384379	10371066	9801601	13547499	8423177	8338732	6731735	7754076	9608764	11513323	12971880	13262842	12941320	14057024	12246924	13187612
251	15.963	165.05342	4776	3756	4745	2295	4768	2155	4782	2333	2856	3221	218	3171	2787	2056	3234	2871	3222	3846	4320	2372	2755	3492	3136	4784	108700	87164	80807	64789	88505	81145	78713	74221	69219	77536	63120	92721	75184	82564	73114	59527	78986	78241	72414	93648	86442	89696	91612	90394
252	5.628	165.05365	175935	162328	137365	152062	164165	219284	139240	128183	156978	123203	211554	110379	162227	129713	136602	154146	115499	169642	146288	103524	151270	147154	102811	107938	11884	11908	9894	9742	12589	9622	11972	13503	11129	25744	10689	18007	14433	12339	11783	11399	16598	15378	13696	5855	15240	12821	27434	12688
253	5.307	165.09007	1209	152	1977	1102	2372	942	1330	1998	2268	838	934	2466	2657	1850	1196	1185	1595	1266	191	2168	1613	1632	2471	669	200798	123139	179715	176342	275628	214540	181188	141050	236028	145384	119366	236129	246278	128306	98228	47794	115134	155179	93989	109271	211028	103445	277608	84487
254	18.753	165.12639	268	431	650	91	733	663	508	0	320	492	73	466	605	592	234	169	611	818	323	626	75	702	166	158	214646	72152	120924	86390	118797	101749	68647	74010	144144	119042	147858	66654	160576	71076	111406	141511	135402	138729	63864	112375	138331	46774	62845	61725
255	2.005	166.08553	1337048	748396	617177	798819	619860	765159	651195	727063	832021	1065988	1519286	929160	965576	2034016	1153078	561944	520504	1366602	891888	1208300	1332960	660189	1163816	647131	1552786	2511582	1989212	2725688	1713572	1964884	1831352	2543126	2348267	1522999	2722538	1298896	3020693	2063755	2421402	2898658	2564370	2208994	2056670	2146778	716409	2411889	3635318	1735737
256	1.256	167.04756	1178398	1173664	1256018	1044879	1146452	1126878	896939	1010270	1022737	1059442	1088543	1215146	1113361	1090260	1047265	929108	914955	1030403	1021522	1193223	1208624	1048135	1216662	1257158	1155210	1102975	976799	1061359	749012	881806	910584	913380	900774	703038	789298	1215990	671973	544805	462773	548729	773994	960490	1210025	1198227	1074762	1166792	1081096	1054692
257	1.29	167.04773	1199836	1173664	1256018	1044879	1146452	1126878	896939	1010270	1022737	1059442	1088543	1215146	1113361	1090260	1047265	929108	914955	1030403	1021522	1193223	1208624	1048135	1216662	1257158	1155210	869389	976563	1061359	749012	881806	910584	913380	900774	703038	636039	1215990	671973	531009	462773	518414	739139	960490	1210025	1198227	1074762	1166792	1081096	1054692
258	3.733	167.06905	22007	13998	18265	10742	12516	19671	15747	14451	21792	19974	8217	17327	16094	13268	11858	15390	18642	12796	14842	18227	9122	12309	18363	12656	126934	115720	123435	47619	56032	46712	39982	78723	90359	66604	103651	62818	52759	158680	56961	93694	101503	42292	107544	100781	129417	119378	63959	43993
259	14.354	167.06929	344339	283194	532123	403823	416218	325171	344507	418168	505809	345202	174559	304306	355703	335652	344344	288694	323249	313639	326597	309491	435197	342068	253820	442725	1064	2047	2299	571	1415	1177	1277	1601	0	426	1318	186	1322	1394	1726	2072	1040	825	907	2998	2006	442	1767	1390
260	13.263	167.06937	750145	724319	684745	637483	849451	427679	619748	731055	659579	734549	466755	612612	765355	540248	657149	463129	532254	661053	709236	624858	473610	602815	431609	845431	593	1598	2506	890	860	683	1146	0	2324	328	828	244	656	2410	1095	1490	285	1121	210	3018	2047	1545	1776	2457
261	2.959	167.06938	14707	18106	15459	14198	18871	18606	12909	18488	24496	17117	15594	20763	28218	22833	21132	28997	18019	15114	18774	15167	21781	16415	14538	16519	293894	266771	320006	472958	144797	189778	218942	127888	147228	131133	118074	137401	80056	99273	84561	233858	182586	272945	195194	201986	102802	176578	175632	265335
262	2.036	167.0695	89065	55033	60407	71512	55252	97926	58686	124683	109903	37143	80124	111472	53532	63811	80138	102838	84613	86726	142586	65494	104902	76868	48590	87057	11345	12002	15025	13596	13005	10109	6470	14423	9248	14742	13555	11639	8577	12177	9365	9875	7334	11178	7178	12126	6357	11488	7760	11167
263	4.569	167.10561	12652	14380	11496	12453	12657	11928	11557	12293	8259	10814	9582	13206	9739	9478	9571	8827	9528	14376	14846	14638	14238	13249	13129	13740	161357	126162	139141	143718	98218	99252	108440	113932	92202	84461	76620	143374	67847	81282	94177	142038	116172	95738	195948	182694	146292	158029	127680	110763
264	10.745	167.1057	20235	15709	39859	16715	17610	14207	11243	32833	17380	15456	13766	53374	12989	18814	17686	17241	8550	17154	11803	19600	29291	23282	18704	18676	188916	156408	316982	281972	199842	147553	171021	123085	154225	172228	154622	175102	116406	203284	175371	310752	254821	199198	230640	381380	232197	367180	233866	165710
265	11.937	167.1059	5505	6129	5548	5313	2937	5052	2143	7591	5410	5853	2734	6685	2817	4941	5962	4986	5953	8692	5836	5859	4126	6673	5859	6999	9217959	6165839	9922909	4512340	7205200	6199568	5186772	8013154	6758040	6147860	6253669	3474607	4881932	4374158	6902429	5720521	7311706	7283718	3597258	5590354	6541002	3975495	3712541	5760384
266	11.935	167.11311	0	0	0	0	0	0	0	0	0	0	0	0	0	0	1061	0	0	0	0	0	0	0	0	0	158569	120720	277791	120601	211784	150873	141902	123231	198004	215693	147202	74659	67376	85738	117448	193655	209678	83310	96145	96869	62332	75975	106272	67738
267	15.68	169.12131	3410	3902	2769	3297	2369	2514	2424	2766	3739	4403	1799	2234	2556	2421	3956	2004	1817	4035	4049	4922	1968	2420	1836	3931	296353	78576	182463	82175	203714	130650	106475	72387	339367	84126	244053	47871	156320	95696	147965	116983	75793	420253	67754	43306	185239	80449	32943	75021
268	9.217	169.12138	138836	307253	197032	261870	80366	98819	22365	88475	43684	121834	153020	336390	109049	220951	124237	163470	73930	240971	143335	265472	168548	355071	268894	264019	1292854	1425123	1780927	1536058	1130762	894351	881947	893317	822115	1372218	829857	894692	974955	1085563	902688	1395708	1274827	650927	1470950	2194880	1146134	502158	370116	1270065
269	11.508	169.12141	8745	9836	12994	13630	9643	9510	2599	7611	7835	8823	11353	11440	10725	11031	7091	10299	6724	11539	10099	8668	9239	14075	10634	12866	968985	494498	1838014	507736	815610	894800	292611	854557	479344	381026	644509	246344	840577	319330	363090	582766	589039	513444	463698	922426	786482	133343	262356	667445
270	3.932	169.12152	9931	16181	15869	14376	14995	12406	8094	12674	9884	11735	9916	14680	9284	14060	11706	13249	8631	14047	12330	14460	13607	13324	12545	10304	196424	27924	161772	115900	91949	169916	85133	50835	66067	49314	53475	39470	108570	33248	112512	497916	122450	138518	75274	388521	104889	26478	28767	120152
271	1.588	170.15317	13336	1930	0	0	1935	1799	257	0	0	0	0	10409	0	0	0	0	0	5053	11797	3517	679	1768	1028	0	408788	994549	650435	902814	1494748	1062322	1262750	872862	982830	868301	767670	463148	1755374	565927	1530814	1565454	1032587	673777	1395579	588393	1705457	629900	105270	744118
272	2.044	171.06436	310585	276919	265877	185136	261014	223488	233198	229450	347073	260896	241649	298799	222364	266850	272665	267850	387703	250760	347860	282919	531638	251665	213943	335043	2618	0	2192	512	4110	1155	2973	358	836	2492	1147	2261	341	913	0	1418	967	665	1792	794	402	4544	2783	310
273	11.831	171.13702	10671	9662	12108	21608	7782	9921	7485	6960	5305	7539	10207	16541	14145	12335	14503	8270	6301	12017	8072	11592	10760	10943	14373	13944	410462	435058	672725	637710	482438	223145	288388	308342	240496	424527	267043	396794	171852	341202	207584	594641	547623	161918	949736	533511	472783	180692	325093	739776
274	1.509	172.13219	0	0	0	0	740	466	0	0	799	0	0	0	0	2723	0	0	1079	1606	0	0	1472	0	0	894	72359	108289	113280	85550	96296	106764	102405	89702	105789	82588	63476	118381	50823	103224	84206	113751	72809	99595	130977	72114	125776	110582	101199	85712
275	1.546	173.03304	89412	204706	115890	79184	81105	103497	59065	138143	186562	178170	159126	121951	110783	151698	155657	173956	48324	81705	156692	75635	58324	206483	75350	100776	0	0	0	556	0	0	0	0	0	0	0	0	0	429	1109	0	0	0	0	0	0	0	0	0
276	1.702	173.05513	62224	102410	108636	90244	83796	126564	133924	101378	78796	107191	89768	155672	104544	87924	73803	101069	202405	103971	103008	101744	99915	86815	74043	87907	29857	30977	34290	18574	21726	22525	21110	46278	17565	27127	31584	24627	25117	43138	36592	30547	26644	26116	28614	22938	26443	18842	22807	38960
277	9.878	173.11633	940	1534	169	1035	1991	730	0	634	737	2148	1156	2443	534	2091	852	413	1424	216	1519	2101	2478	1177	1715	1104	112105	140586	96352	70078	110921	79789	113778	138086	93465	91142	98644	150468	58265	165082	150890	247236	65746	117180	111005	59832	181871	95029	303539	74807
278	8.16	173.11641	792	2979	3272	2726	2478	2580	2430	2625	1520	2355	1944	1675	2465	1202	2422	191	2567	2566	2685	2624	2850	2860	3463	2206	882209	684080	704623	567711	571126	568083	903012	651734	602323	452137	330891	724168	501592	902306	824248	1419628	394611	636060	1229052	304431	1141917	610849	1222821	394441
279	10.173	173.13161	123870	78666	259344	313838	512373	311267	368471	391393	356150	514619	396879	487414	35302	515469	280092	526279	21742	287952	443735	230471	595222	515794	278796	318406	43046	62884	50021	53024	86467	24125	61064	27827	37096	36296	45347	99371	40313	105600	49160	87880	55645	35223	165794	27932	20709	64303	53473	21584
280	13.102	173.13165	59048	15054	32280	125028	29634	103311	86190	74702	39656	77316	183333	116681	11525	107535	124528	76704	7390	138245	146960	120588	161862	209452	148354	85233	442	187	643	890	992	1392	484	1112	143	200	0	159	354	0	1497	490	1070	0	1569	265	1928	1270	0	1195
281	1.508	174.14801	0	2696	0	0	0	0	772	0	0	0	0	0	0	0	0	0	0	0	0	0	0	0	0	0	240958	416367	294319	79606	170952	667190	312015	96772	238156	128540	60421	149282	137385	89878	115847	101705	202280	78984	392359	61624	307107	164384	140388	95213
282	12.331	175.14703	23551	16789	44538	34239	62569	25125	28912	48665	36292	57735	53864	58177	5102	46576	26264	26745	4852	37883	47586	32287	44066	39481	38131	35085	66920	61711	96392	70565	65027	58099	69972	65001	55314	45603	51668	79760	21663	33284	48087	75507	57137	43261	97581	93616	69165	8717	61873	39870
283	1.756	176.09096	111227	148009	197727	176939	87221	55648	35647	55240	60310	47266	70556	124817	89166	104424	82836	40041	40255	131621	47789	129649	141627	44751	151724	123872	4830	7703	11788	5404	9093	2894	6158	7249	5791	7150	6688	5135	4688	8975	7051	6339	9295	10050	5902	10348	8130	5210	11120	12187
284	1.522	177.0222	57308	68634	37728	57120	91629	115134	118498	40607	131570	67285	58333	57323	60444	51589	105425	39210	110363	24873	56806	42268	71676	67169	60240	48850	0	0	0	0	0	0	0	2396	0	0	0	0	0	0	0	0	0	0	0	0	1370	0	0	0
285	17.397	177.05354	217729	146434	214072	168305	54540	144796	88418	160112	138967	162127	98680	89835	93824	123523	164364	61421	95925	73036	127287	120273	110377	131379	155070	129327	72641	31979	70223	35594	55862	35119	56451	27333	67299	55812	56252	34042	33958	30747	38193	19315	49173	69695	30094	50200	39539	56720	42841	21398
286	4.742	177.05357	285559	196276	435694	293692	160704	236105	218332	466499	316107	190850	365013	310597	196443	425693	298495	163952	369067	226820	356427	350582	181696	257128	354269	276695	58159	32008	24666	25065	13916	20467	16576	20441	18470	30632	18667	29250	13847	15387	18564	15052	19784	29389	25299	25348	28981	22341	17182	18959
287	13.751	177.05373	17073	12363	14181	15279	6289	51663	23430	15702	11932	17325	26934	14229	17035	16601	19588	15912	13941	21653	13494	15072	18359	18915	18302	14218	300568	349575	200088	264198	158612	245009	307358	341363	249258	358115	257265	648630	263135	303829	273634	406763	259321	330891	233399	170706	299283	348657	316519	230126
288	16.485	177.05377	13363	9718	9905	9598	1172	14286	5447	7548	6881	6721	7006	6873	3614	4064	6085	3430	6333	4296	8652	6776	5440	7060	6005	7330	994547	582225	817282	579168	630502	598828	417083	474103	694251	541501	697541	300084	508674	410284	607936	893428	701820	604728	412971	573291	819804	331317	358907	551521
289	18.749	177.16278	13935	25960	4533	29260	11567	23041	8945	14014	8605	25928	7579	21066	7052	13123	12253	16199	54041	11092	26217	33530	91067	9076	52663	24257	142160	54676	70771	70565	87269	65642	50290	61110	111668	73284	118544	51871	102944	51203	73629	122139	103076	96401	45514	74339	108072	35114	46329	48473
290	14.058	179.0692	13745	14901	14677	16542	12917	12819	16038	15205	14756	11600	14790	12370	9228	15420	11854	15702	12630	20028	14033	13656	20827	13524	12646	11387	193001	36960	170663	44921	133425	86202	115532	66855	119450	105251	136821	24151	94670	50276	97980	26663	109206	113905	24435	72301	90547	69718	69009	48694
291	13.493	179.14198	5267	4613	1742	2535	0	222	701	2550	661	325	1544	2631	268	1097	384	588	2384	4422	2768	5337	2790	1215	3815	259	543739	587858	612170	527763	449622	448835	560511	521389	415500	453470	409704	531525	331294	295358	414191	660713	429843	370345	887895	646112	654596	24446	614165	756807
292	18.755	179.1422	1842	542	1403	295	1001	1540	279	1101	599	94	0	1682	166	106	341	430	343	1281	1223	1033	649	1330	528	529	945336	368105	591891	461951	569558	473312	378432	409664	678057	510486	673234	382299	692473	371808	506352	697748	658508	668240	313838	584425	688598	273564	338801	379221
293	3.71	180.10112	156050	180356	148727	433936	323895	245328	108778	165315	51557	115294	586396	259592	99152	553379	225772	131093	171547	248285	169011	264361	211375	66108	251344	171106	2687	5444	1857	7076	1026	2532	5408	4113	3328	654	4212	2569	6251	2936	5017	2760	1637	298	9442	4503	2327	1817	5147	5499
294	1.333	181.02751	274244	270044	358653	297188	288729	501754	384060	472374	442796	420434	386577	199712	281722	341401	376268	380987	282832	223175	384865	237506	239842	410311	185928	223620	20226	27913	19433	2612	480352	180947	172181	217876	297045	188568	436515	0	567342	243720	428497	569751	215586	157446	34948	0	21413	39025	544	139175
295	1.305	181.02791	274244	270044	358653	297188	288729	501754	384060	472374	442796	420434	386577	199712	228962	341401	376268	380987	282832	223175	384865	237506	239842	410311	185928	223620	20226	35143	19433	2612	480352	180947	172181	217876	297045	188568	436515	0	567342	243720	446205	569751	223122	162627	46577	0	26314	39025	0	139175
296	2.657	181.04865	335855	216026	331833	328881	281650	284912	315680	405698	324512	298161	291466	148696	233445	258587	404983	76144	390545	125143	142317	286914	196333	353834	196434	282594	5985	4941	6422	4572	3486	4122	3535	1386	2041	3038	1966	5441	2119	2233	2639	2069	8155	7374	2420	8907	2158	3278	2534	6297
297	3.462	181.04866	60073	57784	51551	72449	65183	109634	69413	79196	76656	69589	88052	79002	40792	32388	100357	61099	150712	85234	113758	64773	62142	94407	48964	57359	247313	180400	668666	700308	474064	260906	361721	165047	318716	101291	77226	129023	192600	88928	117534	109630	318775	220824	228771	592069	248305	85889	768711	855814
298	11.862	181.08511	9158	10585	12228	7334	11386	6320	14793	5514	6698	8468	5577	9516	7690	4660	7700	7311	2838	7270	4914	9701	7228	4805	5327	9898	1416550	1059366	1151682	1454592	910010	902929	954688	600861	883657	987441	729400	692334	622629	582981	709783	934653	914533	1110536	835536	970354	1230876	1253232	1265542	958648
299	12.193	181.08514	14865	10946	22112	11396	11452	7182	12852	12094	9629	10092	9535	8929	12350	9013	11133	10703	13585	12346	12807	17498	9896	12446	11489	13559	2342236	847258	1240564	1628740	1230760	1170911	945485	874828	1042683	1305804	1086297	776923	717653	980390	762401	914362	1450583	1106726	721745	1525656	1584327	1065322	844325	1069740
300	1.709	182.08038	453172	142211	155425	235462	107161	189897	100795	194456	197823	158670	549308	190302	164436	425151	202142	91496	92276	366057	237685	436646	144251	129120	313943	160554	552223	594362	449534	564548	507790	1107111	419815	1606574	731213	467836	846688	312458	3777852	997697	2052081	832372	614393	656340	603769	657005	179959	444926	530697	301727
301	1.744	183.02258	77415	212380	110002	87142	74638	101748	42564	76610	181296	144553	115198	53480	96825	47643	235506	72145	35743	30567	82972	70381	42253	132350	72306	105894	0	0	0	0	0	0	0	0	0	0	0	0	0	0	0	0	0	0	0	0	0	0	0	0
302	1.41	183.04947	1643166	1726078	1360439	1737294	1845348	1656088	1370207	1695064	1693082	1842104	1871084	1807670	2076948	1924084	1802878	1768693	1310738	1494760	1708871	1684858	2033484	1304883	1940758	1857564	678188	269803	471953	327880	292661	438197	460510	645731	473367	387593	460148	473320	334435	417986	277635	339848	387962	625470	427840	368924	459243	601436	474676	427246
303	1.369	183.04956	1513740	1245124	1360439	1754909	1845348	1656088	1370207	1695064	1693082	1842104	1871084	1798344	2076948	1924084	1802878	1768693	1310738	1494760	1723272	1684858	2033484	1304883	1472524	1857564	678188	364859	497487	344379	297388	464213	628565	646619	473367	387593	460148	473320	354108	451888	277635	363655	434248	688200	425927	368924	459796	607493	474676	427246
304	2.097	183.06438	8715	8151	3347	6894	9803	9066	5171	8082	7870	5946	7075	6804	9226	10986	4152	8843	8731	8497	7226	6153	9812	7416	6646	6066	346399	255387	238951	526434	149654	106880	125454	102422	194191	184126	194058	143917	153928	194391	75651	132464	63385	349431	184415	156086	91838	90800	134279	118110
305	3.285	183.10075	3086	3192	3487	2803	4337	2083	2491	4522	4796	3399	5276	5288	7281	3464	3602	3772	3666	2415	4979	5583	3534	1871	4003	3941	367026	493810	588438	507888	385151	375945	391437	287082	154852	257713	229382	222824	312847	388842	314866	405477	563542	319965	372350	208837	327703	154031	601029	487482
306	1.262	184.01038	85797	83474	61557	66273	96284	88738	53052	66126	69393	88030	57518	82181	68786	96397	111380	68537	86675	106773	91903	69823	113415	43814	81078	86939	107604	52052	102784	74752	46598	57857	82211	104066	49928	67623	58236	102639	43528	59055	33482	46333	50230	69558	59323	83902	78804	76660	83431	67864
307	1.273	184.0201	129293	218732	86646	99381	171165	91014	156665	102796	185538	108192	169071	210998	152845	133992	121242	161151	98858	140568	112297	186856	136609	64674	126871	169270	189413	122374	118662	115817	82540	86414	96568	98656	87406	76813	112662	168789	55776	53844	35350	59325	89752	98690	150425	176067	94725	106967	126756	144068
308	1.262	184.03378	571773	489404	304710	234493	485135	433336	430041	216220	520246	200804	370079	570958	478993	480537	277712	420570	383904	427741	196685	558096	528331	397027	207760	563411	228975	156755	123914	199772	180836	242345	147792	344001	262522	220754	270365	206470	220906	234725	127360	135805	259786	415196	220708	311673	381494	285021	410591	489521
309	1.29	184.03697	582988	377265	1057859	914163	455520	901662	729372	730806	364626	956362	822977	390808	878476	404763	859338	386830	393124	288324	397103	282761	392719	300529	755351	500457	902682	451550	662427	597195	565203	658813	408317	824954	660426	562146	588954	849211	474848	534765	410237	399566	551323	597628	454113	805873	708355	743109	596434	762226
310	1.893	184.04491	842418	881976	721309	832696	722622	636027	525476	513861	783594	806159	799029	900567	867403	878809	876866	794121	592061	688991	770134	836867	723553	743725	1004096	828858	47606	21432	55521	24173	22046	27418	29406	37486	49757	22352	35127	66450	42972	51590	22943	23261	30389	66766	36159	84181	32204	49205	96988	34926
311	1.29	184.04521	39316376	42156120	42677752	39409656	39734844	39174760	37415672	37545696	39845952	41220216	39036776	41368872	41432840	39821492	42090536	38746932	35199264	38419584	39372904	39321928	41650860	39279228	41719356	41236580	33309960	27891054	30054162	27984190	23037088	26935852	30019646	31460580	27832302	27678312	24835254	34638076	21375464	21610124	16996246	20118330	24551378	29465956	33378090	33770904	29657936	33364928	29933496	32162928
312	1.294	184.05324	507461	447741	921331	453556	422936	963933	671433	777499	453870	978071	649777	410964	570604	498450	907377	526569	426199	418069	439501	623282	450858	945430	849279	561844	824218	477706	510597	539312	607968	624094	767806	790648	623210	581732	614488	483434	413407	426763	338902	402367	355400	426764	617833	844827	601389	785186	807387	697289
313	1.277	184.06941	113981	164543	137590	119300	176082	171459	159201	111457	110034	100336	158211	153217	191414	137605	114258	152752	126674	190317	125085	161810	138743	126955	178504	155896	135929	101826	108685	94828	92027	100435	101538	135765	99121	103289	104520	149862	75523	84642	43734	79014	100309	122622	108558	86948	98029	132623	103429	159797
314	1.276	184.07675	94636	75716	105124	106866	100886	82962	94778	98608	61477	76514	65787	149701	70106	123891	116541	149408	107872	113450	103014	79543	110670	73849	105100	116558	78463	46812	90881	112745	51085	76161	101407	69885	78358	99320	68221	115555	65288	78758	26430	57248	69067	73763	75648	76918	101487	95593	91318	69597
315	11.942	185.11618	230	1116	1284	884	907	1282	0	0	0	1304	1492	1063	1036	290	0	0	1125	313	3008	1420	642	1334	0	783	87187	73623	126363	49571	94127	84963	66174	82408	87730	64099	83112	25919	55859	53791	85342	68500	87957	70944	39663	57371	88159	44831	45524	64404
316	1.291	186.04257	4767622	5082740	5014344	4822028	4794982	4732333	4465428	4465214	4706757	4743596	4682462	4942860	4947658	4760288	5017288	4519712	4180544	4655567	4471514	4731872	4942202	4753182	5022250	4925656	4253452	3501114	3694438	3545843	2615092	3312498	3648423	3832522	3326113	3305766	2999585	4347679	2402148	2560451	1967775	2243670	3018833	3543520	4324466	4175659	3774531	4020250	3813464	3979838
317	1.264	186.04266	4783134	5095874	5069019	4873894	4850055	4749328	4465428	4465214	4706757	4787711	4682462	4969658	4947658	4760288	5052304	4581436	4180544	4673716	4471514	4754222	4954861	4771356	5022250	4935602	4257755	3497627	3684635	3510996	2615092	3312498	3648423	3825708	3321780	3305766	2999585	4358198	2425663	2578169	1967076	2325960	3001934	3560203	4324466	4219045	3736350	4020875	3788608	3979838
318	2.623	188.06972	5097	28778	18614	8750	11398	17482	35174	19929	39359	71055	19969	23246	25366	28054	42476	10158	22023	10267	10006	45314	40859	3070	21523	9678	14506	87700	16222	101227	105072	436335	237240	1683917	19049	238115	71254	15918	1145226	1026895	837989	1009263	136008	14177	85936	193394	178465	52757	11849	36418
319	1.71	188.09117	85970	72150	130120	143225	119859	180444	112296	99503	103503	93962	66073	142595	99393	101151	87942	82705	273146	156092	77129	95526	149770	117115	71001	91674	73961	35929	62362	39244	32686	34818	26132	52005	25139	45299	32917	45504	41928	43594	57971	39388	31726	47735	29428	49718	46455	17658	22788	33874
320	1.711	189.03856	56541	52998	108179	45910	55950	58198	75958	103561	91390	90679	87129	104967	75470	73796	67344	64504	82194	44552	86036	32542	32930	103902	31651	57751	18917	15167	22123	11774	25723	23312	26083	26898	22903	27019	15997	15957	23133	39660	30608	23216	29022	23288	17012	10840	14956	15537	20746	28257
321	14.008	189.07477	266293	286158	221808	127908	133134	57237	148697	442627	179508	424464	45401	182732	216745	214177	443229	202940	394386	120436	265970	158160	118502	453783	187893	208370	0	0	370	0	0	0	0	0	0	0	0	0	0	0	0	0	0	329	0	0	295	0	0	0
322	11.375	189.1265	164959	396341	95246	34796	99366	33093	47840	78575	134221	75304	40132	99597	300391	46119	75721	72666	301081	106310	75444	148098	92642	56116	182542	73646	553	0	0	1061	0	279	0	0	0	166	670	0	356	0	0	0	405	1551	1048	0	699	1379	1879	1580
323	9.846	189.1265	134325	286888	89019	71101	105266	51034	70540	72133	99499	86524	67392	104682	299062	80454	136481	134056	289485	132298	109224	130756	87885	88790	239804	80396	2761	362	2292	1103	1284	3379	2048	685	0	1298	365	1361	1162	435	425	1012	1649	1714	1728	1975	0	376	3030	0
324	5.154	189.12653	601887	587626	673525	702525	746395	430267	368224	870437	665294	689329	316400	491319	492231	745704	713963	633427	679690	566288	543343	817142	543176	468589	567528	638209	142597	161527	151828	138823	107194	109950	175193	128751	82197	114071	110644	208924	60758	142589	133029	166629	101065	163111	202258	139297	136168	209887	132814	167844
325	3.015	190.04898	304937	767848	848379	321089	647617	202294	754723	339635	240437	600500	373254	446051	578406	482186	610908	261169	226621	616604	378879	765228	845081	477771	812070	414269	209	0	589	0	0	458	0	0	1019	621	1206	0	1413	0	3345	1132	0	1107	537	1546	0	1009	0	0
326	1.489	191.03812	351302	367526	301908	324094	316262	478984	320660	496777	418237	502123	477203	328815	394226	330097	440519	457276	210394	307824	399487	284746	333267	316407	351416	315316	6731	748	6873	882	18832	13234	15933	28475	30798	36765	33953	2755	66244	38557	83422	60672	24798	22533	5213	1414	1396	3836	0	11492
327	12.184	191.1058	0	0	362	603	958	688	0	0	0	314	1283	494	0	0	0	0	594	0	0	316	281	0	0	0	820205	525195	613268	713045	183901	251709	247535	122244	312896	88851	141416	195246	44926	34874	89802	15432	141742	216656	566234	801788	276081	655453	1328387	932086
328	10.212	191.13721	770276	541483	1493963	1111834	394356	688511	1382429	1733588	527829	202804	44790	758606	422188	50751	1037385	46840	211231	1334538	2104156	854536	876080	2309004	768106	61278	98412	124886	126500	106086	155901	57227	130550	57693	79994	80615	93622	206948	85001	182076	99546	158160	112782	75527	264713	53907	40250	128252	92067	44568
329	13.798	191.14211	395913	351497	266802	627449	336125	795167	471588	412893	304810	361110	625779	525840	380700	509583	485449	395777	252554	536277	522340	446766	700137	612446	411715	448934	11423	8534	9954	9776	7611	7463	6290	7279	6455	7284	5432	8531	4049	6013	5253	6596	6316	10110	9760	10179	8841	13866	12306	8365
330	10.174	191.14223	776700	545905	1493963	1714946	2560688	1759035	1949148	2032889	1817080	2525022	2131309	2432320	427865	2644078	1547979	2685544	274250	1525586	2232610	1331765	3026719	2593646	1573436	1688114	98412	124304	121820	106086	155885	56446	130550	58063	78284	80615	93622	203442	85001	179944	99546	152388	112782	76735	263693	54835	39808	128252	92067	43216
331	12	191.14223	1093498	1090912	886791	747325	1111360	463438	547795	815977	690409	828238	556068	958290	840803	792017	772987	735887	928513	793129	697138	1085102	866860	552622	457159	796536	222944	250906	231312	240972	119737	176527	170607	220582	270585	183582	138978	493867	53522	461583	240102	547373	215706	308972	240456	324163	262027	1529298	260191	175267
332	7.141	191.14226	7388	11894	11999	9189	12138	8207	9982	11143	12830	12299	12640	8587	13093	11916	13067	14974	10072	10789	10648	12545	9845	10538	12047	8482	97866	119149	118543	102703	37978	160973	93239	151589	141801	123289	86803	112564	72503	64820	120737	227273	66724	142112	69835	191402	274978	153880	175458	184021
333	13.108	191.14233	422895	193154	482803	1218734	479462	970090	803201	909645	539563	785236	1502810	1055704	96401	1103674	1174918	838886	127640	1258472	1309519	1068026	1453606	1761214	1250203	973579	4838	5694	6097	7104	6962	5779	6046	4244	5377	5329	5113	6813	3815	5669	5388	6175	5187	8702	8106	5776	7322	9921	7292	4419
334	1.413	192.05482	326080	284749	473224	357197	853585	375347	755601	346618	568922	275396	438003	274139	400870	385553	274558	232183	2009452	256903	287739	470192	232177	245391	530255	349885	150528	98799	79222	31582	143802	219193	95699	370777	278961	214698	282573	55391	452398	298191	261437	110921	222535	95288	49087	47774	94235	46632	43139	236196
335	19.162	193.04858	1819	0	0	0	0	194	390	310	0	0	0	797	379	224	171	0	0	986	0	416	407	56	0	0	213509	218031	213589	194128	238655	345716	233165	209255	183349	231872	117879	162173	164478	271933	175889	288387	295340	228461	161769	202158	244882	490667	274945	173103
336	20.82	193.04886	914	0	0	186	75	0	0	0	0	0	214	0	0	170	0	0	0	100	0	0	158	0	57	86	212050	124195	78572	148913	135181	120628	91181	111104	54289	120816	83920	100534	111642	118203	74585	152182	49338	158962	85387	99314	123004	188996	281312	87382
337	13.141	193.08498	316531	340564	290165	259821	270286	172117	247700	230838	276794	338323	240365	287426	295684	208740	238271	185913	252230	275275	306690	310065	525747	218152	205722	491720	976	1987	279	0	308	0	240	155	0	784	0	893	0	722	0	0	439	458	1263	335	0	312	0	0
338	5.251	193.08507	434840	762466	354331	299564	466732	641538	619262	548376	880443	677649	580183	949026	503457	389648	559604	731371	439549	566582	819223	558132	482092	494640	315122	550782	17728	14040	16048	15298	11801	16691	12438	15124	13627	17374	9744	16717	8510	11896	12764	12983	15875	17230	14217	20079	9827	19003	11965	10135
339	9.608	193.0851	15025	18101	11656	8962	16494	12388	15848	14930	13455	9917	14636	17547	13014	11704	19736	7627	16700	14580	9668	13145	14928	11772	12074	15251	527698	568670	611598	554886	467804	501912	438874	405287	529521	424608	349178	412559	282476	295098	328198	532522	416585	540327	622037	613911	497086	653704	619704	541924
340	12.738	193.08514	184791	316228	185036	171004	132805	450401	366567	237011	309589	401092	422017	366750	484823	209495	511448	235250	106283	404572	486703	291328	254340	257767	253105	326381	0	262	181	500	0	0	563	0	0	289	0	233	230	0	232	176	0	0	0	0	674	0	1424	152
341	3.426	193.08514	326288	102251	210392	87707	602643	154794	214812	235486	713240	66095	113854	166832	157357	53001	126756	149064	767478	209683	496108	150506	340271	231844	77531	249654	914	841	2311	1531	1053	0	867	1432	742	0	0	250	832	190	0	0	0	1350	0	2054	452	0	378	2127
342	4.451	193.08521	70075	329554	253160	131434	1041762	554897	579717	141643	298207	162013	343063	330555	654707	262798	542650	353277	1483088	88815	148542	69877	560158	356964	268011	1366572	3873	1642	1704	2646	1177	2670	1487	2578	2014	1983	1043	1415	1286	1425	2521	1864	1016	2848	2994	3778	2773	1670	2341	2972
343	12.337	193.15776	51003	22717	329292	157678	324182	110844	198118	215409	262065	339431	256958	290524	9608	314375	148986	141154	10404	162513	226329	142928	224723	214693	244079	228854	420313	418128	535041	421177	413695	306605	378540	386783	305161	285928	300155	412685	124039	186474	299799	413691	313677	289694	507543	532162	334341	29640	340127	261218
344	4.808	195.06429	31931	24402	78506	35845	24771	30640	34052	61357	34705	25891	51977	42272	25008	55190	35859	21866	50325	32215	43471	49638	22543	37940	51814	34092	144639	124321	116240	95767	65855	81392	67584	79098	92618	95529	78861	76749	56475	58516	51130	76862	82762	80281	102385	99509	88580	78658	70783	83784
345	12.983	195.13702	4694	2122	2255	1582	0	806	1035	1788	484	1297	3859	667	2303	0	4065	2118	1774	1052	1295	3647	0	1285	208	1796	242276	510182	403747	492012	471997	363642	440924	364494	370937	315447	426459	421707	348920	434099	528893	563748	368184	451434	642209	416480	551614	497774	331024	452676
346	18.23	195.1736	294	0	297	0	0	0	0	146	0	0	0	0	0	0	0	0	0	0	0	138	0	139	0	0	120023	55292	244502	159919	176156	56303	186308	121267	141044	143016	105456	61031	117387	79268	154653	153139	151856	101222	73466	53940	381229	118336	25550	41519
347	1.294	196.00299	181256	67408	39141	35006	28884	141764	131331	181332	216763	120681	216290	10843	253030	216180	211563	192331	55490	71768	105635	88119	90506	229680	98267	63255	188232	393108	183362	109338	174885	211354	359009	434147	310786	327207	419798	60096	612899	933077	860505	784660	257824	178962	150964	156183	302617	266049	173948	227282
348	2.057	196.09605	280165	375372	562956	453487	378191	499104	304577	230906	94205	202058	632263	424791	309128	474867	181145	226601	397863	428352	467192	355997	300937	233216	410722	379260	665	0	0	0	1075	315	1869	3377	2455	0	665	0	7879	1861	2248	1786	0	1539	765	0	0	286	1153	0
349	1.876	196.56241	91050	55845	97586	100046	92912	41037	46054	51501	107838	65854	45688	87907	76918	78190	112811	104176	38538	71150	54259	91944	70339	37742	97023	99239	2249	0	1082	0	0	0	2777	0	0	0	1062	0	1663	0	0	0	1095	2110	0	924	2162	1281	3472	0
350	7.224	197.08002	322972	380891	166743	278723	574773	99790	132926	180658	92910	338303	328560	568208	160164	209809	217097	99304	30737	396998	368435	721529	599644	258418	662288	680909	411	1491	577	1393	1309	937	2250	171	506	1385	1153	2106	0	779	0	433	366	1888	1094	966	504	1105	1406	1993
351	3.416	197.08008	53416	32165	32801	23734	42761	28811	26888	74106	77706	41957	37426	52806	48093	49881	41725	77746	57587	70396	40152	30044	38505	39926	27096	34334	244236	336630	414298	271198	236335	164099	148134	111477	155867	124588	116881	155278	103727	69465	135943	114257	32240	264536	87711	491086	213609	70555	460218	147005
352	6.671	197.11617	105400	129256	111154	100253	123729	86134	105710	130256	111911	122386	143373	155141	127258	116422	70878	91256	112277	125034	113433	141774	138299	119303	130671	96794	35673	26076	40050	35236	23358	28652	32724	27010	25211	26785	28998	50438	22677	31014	27255	41237	29679	39989	55422	45493	35304	42096	34423	48193
353	10.211	197.1525	423	608	506	678	0	1004	0	222	0	809	224	905	0	0	879	1191	697	941	854	584	452	954	728	0	64465	97467	82016	79318	130102	27853	90648	32972	55073	53072	64325	155808	56229	135545	66992	127143	84303	47997	205586	35985	29113	91888	59478	29370
354	1.502	198.02383	66991	150858	69633	68872	64770	73484	37538	41434	98769	96703	63813	84954	71398	59609	87006	31416	63070	32530	35616	48222	76946	26774	84449	54886	0	0	0	0	264	0	0	0	0	0	0	0	0	0	0	0	0	0	0	0	0	0	0	0
355	1.469	198.05461	145260	202194	367155	128975	127040	111052	95044	140962	270080	152320	102115	177418	136856	90493	145414	121113	217022	95659	134900	154229	108464	184684	99016	191533	100266	80123	51096	39163	63717	114866	78386	145330	142624	90243	82152	100824	32476	44886	38244	41145	64890	76690	50537	98295	70090	32973	41476	165249
356	2.041	198.55963	50974	73943	47217	37874	60871	37541	33000	40959	81534	65167	55336	64701	59928	73631	56576	77180	75440	51431	72831	75324	157098	45723	72232	95544	0	0	0	0	0	0	0	0	0	0	0	0	0	0	0	0	0	0	0	0	0	0	0	0
357	1.396	199.06238	0	5208	0	1361	0	11302	6724	3901	0	7990	865	1320	7365	5429	4250	0	9995	3833	14860	0	0	1411	5052	961	129028	88985	87154	25540	78214	147509	69795	186502	79118	111969	101425	111474	118259	122490	60094	64523	109232	84211	68036	25654	68868	61907	32838	236355
358	1.886	200.02238	453130	668484	436641	390879	361264	433825	334524	412966	575084	580723	503862	421308	393608	357910	636054	511090	287218	294488	518667	391134	301577	621819	408754	401540	3804	1604	5059	1481	21967	9123	8419	18801	27853	16520	33185	2460	47677	38496	36441	31472	18803	19176	1850	0	3369	7384	0	10107
359	1.294	200.02267	5461738	7153348	7499772	5737558	5551370	9158129	8556244	9479475	8501962	8320608	8200057	4533599	5480604	6133172	8118546	7679644	5616160	5852582	7333145	5188960	5776406	8588802	4620824	5298224	404059	521849	309591	53763	7502315	4085104	3614217	4667749	6350020	5115430	7004028	62765	7677971	4783423	6909553	8285794	4824155	3258149	605577	27342	245448	395258	22203	2775444
360	1.329	200.02275	5500706	7153348	7499772	5737558	5551370	9158129	8556244	9479475	8501962	8320608	8191784	4533599	5480604	6133172	8118546	7679644	5616160	5852582	7333145	5188960	5776406	8606788	4620824	5298224	404059	521849	309591	53763	7398214	4085104	1269160	4703402	6337331	4112819	7004028	79709	7513780	4783423	6935678	7969870	4620700	3265082	605577	27342	245448	395258	18647	2769653
361	1.497	200.04309	87969	129144	151453	131033	271611	214370	361437	198723	253404	163550	167096	102993	115973	100175	198841	159422	953085	109321	148686	116127	84801	145002	129217	136856	1634	1332	0	0	21384	16033	6513	41411	50920	18068	59971	0	108805	39622	132934	29191	51738	9801	1495	0	2358	575	0	10768
362	19.832	200.19991	150036	215621	244039	257538	241128	241385	269430	237553	250270	255628	241448	213574	233961	231918	242252	227236	227888	213234	204679	211629	216265	226601	238685	250255	207653	199421	190678	194877	169347	171210	178803	165483	153913	156234	160773	248639	161176	139040	157959	150119	138369	226615	248032	226989	212532	227116	202277	214733
363	1.275	203.03958	2625646	2576339	2839728	2583350	2583852	2314728	2307390	2132792	2343269	2670556	2412848	2717369	2619966	2451802	2504703	2344510	2132696	2483203	2476158	2275542	2762120	2262213	2620052	2574720	2378669	1744036	1938070	1901810	1219786	1611062	1953550	2098020	1770128	1842625	1425309	2433377	1127018	1319418	872342	1130357	1482394	1874058	2464094	2492763	1595638	1904299	1859226	2057652
364	12.683	203.16309	0	0	0	0	0	181	0	0	226	0	0	0	0	0	0	0	0	0	1221	0	0	0	0	0	95519	85153	100546	81256	60840	78803	101234	60935	68186	63562	56446	144680	39504	79559	60631	81268	75695	49624	150118	84950	104720	136095	106237	86645
365	15.842	203.17859	9987	14932	8282	7966	15457	3100	15357	4390	5124	15422	10221	6829	9786	6347	6947	11993	7267	8387	8321	5409	9787	4834	12479	9467	521508	245935	393539	328916	476054	519292	463084	387748	447987	429026	352885	190723	436510	225732	600802	424733	411585	312898	414460	236786	695984	295920	221545	319176
366	16.526	203.1786	2958	1505	1283	1026	704	1132	2865	665	476	2526	907	1070	1690	582	1015	204	754	3428	1520	2397	1016	759	1062	1879	526028	257586	381796	344464	503910	529438	518900	390534	463735	499493	403234	211289	449249	264627	591266	401352	435951	312433	417534	249790	717526	334505	220407	313458
367	20.454	203.1786	3043	2930	1210	3136	1643	2084	2404	1001	1348	1823	1981	3002	2216	2202	2210	2107	2208	2544	3333	3189	4092	3013	3299	2562	279890	166693	236119	269304	266736	324900	219600	239736	278318	246770	224907	107954	268498	160076	318527	254366	242512	211028	214981	147964	454879	157221	119229	183631
368	1.41	203.56279	8065514	9706664	8353030	9303895	9193720	9410482	7678842	8837255	7977906	9752086	9955841	10391097	10634063	10479787	10089654	9155972	6446180	8528530	8908554	8929586	11035579	7903470	10419462	9470362	2416951	1896508	2287921	1670967	1902551	2367009	2992100	3127484	2362887	2228713	2515378	2717622	1955017	2382274	1664560	2116705	1961276	2720988	2404499	2508183	2714684	3153505	2711557	2489549
369	1.364	203.56293	4999044	7543242	8353030	9340983	9206497	9431100	7678842	8837255	7979902	7751165	8119720	8907840	8686419	10479787	8056290	9155972	6446180	8528530	8878676	8919522	11035579	348474	8343364	7501813	2408461	1903956	2333842	1697357	1920051	2363160	2992100	3154412	2362887	2244416	2515378	2736212	2083769	2542683	1664560	2263342	2117590	2781100	2404499	2508183	2714684	3110617	2729425	2496794
370	1.603	204.08539	9472	19883	14927	8479	18626	26990	38000	19330	7380	18050	7513	14054	49434	24875	5097	13694	30534	27293	11749	15169	34891	9544	23580	26570	98582	85480	80318	54218	87048	73046	30116	62974	66840	71641	41509	80525	116683	101204	59330	53993	93706	59744	47010	85781	77358	33902	62970	92418
371	12.207	204.08563	87755	65984	138824	109787	54917	43122	52689	147476	132489	114423	77798	96109	84620	105178	68962	96796	96750	146141	63222	63380	57401	116539	118598	100837	819	892	0	2274	0	235	417	0	213	1362	1739	1574	1359	1284	1583	1604	836	0	721	1141	2272	0	0	2803
372	1.271	205.03633	120497	122615	113730	95104	107263	100960	104878	112572	139064	111714	105964	107273	124151	76054	109906	86614	99662	97410	141158	82848	123144	101943	113844	104019	94683	111865	82973	80782	51945	80259	89587	78698	76519	81859	75496	103848	62338	57788	52763	56022	63220	75718	100884	103043	89038	81262	87164	111924
373	2.639	205.09631	31454	273787	201891	76852	62806	107311	353605	227821	393465	631728	161445	257562	262773	272417	446497	95393	243683	78981	68419	369053	384556	50389	195572	79339	136321	590279	156697	637891	690352	2073389	1265164	7068318	179097	1239403	500151	156562	4886076	4452650	3590477	4299642	795682	123606	609788	1020816	966886	459852	99984	312358
374	20.773	205.19423	646	234	469	829	794	204	258	577	0	1021	486	1039	632	367	122	234	182	970	884	649	516	901	406	927	1788796	2019920	1279854	1142795	1589869	1262850	1052928	1399071	1372056	1503686	1012490	741446	780240	813134	1310833	1241129	1280341	857232	1040470	977778	1438977	874105	1052059	1678604
375	21.209	205.19431	914	543	893	1137	537	829	1024	792	396	934	476	1085	1040	366	701	715	469	988	979	1255	873	915	669	579	1068823	1141688	645439	645684	927336	780781	684727	800796	692934	828457	544881	436142	381931	454993	766312	667877	712457	501135	611437	504684	828687	475320	587550	897859
376	1.536	206.04317	72904	157954	216921	78139	75283	80919	78940	134157	302662	169607	75589	68611	72329	52244	136235	87057	106653	58012	104341	89400	56799	174205	66944	114481	6299	6359	6812	2211	26360	21640	5193	24058	37221	12916	34614	5512	34873	28513	37453	15663	23855	15078	5493	7265	3037	1946	9479	12455
377	2.166	206.04381	120275	43209	40174	65853	69784	38425	64228	121466	151016	120931	64596	59238	169704	136653	79025	52916	22176	22199	66513	49906	75854	61342	147162	68064	82756	83180	93839	100469	90072	79223	71957	84369	77103	86647	107603	170889	17186	158498	101962	87669	55631	129703	161280	88456	89272	79126	176704	111688
378	2.381	206.0442	474457	500402	283408	775592	177098	428417	114765	446984	326444	584988	351827	649176	684652	924292	423953	299343	131851	309192	632156	661610	530947	611575	726124	426705	23215	27024	23694	23512	23710	19497	14718	18852	23641	23408	17744	35588	4833	35464	22048	24776	15001	26321	52477	23564	32865	19875	24895	28753
379	1.698	206.10184	67385	61807	83041	100376	74187	137580	88291	78591	63768	61899	43603	106428	79907	86791	68887	69640	227808	121529	77511	77279	123922	74342	54164	67969	27845	13632	28332	25028	21322	21587	16519	26367	17937	19547	22003	21484	23298	30636	35651	18962	18427	26246	15159	35677	17632	13623	15891	20954
380	5.59	207.06409	86795	74797	61555	75053	68848	97537	61158	60488	61501	53461	95664	44998	70197	54658	71991	65784	44694	69583	62168	43930	69705	62872	38759	50741	1381	2221	1636	910	2099	844	1877	1963	726	2801	1340	966	1654	2900	3146	2132	256	2219	1939	2552	2921	1513	797	848
381	11.939	207.10062	29131	17079	33489	20387	16187	18845	17425	30360	15551	16031	19794	18992	20275	21672	24654	21884	20404	24866	13718	25064	16199	16271	13785	21577	279317	173574	285174	216269	174485	216343	155558	208717	180882	228887	126752	188760	135918	173420	159475	143522	145461	173163	244517	295011	164879	190292	256472	192247
382	13.489	207.13683	73112	110808	51250	83436	25048	57683	27320	48190	35057	33520	70416	45242	51296	30006	57662	44854	67087	90334	71947	63994	41880	53638	97625	61306	193940	191683	207438	183013	140562	145446	186802	177225	142245	157302	136073	185747	108869	88356	136343	234686	133922	133165	303919	211751	222295	10144	204905	240088
383	12.741	207.13696	242269	161904	98787	313279	83422	134094	71801	201693	110082	95898	216201	213287	111651	89268	131542	112737	124214	356890	156865	288997	158664	212390	222980	147310	6249	4121	5594	5421	4258	5091	6268	3579	4854	5465	4938	4807	5139	3668	4941	4478	4197	6331	5061	4566	7264	4513	6221	5903
384	5.927	207.13698	3610562	2820024	2601756	2989455	2870510	1661298	1432309	2877709	2268290	1949466	1942625	3181242	2762546	2387139	2143147	2293382	2623175	2808012	2113609	3662250	2693734	2097862	3368460	2553550	644060	360091	374173	322150	243749	210509	376061	302973	210945	427101	297233	960684	200782	975191	279979	499968	365855	431524	513437	440353	238875	2937457	147988	194186
385	5.157	207.13699	244948	196518	235387	247805	265011	130817	111618	311813	230658	245485	92875	159527	166370	259913	235663	217313	233985	199206	186422	302804	185950	158479	193656	232153	44766	49630	43917	36940	30461	26220	50600	42004	29694	34386	36038	68521	19414	50654	54024	64343	37981	66625	61240	41583	38257	96429	47517	51248
386	9.863	207.13708	665686	1244276	480476	387013	535266	327786	399384	415050	495758	433315	389143	544647	1301690	480559	646565	623555	1253509	633873	579028	645339	460439	464948	1138134	439874	11982	12069	19000	12113	5498	11557	15093	15464	9347	18071	9197	10225	9804	15782	10919	9532	11170	15680	12979	12612	12341	11751	11988	8422
387	5.886	207.14107	3560484	2641043	2032766	2982906	52503	1664456	1431078	2870194	2248553	1924533	1924943	67131	2733178	2392357	2141006	2292828	2623974	2797073	2109563	3678703	2675214	2078193	3357431	2558422	637936	386813	375713	322150	243786	210509	380695	302973	207978	427101	297233	961344	199920	963359	283230	496586	365855	431524	513437	440353	240626	2943722	166631	201438
388	18.757	207.17343	1757	1436	323	1038	380	919	694	691	613	1362	0	1788	914	204	105	331	555	661	635	571	758	987	864	1495	501807	181841	295677	221697	301000	234405	186830	200364	354318	249693	342248	188905	349592	179664	263978	356656	347901	343744	153612	310883	345766	113129	158379	166010
389	4.734	208.0961	579	954	1304	1193	1363	950	2594	2007	4394	1571	1185	2292	805	1587	1641	1922	2155	1259	1125	808	0	1349	1205	1630	270227	357996	269142	265482	260632	192036	286556	379290	274656	274833	218431	634114	198052	350891	198008	240314	217036	199796	384490	634572	463008	622810	70246	179330
390	11.932	208.13222	0	0	0	0	0	0	0	0	0	0	0	1922	0	0	0	0	0	0	0	0	0	0	0	0	100358	96425	171135	65179	115674	104944	90757	131967	106567	82002	97490	35386	77075	58917	109510	71156	104238	123915	43693	76665	98821	38639	52377	83844
391	14	209.07983	269205	177216	227796	284532	143865	233888	305446	326165	405152	364562	424792	193983	166350	274104	180200	324799	258732	274715	320803	224579	238733	228630	193830	237039	1701	114	1142	1214	0	317	1334	1766	2165	0	0	1861	762	1004	405	589	0	2834	1500	1200	550	1356	328	691
392	12.326	209.07999	236706	329504	392133	119202	147974	73992	309099	197682	159985	112046	93755	109900	139322	144025	196943	111851	102601	139494	107092	230232	162807	121616	80576	198929	2639	622	1618	839	241	500	374	1143	697	1652	647	915	794	0	708	856	0	460	1430	160	292	609	430	0
393	10.175	209.15274	460427	294478	848814	1043480	1537595	1026562	1147094	1230565	1076455	1480110	1275581	1459452	241790	1611725	919202	1623379	147640	923079	1369685	767935	1829714	1532779	901943	1021767	348912	410334	416360	385482	487030	210140	429111	223292	286156	286591	329749	630869	290790	539985	352964	483432	395165	272830	801416	215100	145550	433924	351633	157009
394	6.128	209.15282	89782	59137	371273	328585	311951	108799	214638	337837	321601	416851	396971	444292	27529	760466	155030	210454	22434	233735	337162	347362	366072	259329	164276	298437	538139	780478	843339	696427	344861	433931	639217	643633	593743	482563	551215	605465	386126	549580	647887	632754	500596	765792	840969	928816	779875	407674	1014206	887300
395	3.934	209.15283	51994	35273	378423	252822	535732	230568	219323	409284	454839	506428	228694	312849	37300	488114	188886	302546	23389	197185	462006	189166	289814	307908	234897	338880	787551	464912	396332	410084	647416	525393	534346	491781	382759	363502	326310	403370	259237	141531	187434	590920	294566	412631	534315	293302	368729	5644	288790	474858
396	12.002	209.15285	2677595	2765279	2391040	1936382	2798102	1281929	1514977	2164104	1830863	2181730	1504442	2472982	2324721	2125476	2016930	1927231	2588305	2020766	1853972	2772348	2227230	1438550	1322029	2019020	557881	651697	622125	624042	349353	470589	506154	542804	740534	504313	429227	1241319	146996	1154105	654073	1306850	562145	805360	635162	788435	709384	3483280	666851	506352
397	9.61	210.14766	0	106	0	0	452	0	0	0	0	0	0	0	0	367	0	0	0	0	0	233	0	0	0	0	73706	49458	118211	43212	58018	44445	48108	53670	83157	31983	62525	30837	76026	28497	65144	103848	76689	58605	75047	89583	59880	20162	52377	22966
398	13.265	211.09554	886717	944370	898210	809407	1041035	574302	804735	918318	878605	961419	634705	771264	975719	737974	861494	591024	692320	829702	899099	809240	606082	740239	568869	1012466	449	0	1622	0	1248	281	0	0	0	0	0	164	246	0	135	502	0	0	0	1011	0	0	0	0
399	12.34	211.16837	291833	162031	1412769	694137	1231628	583537	819164	990683	1065893	1245318	1152805	1224510	101441	1306292	688309	713518	62007	844813	1016172	701882	1064992	991139	1322432	906006	1213642	1366310	1779476	1482030	1394926	1111554	1392804	1382090	1063294	1055529	1051950	1745855	565374	704184	1054493	1467035	1113990	994376	1694596	1728025	1295584	207072	1204754	1003046
400	10.343	211.16844	435084	111162	362967	624951	694688	297002	155858	667031	101545	89358	187265	535403	7242	350162	128387	144783	6376	448329	434780	461910	216510	369128	81795	62000	4958	6952	4716	5893	4891	3768	4647	3254	3163	2371	5043	8726	2350	2064	3385	6014	5049	4544	7388	1660	2504	9500	5335	4192
401	1.391	211.55135	906427	1486656	738752	948061	1368113	2157806	1808710	2260219	1484684	1832878	1964010	844897	1510105	1567680	1945093	2040854	1026081	1377480	1089438	894364	998362	1138554	1197738	1300042	28874	31633	29185	6089	471439	261394	319972	371176	417239	272011	567389	5650	684090	456189	619494	737621	323356	260451	43884	6575	24295	53330	7478	121370
402	1.492	211.55159	1738573	2262477	1579140	1892244	1850234	2544166	2047750	2664459	1969942	2536361	2587347	1854351	2123249	2093764	2717000	2574598	1114072	1821652	2109729	1834904	1944694	2243666	1920286	1859056	16430	11079	19655	1796	135630	74823	109418	136005	155477	87348	174084	3552	320331	239407	302702	352056	156263	80542	13920	2869	10236	25134	2383	49719
403	2.229	213.0748	38564	50522	46073	22992	63075	32727	25129	68723	82495	33078	42674	38077	50795	64107	88678	111922	101925	48298	43406	44720	75485	21962	35698	35318	153702	180025	339263	157775	139086	115134	72850	68400	72354	60347	68586	103624	45467	78217	75338	70477	26727	188425	41001	336814	84083	97488	323432	91064
404	5.217	213.11111	55240	81558	78826	43965	51241	51041	65917	76682	76412	88150	63235	86075	54553	50244	56351	47704	76789	56175	94509	54407	73780	90437	56313	52392	5934	3635	2898	5795	4881	7608	4804	5626	3974	7660	3766	4162	4082	8509	5253	7501	6048	5221	4835	2594	3748	5542	5345	4933
405	12.978	213.14774	7553	8864	8101	13473	4868	5217	5229	6258	6676	6665	29202	3118	4678	13676	7238	9743	2977	7241	6770	68448	3207	2680	5848	2159	537616	1005149	716134	955289	822547	824691	748612	925377	845667	579513	990660	882721	663712	1001610	1023560	965085	700170	1070588	1130290	745013	951901	1164964	702027	692147
406	18.807	213.14783	83904	119763	233648	162576	226619	195507	181675	159565	212434	219593	113350	164749	215144	158959	176946	192504	159826	107259	134391	107358	123940	183468	155306	165629	45871	52421	35972	44871	54789	82550	96212	61598	77494	73005	37731	72040	42681	97616	51851	94910	46699	66341	71789	107988	37294	85404	121292	101821
407	1.278	214.99695	37761	9158	7164	2342	10118	17232	24202	17979	46820	21243	38574	0	54353	46948	61310	46976	995	14018	11754	17792	5668	47561	22105	13864	39039	66076	36859	10985	41626	43159	59768	72263	61987	60940	65495	11372	129436	131513	142210	110620	65649	51174	33940	22411	45980	69118	52191	33981
408	18.757	215.17853	382	216	0	0	0	63	88	368	483	400	439	369	0	0	0	0	268	306	276	0	142	414	370	129	440474	160461	256256	186438	243690	212848	160613	173023	311736	222132	318399	154784	291456	159056	215755	310883	288299	289860	136581	263983	294060	106222	152033	146072
409	1.489	217.01854	331216	358973	149009	201778	147230	263864	123733	98116	270116	233466	188447	305773	200280	186530	353729	123323	66173	93210	124091	150168	293897	148178	308163	212302	0	0	0	0	0	0	0	0	0	0	0	0	0	0	0	0	0	0	0	0	0	0	0	0
410	12.727	218.21063	91002	99236	88827	227516	51106	78091	1038812	85003	192344	107045	77950	76823	69761	76060	72630	105034	79267	74619	377737	265548	302118	167853	104987	73740	256383	249921	218388	107966	79054	71843	76283	126171	101520	212659	237497	98252	106720	70528	180602	238541	257871	69385	104255	67839	268917	76998	137944	171351
411	1.325	219.01624	697501	854637	888134	654810	681635	1292034	1287874	1579398	1096594	980176	1198058	535659	722746	643164	1002400	998181	726668	697167	923238	622581	602457	1167199	541532	602522	55304	84975	59392	5017	1277697	474862	420466	570166	1052610	673398	1245336	6098	1506371	758662	1317909	1756844	693903	331390	96936	0	38979	58737	0	230077
412	1.469	219.03867	173276	111296	79674	62284	33458	130232	93546	116524	98707	84785	109389	79732	219507	130471	138854	129348	28732	86243	121957	112368	111523	142962	131047	60109	13202	14857	11413	7499	8447	19984	32247	46018	25610	21896	41855	5200	44537	77430	55180	37168	13270	15337	10951	8713	18426	65847	25232	15794
413	13.556	219.10045	109878	76331	113069	106965	104185	192767	182760	139833	97558	102873	136478	98756	107681	149277	142538	146496	143413	143132	74433	109860	98067	92272	50330	102198	5581	3776	7635	3495	4319	4055	3887	4939	4285	3418	4988	3619	3098	3805	7157	3453	3244	4867	4465	6514	4565	6817	6241	4089
414	16.443	219.10051	293	0	0	667	1047	0	0	0	230	318	686	614	310	305	137	0	593	0	0	344	178	0	0	0	2876911	1632162	2230796	1647997	1602448	1550648	1061144	1332940	1660627	1434284	1570792	965197	1572310	1369732	1703778	2241858	1670626	1571210	1232550	1659199	2236919	904511	1216792	1403134
415	11.825	219.10052	61988	119147	73439	66595	131804	57517	49478	155093	74157	53259	324519	80065	229518	100482	22818	77749	101690	61769	31190	155331	74605	48809	74252	62747	1718121	1723624	2331318	2411763	5062459	3487654	4111578	3729382	2874554	4341320	2883536	1467734	1095335	2853576	4174118	2708695	4047288	1648757	496681	6515826	2362493	5315338	835280	3170785
416	10.816	219.10078	87962	140314	184215	196133	191374	137024	158307	268100	90485	118424	209402	115192	189602	132557	91109	240611	500760	145150	83976	113461	116440	115222	89097	99806	1588589	1095805	928924	1891554	1246759	1555277	971001	698363	1079454	1420336	1409140	753738	868374	605999	699370	975747	1159794	1171770	1082187	855376	1146666	1994083	503226	1855323
417	1.551	220.08051	0	744	992	314	1183	4525	5525	5002	415	1810	2553	5254	1642	5446	2357	3811	6224	2009	2008	3275	0	329	3068	3319	113884	94894	106574	94598	163068	73813	75302	123068	81974	85699	44950	93566	47111	57532	51779	116989	131208	105703	93342	124224	120989	99248	80066	99363
418	2.088	220.11722	46580	201347	145073	56008	54566	125351	275680	62208	53176	224025	135380	121688	119319	88381	121867	147264	324662	59970	59161	60298	208454	98951	82744	96568	84306	91924	144074	73209	49926	32686	38788	57542	46008	82094	44224	71593	63158	31453	38041	36638	59804	56134	23949	81898	44287	32094	22862	63840
419	14.386	221.189	8937	3944	5886	9053	3950	3657	2923	1344	1869	1189	2793	2776	2588	850	5488	2800	1477	9263	3190	4714	3110	4222	3618	3530	357763	196993	194305	268613	414606	519876	403560	341995	315586	389803	230669	111896	272085	164734	482735	311102	295973	98405	355031	141595	490707	154447	194587	314993
420	15.842	221.18918	8584	5057	4058	5975	6597	4057	8607	3147	1768	9157	6610	6439	6453	2690	3528	6534	7520	7269	6765	5905	5601	5413	7002	7767	1920390	938347	1558478	1353342	1927435	2127344	1859986	1542197	1774691	1709637	1491720	814613	1711726	999139	2239758	1710876	1639518	1270158	1554467	973214	2568888	1206844	868583	1212031
421	17.26	221.18929	1782	964	0	0	356	157	939	0	466	1067	0	3225	134	0	488	0	678	2513	816	1475	1559	1147	319	600	1444676	675465	1161686	1013586	1489206	1568055	1571744	1045911	1300561	1451798	1219590	557195	1187186	744037	1755508	1264961	1231188	938046	1064849	740355	1856308	821646	673093	814365
422	12.195	222.11165	3895	4356	8445	3362	1938	3991	4966	6314	1947	2827	2215	2028	5453	3521	1635	5488	4566	5588	8698	3525	586	5700	4205	4252	1374753	605296	832509	1085883	763862	820756	668546	592497	737124	856325	781912	517235	471185	649554	524958	617721	991001	784841	548414	1016449	1111210	731769	555267	783866
423	12.924	223.13188	3876	2464	6704	7076	4757	2824	2132	3510	5014	4238	1941	5431	3976	4382	3381	5096	3855	4788	7477	5441	2526	5943	6511	6237	173482	280395	191021	243419	111836	229678	269415	147327	247476	272599	112771	1082225	113566	1314988	207946	539400	412853	531988	166808	91654	223616	4627816	304024	226104
424	1.438	224.07541	68725	77891	77368	95904	104558	83164	87126	99575	67184	86127	93327	102754	97819	122260	75053	86836	65896	89228	91152	90805	102895	77925	117564	88988	14996	15782	17458	11611	18544	22156	31117	39454	12676	25760	37210	20212	12594	19453	7165	14866	19747	33490	30785	24691	28106	13058	28066	33059
425	3.096	224.091	0	0	195	0	0	0	460	775	0	247	0	0	0	0	0	0	0	0	0	0	0	0	0	0	625854	713301	822536	899220	575279	468125	720336	348614	348956	678632	159403	610803	162672	145965	245265	391657	292379	316070	1227197	1124755	732223	621200	389684	770214
426	1.354	224.99808	78127	68170	64903	66456	110255	75400	45396	61254	84420	72015	77466	87460	78754	82018	89142	43910	51228	87572	66758	70142	80171	83357	76149	77010	45559	39130	57320	31058	29712	23989	47720	37688	42401	38638	26649	72543	46050	30128	18829	21716	41477	47111	37632	39217	34899	25561	35074	65263
427	1.301	225.00674	80962	92280	72829	61189	51333	79710	62988	69158	98141	75564	51060	67127	90300	65459	67830	41286	56353	63947	69119	81827	73408	77558	51282	66254	88509	18801	44521	37431	36402	55150	58371	23920	56247	61515	21642	91555	18839	18277	23428	41727	43868	57438	46000	80362	39153	32657	49254	58634
428	1.27	225.00766	80962	92280	81976	41862	45962	68883	73369	69158	73408	46951	51234	58216	71314	40484	54183	39459	41210	49820	41199	81827	75247	59550	51282	57179	75366	29304	55504	23672	36402	51358	49101	23151	56247	56670	29112	73224	20181	18277	18558	35968	30014	57438	46000	70652	31170	53920	65857	58634
429	1.254	225.07117	1246968	1448994	1279880	1233623	1242589	1089397	1118524	1103330	516189	957597	935068	1542287	1176180	1023836	1500251	1099513	1071636	1040961	1159883	1596152	1107877	1336564	1472878	1406973	826091	1034779	1140224	1172702	516356	829322	876196	870433	839320	825547	483439	963358	487068	542546	394594	489579	763355	736123	1278600	1322174	1143189	1243470	1182074	984007
430	1.297	225.07127	1335710	1448994	1279880	1233623	1242589	1089397	1118524	1103330	597340	957597	935068	1542287	1176180	1282370	1501527	1099513	1071636	1040961	1159883	1596152	1211888	1336564	1472878	1406973	826091	857700	857836	1172702	453486	829322	877649	870433	654737	660354	430633	963358	487068	412874	384372	327004	726154	734402	1117755	1319856	1143189	1243470	1182074	984007
431	13.491	225.14737	20085	45882	22798	17577	13671	16978	13239	16882	17566	16846	20450	18864	18475	16553	19171	16043	33207	29767	26086	25555	15055	23472	34125	20187	1620765	1798830	1847148	1584702	1427681	1398754	1747391	1654714	1297765	1422204	1252653	1604552	1001221	952812	1321408	2114442	1345830	1096382	2534457	1909138	1932770	76048	1855418	2140472
432	10.315	225.14758	225691	513034	368463	152192	168110	146665	148954	208462	282736	327572	204960	207758	244310	228444	346731	218447	350631	198647	396031	209680	155948	141183	375099	201027	16768	14942	17531	19621	12402	15388	19402	15948	13172	19840	12879	20418	13397	56267	14913	19813	12021	16859	21732	16741	14626	31167	16452	12123
433	10.754	225.14763	85430	123427	88784	81441	149680	44053	60628	89115	79180	79438	53252	124136	115816	121694	69152	59937	103730	95941	79403	138395	130038	70865	73993	72317	108973	77367	91014	80799	37505	52175	53564	41688	46612	121652	51975	108637	23985	67604	46498	105059	56733	84365	119010	74256	58038	208528	74374	59931
434	5.159	225.14767	371648	221121	287267	294397	328935	162016	135887	362259	295028	297635	107691	223615	190060	303510	291102	269264	281754	263508	268541	383600	247312	206086	234215	274580	72333	83947	62852	62465	50261	57346	116565	70230	48914	50959	74580	75291	34100	75377	110001	94512	87146	127381	87273	66054	49942	92154	50206	94135
435	5.932	225.14774	958850	753636	718574	792972	800266	419601	378595	776230	451822	490120	501041	887088	728096	665963	593650	619286	696287	722295	572145	1002889	724430	561802	1025094	675348	114716	81374	83250	67368	50369	47322	111770	63899	49056	99671	69944	201893	47626	237010	74877	131845	82590	101456	134222	98428	54704	731082	31948	49424
436	1.272	227.06802	75244	76670	74323	76197	55554	72802	72343	91747	51143	70336	67792	90848	62593	64932	97785	67966	56282	50231	68573	84163	67190	73441	102428	101070	41060	73162	53054	74592	43694	38485	55748	64298	52976	36533	37241	67164	29076	32188	22497	32143	45338	56092	60151	78643	69268	70629	64640	43554
437	3.906	227.09053	45124	128516	47756	39183	41138	32839	50064	73344	105116	157564	106362	78951	93873	97049	74379	105284	77475	58452	56535	113651	158988	44473	77476	95678	184	825	0	0	0	0	0	0	351	0	0	0	0	0	0	831	0	0	195	580	1015	0	616	340
438	11.52	227.16313	23674	32900	45146	34298	57824	21508	29664	33458	25899	38630	36571	50595	25432	49555	22273	36432	27032	27917	28841	46604	51948	36473	38781	33389	128036	99813	116775	77259	84684	64971	145969	104161	80689	123261	134005	128785	52204	82909	116474	113080	105968	179272	205269	111897	190657	104743	119122	139669
439	10.211	227.16318	17782	15173	32391	33527	37156	18372	27708	59174	34047	35477	53666	41866	15350	70430	32571	42180	13753	28291	26359	42575	57689	27610	46367	36022	1063028	1402316	1353798	1316458	1601523	695176	1381580	767721	1036696	941457	1100334	2004808	989696	1762599	1152562	1674274	1304627	889857	2555287	717766	489631	1469492	1053940	626665
440	3.932	227.1633	22244	18727	158786	98405	233279	86402	78724	182933	202027	240927	87112	129182	13622	224188	70136	117108	11283	68399	192177	71311	112165	122461	94890	139832	380497	196610	155560	177146	298828	230192	242796	211360	153311	142277	121701	154890	90732	37088	63565	257429	107494	173479	243010	126594	150724	3057	95145	210713
441	7.125	227.16335	6298	6584	12908	6805	8505	5626	6107	7435	6059	9448	20678	11847	4939	9694	5034	5991	3461	5615	5498	9218	7139	6461	80034	7338	806846	920832	962360	840279	449811	1248390	772412	1173942	1099830	983372	759106	899762	676350	576139	973807	1704776	619145	1054719	619012	1401417	1913436	1126018	1291136	1346580
442	6.162	227.16344	60404	45156	271225	247305	212826	62187	144070	249955	218434	295341	298836	334833	25196	594709	104923	150943	17041	181848	250963	270944	282955	185316	130904	222367	357560	559311	602325	498907	247072	328411	497826	470592	439895	348942	387959	425224	286353	403505	485224	472463	362619	551948	606588	659079	562289	275220	741489	674367
443	1.878	228.56175	74861	99053	91703	65027	83536	64743	46939	87239	120820	95558	52964	61760	71009	76284	174939	129575	37064	57731	78548	68754	63142	65318	64570	80323	0	776	0	0	1993	0	0	0	0	0	861	0	2915	3051	3759	0	0	3205	0	0	0	0	0	0
444	18.981	229.08501	41771	57943	58831	54366	52338	62068	61194	63032	56793	49311	58801	56159	56644	52430	55581	49507	55726	58513	57132	64708	49717	57648	57060	77917	31688	29038	23200	29911	19830	25492	24174	25441	18281	26605	19730	45652	21337	24866	19312	16646	16522	29156	45971	37931	21996	51060	47148	40439
445	11.163	229.08511	2102	3342	3118	4622	3610	5548	6357	4366	5095	5726	3783	4612	5928	3714	4361	3683	8390	2145	4102	941	2192	2248	4800	2867	939344	1182972	599008	577593	2977662	798417	983184	1831043	1191382	1439709	1926234	1778756	1054424	4198807	2016688	4019725	913385	1310677	427723	980476	1218164	627839	952624	194724
446	2.648	229.10629	224330	252807	253308	151953	284097	291998	328464	204306	331881	346562	138134	277279	317679	216775	396820	274808	297267	150109	253332	183870	314693	130177	120581	326520	0	0	0	783	0	900	0	0	0	0	0	0	0	0	930	195	0	606	0	0	0	0	0	0
447	1.512	229.15346	0	0	0	0	8126	763	1679	4873	0	4656	1136	1838	8224	1273	0	0	0	3788	0	0	368	0	0	0	279626	120116	280470	192616	199602	141426	82931	132424	94400	202183	96781	219758	175382	204360	189703	96273	120114	214123	98463	231763	153357	95331	103302	141403
448	16.541	229.19403	540	0	0	0	13521	0	0	0	0	0	0	11314	0	0	32936	0	6608	16351	0	0	0	0	0	0	230171	34323	130682	89590	76130	65754	25151	22702	114047	87653	187050	32601	99660	46439	98121	137264	148780	127046	23192	96101	116258	21793	38802	40633
449	17.592	230.24689	204172	187566	173916	175480	280242	192144	188983	197712	192626	196167	196905	200522	202401	192324	189793	185052	164418	180245	184565	195951	177106	188060	194223	251761	1093429	460900	567288	556792	670266	536384	499809	713212	262920	600168	783952	827038	553810	705687	497348	664195	499160	928977	928399	861479	557761	505751	520851	554073
450	17.63	230.24702	204172	187566	173916	175935	280242	192144	188983	197712	192626	196167	196905	200522	202844	192324	194409	187855	164418	179677	184565	195951	177106	188060	194223	251761	1093429	460900	567762	556792	671863	533072	500117	687570	259291	556135	781882	825443	553810	649826	497116	611629	416445	927477	928399	861479	557761	505751	520851	554073
451	11.097	231.1581	459	812	831	795	1524	260	1025	823	1705	576	1702	0	0	0	1596	0	3292	1150	582	702	0	2183	0	3481	239983	180316	212450	223439	68011	68732	141854	85749	61620	97707	90783	472826	34821	104573	91407	152530	129920	263910	307463	282909	230831	290962	179081	127801
452	18.606	231.231	0	0	0	0	0	0	0	0	0	0	77	0	0	0	110	0	0	0	0	0	0	0	0	0	74222	77018	58631	87851	77178	58461	20575	32575	32190	54606	34471	52091	59668	94637	36728	40674	31463	43114	52605	134601	61885	59318	41990	156017
453	1.489	232.99564	118518	197262	71930	95180	70386	135064	49227	62814	106429	162934	124536	92439	82612	83409	192022	56915	21816	41435	52188	78371	84054	101520	114348	63247	778	0	0	0	0	0	1087	0	0	0	0	0	0	0	0	0	0	0	0	0	0	0	0	0
454	12.407	233.11626	179070	94128	179696	246136	340595	85350	22522	164308	119574	120876	27627	133534	61641	150224	163588	215478	73378	226285	227332	221518	105618	253699	263104	272086	0	0	0	0	0	0	0	0	0	0	0	0	81	0	0	0	0	0	0	0	254	175	0	0
455	18.756	233.18921	21022	8917	7802	8065	7739	8006	6899	7039	5605	7885	6832	21743	4820	4663	4332	5030	5028	15463	13511	13160	10750	10242	9691	9573	7312278	3035412	4493714	3437304	4408987	3814237	3234071	3372449	5379600	4059520	5237799	3010645	5140334	2926174	3984822	5501157	5252118	5092351	2600469	4529429	5448122	2159389	2635630	2868374
456	1.802	236.10378	0	0	0	0	0	0	0	0	0	0	0	0	0	0	0	0	0	0	0	0	0	0	0	0	374325	654826	866981	572464	874552	442478	817475	369753	615387	296208	284324	637174	232649	392485	650866	287492	394806	1143847	903086	696166	954830	938916	849042	552324
457	11.82	237.1109	7644	11523	8652	11121	12399	8788	6593	19977	5784	7044	24274	6958	22394	9665	1619	7502	7328	3393	4526	13109	11075	6001	5695	6303	81696	126234	192816	219702	511482	354804	420415	371531	247145	426441	268385	94283	73641	287438	438519	246968	390192	118441	27222	685464	190307	597606	53024	307420
458	1.867	238.11942	0	0	0	952	1027	0	0	0	0	1146	0	0	0	0	0	0	0	0	0	0	0	0	0	0	2130356	4140160	2145017	2423868	2686940	3569282	4393676	4038337	3160866	3339070	4822858	4158579	2865400	4479645	4827310	7112214	3233094	3987482	4331266	832844	3033897	4112863	3646638	2956112
459	1.683	239.11143	15606	14241	19928	16259	19426	13796	10840	18462	14353	13040	15831	12203	4416	16028	11722	16508	19594	16227	10935	13441	17100	8274	11546	11396	150168	87244	125362	112885	84329	59240	70508	95244	68847	104000	78724	75400	43017	51071	66609	62345	124338	66128	138187	121493	62696	83428	97938	54522
460	1.688	242.08626	90543	58657	142464	51897	58013	73096	93778	117645	104765	96286	59912	132877	79451	82694	88449	65735	139056	42128	72983	44670	28844	109251	34262	64696	36125	23153	48452	27525	37575	47355	56173	66543	49690	60762	49108	41351	47039	91104	58765	46357	58341	50736	25360	23065	31879	44196	45534	36917
461	20.123	243.21008	325	98	0	178	465	278	163	184	325	215	122	896	96	398	252	128	79	324	309	829	648	299	873	90	175413	91571	132547	89805	139157	82183	85187	99676	87670	109900	76313	69552	102660	57065	73765	106654	89641	89853	65615	87411	221037	118466	33019	56085
462	1.291	244.06532	892758	1012441	832673	892374	873455	896112	790890	916388	704401	868620	739202	1163140	997780	970704	1032232	797427	822892	776156	948539	1004737	910980	900780	1087052	867020	674734	479382	772079	686765	428363	553566	684814	713086	620787	616326	398331	737110	422283	441933	300262	322031	516344	540996	805452	720227	548955	737559	765121	762767
463	1.253	244.06549	874019	1012441	832673	892374	873455	896112	790890	916388	704401	876138	739202	1168230	997780	970704	1045935	789452	825937	776156	948539	1004737	910980	900780	1084024	869873	674734	563058	776403	686765	428363	553566	684814	713086	620787	616326	473192	737110	432652	462366	300262	351452	534027	551024	818435	720227	548955	737559	765121	762767
464	12.816	245.07951	169924	50771	30400	55232	152493	20588	29907	63728	26248	41801	119956	113386	27441	49127	69660	24496	27089	133461	120573	82176	58525	27452	52765	139533	182950	279001	122901	136816	29868	20521	16008	46069	24356	25750	13623	102513	12646	67978	28977	22348	43863	20813	166721	248935	64518	97485	124331	46529
465	11.713	245.07994	707	3230	0	715	1596	2480	0	0	1541	273	2423	1704	1291	1187	1731	361	2028	0	0	1067	0	1194	0	2647	56778	242692	76622	149086	389565	33914	103391	277371	105736	297457	223243	219087	129670	369016	284884	828695	129938	279743	43565	273129	104018	42807	321118	18546
466	1.633	246.05998	5814	8177	6899	3448	4890	7397	10633	18845	2565	9145	9357	18771	9745	11368	4046	1975	5815	6112	6538	9974	7057	5000	13367	6886	1084674	805788	568722	507545	822778	660706	354474	593284	357576	527382	378535	562193	627142	481947	488791	723357	488117	774953	482127	725299	500004	323230	276841	561943
467	14.792	246.24182	78616	104316	123562	128096	33561	118310	606770	125922	135572	150276	119872	53421	122410	137762	61120	136384	69509	36683	222459	207066	160116	117148	114116	125109	171286	171381	134832	92192	87031	103220	79742	99113	90562	117870	159488	104405	120353	92237	98116	166596	155441	108353	133524	99129	154235	109343	93503	150209
468	11.55	247.13176	8499	7206	7687	8027	8248	2851	1931	5897	6850	3335	4799	10209	6043	7863	6803	4203	12376	6399	3263	10891	6073	5262	6052	9846	359596	586557	277073	348459	235891	249763	289406	217792	129679	201715	107082	319040	119589	153018	132806	213476	303275	277048	228939	182876	229719	226125	97471	339080
469	17.325	247.16847	0	395	0	311	156	148	0	0	711	358	300	748	0	292	0	139	836	222	0	0	303	0	565	0	519039	345538	561070	363785	396721	350924	385600	239920	256562	320878	211292	230044	430072	150233	200058	532145	334991	293172	489406	438896	929948	266591	110326	179774
470	12.679	249.11105	75498	178465	41865	98198	149080	143576	256698	64360	125684	66013	51565	211931	85177	56143	140560	160848	46230	93365	180636	30938	49278	58798	37314	191848	794	0	0	0	141	326	0	0	0	0	0	0	0	0	0	0	0	383	140	0	0	680	0	0
471	12.388	251.1268	222507	92361	250017	311239	344240	84620	23927	198891	137146	136994	33331	162422	64202	201174	192469	233737	95593	259884	218283	259609	135834	276829	274767	296702	652	0	840	0	0	0	126	120	0	0	516	0	0	0	0	594	167	0	0	0	0	206	0	0
472	13.037	251.12686	229278	86666	275987	379849	341264	130044	37858	314306	227046	172174	42878	226012	111339	306516	257487	259322	128848	299199	231680	302990	188689	336224	293555	337478	718	137	338	879	1293	174	369	0	294	0	0	414	0	0	159	0	244	748	0	264	0	0	0	0
473	7.487	252.08556	124440	99116	104968	161187	153961	95653	125496	108097	63308	103835	73282	111811	128208	143187	127090	147315	96531	96168	77343	108785	75498	100994	98893	101612	11992	5854	4939	5338	5513	6890	4996	2843	2996	6031	1828	8390	5362	4747	2982	2329	3647	6287	7860	4313	4348	5735	1584	4937
474	20.123	253.19446	0	0	0	0	0	0	0	0	214	0	0	84	107	0	0	0	0	131	0	0	0	0	0	167	233009	126827	160194	124875	180719	100050	108773	140956	120894	136876	99088	84474	153007	76886	95977	148816	122499	124120	100856	109073	291951	156374	39151	77758
475	1.678	254.12259	3190	1444	6455	2885	1184	4834	6693	8269	6362	5496	2069	5293	2406	5966	2043	2252	12574	3935	2552	3808	2751	5809	2282	3132	142882	161315	192473	128200	221654	200124	144017	246804	150559	245419	178058	112999	189278	246324	153963	341334	161330	118574	109160	148232	224300	125345	227168	138945
476	19.941	255.23077	1660	2219	1753	1265	2153	3659	4128	1875	1822	1797	6410	167036	905	1743	4636	1433	3283	1190	1457	0	645	3116	1770	3272	225252	175971	195355	192812	150810	181288	177527	173444	139405	140118	73855	261124	108077	133425	136512	93583	243725	200640	245823	228512	175323	255739	290823	298938
477	1.717	256.10208	483742	477333	962479	468517	555525	558865	645864	902547	783211	705676	722944	1075197	768077	625152	708500	673399	815178	488829	739678	354443	257404	873681	308319	574536	93468	68772	148844	76239	111054	119216	147383	150686	91623	144341	128266	77600	172886	272291	222663	146894	140420	114941	75718	69029	66622	70117	104045	103888
478	1.695	256.13763	29664	15961	30238	20848	25657	16233	21181	24780	20490	21549	22495	31335	14431	19902	20127	17318	35022	23670	27752	28862	19121	14082	20158	15386	112707	81957	101328	99453	62328	49100	73661	111915	71427	124693	90450	61606	74395	79328	97416	85428	121081	61051	131126	100835	49960	47502	73978	42495
479	4.195	257.13745	175539	116792	145347	117754	214942	83715	117140	173834	188052	209108	132079	196872	170718	236080	141293	225105	185444	141401	75255	232505	130462	167501	233539	171699	2877180	1075493	1443795	1110852	1465721	2051095	1561276	784598	1992308	1634896	1076477	1531052	716771	909854	994833	1293753	847493	840290	1085811	797370	1381315	1090723	578928	3119521
480	3.75	257.13748	11657	9284	9573	5453	8444	5466	8084	11375	14074	14686	11286	12734	10878	12899	8740	18782	18769	6664	6861	11009	9395	9730	9761	10254	410228	1741502	2339632	2009320	994548	788456	581435	1399278	504087	1038509	676573	1107080	1063646	1265142	793280	1192582	981959	1283341	1850465	2078378	806800	1959173	2090123	38051
481	17.639	257.22543	329	0	0	0	0	0	0	0	0	0	453	237	0	0	0	0	0	551	0	0	150	0	0	0	228510	51825	104039	96607	81116	116351	48430	58741	123954	94284	175145	51989	187972	118389	219066	221435	186973	179354	62104	156605	139570	44583	57342	68661
482	1.522	258.0484	92487	126910	80260	108690	88100	126322	101159	87020	115699	119163	99593	106479	120151	109339	202352	90380	38792	48125	78351	55875	117338	69692	121791	64856	0	0	0	0	0	0	0	0	0	285	0	0	0	0	0	0	0	0	0	0	0	0	0	0
483	1.462	258.10861	6802	0	0	3484	2740	724	2134	13295	0	2884	4299	5817	2581	4061	3465	840	17018	2441	4530	0	0	13563	898	6115	111265	120964	126263	77887	181269	142525	117142	83072	91273	141706	93954	124427	91210	219608	118106	134545	202894	205050	120898	100948	116248	136319	46700	91194
484	19.428	258.2782	102680	94370	89610	89448	122707	94913	88011	94623	82467	83176	78468	96390	86223	75216	71024	71294	65263	93722	96435	89338	88181	100065	86712	102426	316484	183383	232641	207106	227495	222394	205177	302295	124999	226020	344232	196526	224991	278915	194167	266941	208182	244136	269663	265327	273485	201085	230438	228921
485	11.633	259.0954	443	0	282	336	1434	560	0	793	0	697	513	1018	971	0	0	686	0	1144	253	1763	550	948	0	962	11158080	6355122	4774335	4227774	8640395	6260084	8164306	8924765	8000060	12034750	12987639	8125200	5768884	16331004	9726721	5079082	5242994	7796882	4379230	957058	7091330	3596537	5463542	1547474
486	12.615	259.09549	876	12022	4116	2328	3943	1217	2596	1088	0	3440	3376	6558	1538	0	1074	0	1715	1513	6416	4291	1554	0	3607	6481	1382903	708299	540917	406006	1002116	367818	550109	661270	937706	1293267	1685480	760588	505452	2553040	761008	434761	458147	947665	495829	17712	540369	196158	667774	68140
487	13.456	259.09558	445615	789040	210074	474628	287555	76010	395939	291988	127515	495119	313479	256433	120717	339933	353349	50760	285323	146367	888931	449036	386821	166159	162411	1050002	3611	4498	5620	2090	15010	9248	3782	5132	17460	4877	6790	5468	2559	10155	5076	2561	3410	3150	3046	1640	2948	5823	4842	4147
488	11.631	259.10739	0	0	0	0	0	0	0	0	0	0	0	0	0	0	0	0	0	0	0	0	0	0	902	0	116982	85833	69711	62599	109020	51436	87637	82398	64148	147468	183949	114573	51932	138166	83301	57092	93751	72611	49428	5754	57575	35569	60214	19904
489	20.615	259.24103	245	0	145	0	68	0	64	0	0	0	0	31	0	0	0	158	0	247	0	259	146	0	0	0	313249	108045	151693	98481	108325	96003	43557	89250	170394	113709	192093	87279	180363	99204	158750	194408	213118	237156	64542	171464	182054	60903	79215	84966
490	1.34	260.04251	114700	145977	151390	136546	114515	203607	162953	190177	104252	139742	196161	108681	109341	131818	177666	171112	128681	111911	154094	120628	103403	190523	91383	121091	0	7956	10683	0	169236	65198	86524	89781	88390	87701	103600	0	109333	86408	165150	126399	115251	47133	10676	0	5862	12724	0	40746
491	1.676	261.03629	0	0	1472	1615	0	0	1933	0	0	0	0	0	0	0	0	0	8900	1290	0	844	0	0	1049	0	454764	381465	521089	440569	327145	286710	170605	252812	260374	362375	196362	434254	142549	65537	68983	95800	418964	321742	281141	330119	477330	591626	314808	430115
492	1.525	261.05688	42690	74272	94918	47443	45301	77052	107408	125602	99911	133474	48281	26029	101597	91654	36170	79357	73160	33390	85857	39735	41103	98279	57044	82902	8137	6117	5495	8398	5417	7854	2558	3548	7688	0	7840	11228	6195	14312	13028	7697	0	6179	9148	0	8748	5143	8481	9383
493	14.56	261.07446	86259	109358	27479	152400	171840	254951	182882	87138	88294	76083	237921	107666	252353	139946	89228	155231	97520	130839	147919	67647	155631	164759	254242	85743	690	0	0	0	217	0	0	0	0	0	0	0	0	0	622	0	0	346	0	0	495	0	0	0
494	19.618	261.22049	83593	73458	81449	84639	97624	52498	26092	146620	60829	71913	43539	48476	66048	128265	100943	60015	25046	37988	69657	107288	65124	63525	108443	45822	4126	11960	5189	5430	6161	4595	3778	4919	4927	4536	4655	6222	3341	3564	4617	4806	4851	6006	5031	5687	3720	4569	8273	4312
495	13.01	262.17899	0	0	0	0	0	0	0	0	0	0	0	0	0	0	0	0	0	0	0	0	995	272	0	0	89497	111920	163364	106383	27400	310406	382364	66611	87869	135366	144241	100471	76595	284843	118250	108961	193946	100514	26502	48228	71980	49633	13873	74972
496	1.48	263.01575	483777	485903	1006889	325629	623822	485730	746282	1100600	1146744	715798	383072	642368	510499	835835	725272	762672	1684890	574943	929959	393822	159096	1274346	220204	517470	557799	277931	607079	458297	319595	349226	321510	248055	371447	331110	204058	539396	155099	293614	185047	168152	280029	514666	212707	369830	326432	389579	945101	475230
497	1.469	263.05194	25738	16201	34721	21089	46734	34964	28455	17158	35640	21743	16000	28561	24411	37396	27924	18661	63757	31650	27353	30237	17244	23860	8475	27427	846529	664617	914050	969038	421613	432085	467009	345160	302690	668988	305684	1031259	251929	331134	153362	313251	414964	407237	554957	722481	557999	595542	914684	654765
498	1.401	263.06055	414327	407481	677499	445636	717860	332937	633905	371766	835599	531678	482231	399709	473951	392141	396861	301770	1071555	348913	336486	570951	322253	465122	556986	464675	250051	111241	69799	39659	113531	178011	98109	330910	192796	152857	155159	101795	227342	144686	112648	101651	195669	120805	85836	85472	94430	59334	53442	191702
499	11.26	263.1265	51268	89097	75813	43384	85652	37850	22616	76208	52042	53258	36579	127087	41007	73294	65293	45338	41240	26140	35969	124202	48561	21121	79641	97295	62569	68094	33765	17996	77658	40109	66820	41065	49108	38686	30763	123462	28225	63752	39718	37836	52581	52944	56111	48734	48187	77980	55432	41865
500	1.609	264.06985	17514	15458	11324	7559	20986	17042	12356	21309	12744	4859	9567	43600	8230	9736	6962	4936	17517	8769	9737	16970	14346	6540	17067	21862	115861	104202	77461	72236	125175	86864	51515	98030	53056	75617	60011	67171	78682	67314	69852	92365	69126	97404	58307	101247	67341	39703	43248	77925
501	11.547	265.14203	5349	7220	3605	4662	6582	4098	3399	5746	3301	3205	494	6712	3562	5508	4223	2047	7187	3892	3234	5916	1373	4150	5323	6363	137364	302786	108138	180999	114113	126430	132840	104922	63816	97758	47316	148071	51108	73402	59538	96446	160879	121868	98141	91655	94878	117567	46706	173378
502	1.284	266.03537	3977632	3791723	3847872	3463091	3497156	3350972	2986833	2750660	3526212	3300277	3009925	3820946	3302403	2896412	2797343	2783100	2634627	3353832	3101462	3366825	3520863	2781412	3366594	3164234	3625614	2224307	2613774	2182031	1108119	2181770	2531428	2272736	2067641	1817351	1531780	3682164	980031	882199	498483	966034	1629506	2892174	3289511	3294316	3010765	3129297	2654619	3058842
503	1.881	267.1427	23872	14565	41097	31531	52165	23014	12397	30184	13801	18712	25488	34097	17511	43391	18238	18988	26841	31473	34339	28745	34860	18174	27078	19896	79393	62054	110873	65724	84522	70025	61886	82987	93848	164465	106713	101013	154137	127272	97764	120832	100054	174105	85902	61685	87542	122010	72011	78613
504	1.263	268.03168	399192	321508	308369	304362	346799	351539	218999	263636	293914	285433	251034	378414	314204	326592	298321	272060	224581	318166	330466	418209	308993	331569	328484	402793	392887	241130	275982	234348	162770	196723	250827	214043	265693	172195	159528	376768	137975	112700	85169	95415	153835	320432	285650	310990	281041	296599	283045	407363
505	1.293	268.03198	395367	322888	308369	312844	341949	349143	230272	263636	293914	280740	251034	378414	314204	326592	298321	272060	224581	318166	330466	418209	308993	331569	322787	391211	392887	189485	276842	234348	162770	196723	250827	214043	265693	172195	131872	376768	138345	112700	77526	91304	149978	320432	280892	316112	281041	296599	233538	407363
506	1.81	268.10364	1096920	594798	603230	1045021	1040691	1307374	584021	1012232	446659	732510	1712958	1562380	961048	1080815	719714	1015105	319291	1497750	828126	867462	883367	989870	2053476	673039	62794	313484	344662	483203	529811	31206	37286	453534	29947	66774	17691	539924	58317	37972	81115	31796	73007	480984	150297	96716	53775	72719	22589	8978
507	1.765	268.13818	14278	9573	17048	10669	6513	17464	3115	15333	6383	1734	12866	14106	7618	11598	9214	11641	30567	13942	10843	10312	12056	12969	6610	7304	512992	289762	356772	440732	338852	245480	379092	271887	255418	369847	402475	343160	237916	275487	330896	381625	282527	289830	186050	416011	265909	172450	298786	319502
508	13.029	269.13708	131599	51156	133927	176503	194851	60787	27005	147047	109134	82840	28255	112534	53699	149562	127121	140072	74370	169325	108539	150592	103181	176144	144769	168200	0	0	0	0	366	265	455	452	0	0	542	0	161	177	0	0	283	114	764	0	450	0	0	757
509	12.375	269.13715	302204	89929	287913	311497	274959	63314	20591	218253	136096	124034	21196	139762	57862	174282	169975	201469	81343	248206	167119	294302	126724	270015	230142	399186	420	794	0	142	0	105	648	0	1072	159	0	0	155	453	0	0	0	606	686	0	0	156	992	0
510	20.621	269.22522	0	0	161	48	0	156	0	0	485	73	0	0	0	0	71	0	0	388	286	0	0	187	0	178	213414	73415	96349	72756	82222	63073	32855	63707	121609	100231	131764	67648	124846	65527	105410	130995	143310	162207	50553	123290	136218	47364	47526	59328
511	1.508	270.16873	0	0	0	0	0	0	0	0	0	0	0	0	0	0	0	0	0	0	0	0	0	0	0	0	83551	96345	210224	207764	90812	183570	224766	200575	68843	51775	61257	281956	91891	162499	521920	311997	121146	107989	156723	220451	204691	177684	105023	201063
512	12.287	271.05893	0	2267	0	1234	0	0	765	0	0	0	442	1131	449	0	1018	529	0	0	0	1113	0	0	0	0	24190	129365	124986	114714	337812	58067	332797	115602	130820	199581	530518	104409	97305	83433	78631	22756	152814	246924	249913	111092	640829	32920	20482	588124
513	18.489	271.20456	342	105	0	0	0	108	0	0	0	329	0	67	307	0	0	0	0	484	322	0	530	0	0	0	95796	67102	95841	48506	96851	52147	88143	91880	76665	84334	116016	60519	98100	60147	137102	204982	98500	161615	63391	66564	184638	63627	11622	68523
514	17.351	271.20468	0	0	0	213	0	0	0	0	0	0	0	0	0	0	0	0	0	0	0	0	0	0	0	0	194510	126340	207054	100182	141101	113724	145797	68596	93688	138402	94669	77091	171482	47931	75722	235423	148260	126636	192696	162023	407273	76837	34375	59473
515	20.126	271.20526	307	441	399	361	270	0	0	309	45	302	0	912	0	79	0	228	0	447	0	134	768	0	646	476	2274131	1376544	1719884	1341206	1901029	1140811	1245013	1537327	1449300	1500819	1198808	1026537	1715133	1088078	1232209	1664616	1461970	1369033	1115820	1192294	2689199	1573295	600768	939754
516	18.75	271.24112	23078	9059	8136	8671	8734	8663	5995	6221	5274	5699	4849	20232	5114	4304	5268	4351	4402	16524	12258	11770	10412	12041	9280	8770	7500180	3175330	4769622	3764019	4681452	3991933	3372237	3487277	5541596	4235723	5420514	3133967	5541962	3124419	4204430	5808913	5583491	5287362	2769514	4730804	5737298	2324389	2820184	3080550
517	21.831	271.24152	2454	1233	1344	1282	924	819	905	920	950	644	609	2435	436	571	246	354	463	2287	2009	1957	1615	1292	1568	1245	216993	65030	225974	145937	211818	62326	70104	156702	219503	147588	103220	103384	151380	55322	95586	92678	158891	98373	74732	74882	150100	64752	96237	71150
518	12.415	273.07452	31036	57528	49715	45185	68869	70377	46087	17750	53529	42554	34835	28161	48406	37367	56857	90210	62928	15927	47367	25576	39182	24876	31538	31358	64654	40584	47934	42294	678618	63821	69876	74838	96360	230631	90869	122411	104481	87968	90865	85424	64348	68682	52722	41793	58146	40601	38290	33434
519	11.228	273.07468	348613	600567	228584	217102	565701	657806	693560	253052	556633	637755	812958	408847	607416	389650	401980	646042	239922	109059	202028	224131	397444	283731	574261	358564	136833	210733	180219	175690	240573	158620	229894	252166	223250	262592	220323	262014	141251	204983	226960	309334	184703	230506	228929	224800	231206	172978	150555	112563
520	4.702	273.07477	190518	281210	353312	393032	500556	440845	490543	186590	258416	254262	209677	301234	176502	439188	327931	645723	145749	233111	369904	286791	188090	366995	461613	194045	1066	508	1807	1029	1448	1056	982	485	521	1168	1401	2732	1807	992	689	1570	717	215	2304	763	1920	1479	918	1051
521	11.196	273.07483	348969	600567	228584	217102	565701	667458	692473	253052	556633	637755	813258	408847	607416	389650	410185	646042	239922	138723	214522	223260	397444	288135	574261	358564	136833	210733	180219	176330	240573	158620	230541	252166	223250	262592	220323	262014	141251	204983	226960	309334	185759	229964	229571	224800	229812	172978	150555	112563
522	1.417	273.08121	928031	1004212	1478292	1257507	2553441	1561641	2196068	1384091	1797580	1480600	1480612	1580668	1837245	1642390	1359821	1100512	3646461	951323	938110	1522064	1145276	1008844	1768970	1484103	578861	344571	289788	104307	438053	655730	435958	1109084	792383	572671	795327	322009	1050666	821993	733110	429829	686073	516992	213223	206609	335139	256898	157786	748891
523	13.468	273.2049	0	0	0	0	0	0	0	0	0	0	0	0	0	0	0	0	0	0	0	0	0	1084	0	0	114832	115607	141239	135941	109495	86607	41954	111925	154856	158881	54448	46696	83575	343869	140345	37703	166324	179207	76759	104530	84463	26802	103599	61248
524	13.933	273.20502	0	0	0	0	0	0	0	0	0	0	0	0	0	0	0	0	0	0	0	0	0	0	0	0	261102	104988	161977	134375	153068	151499	94264	155011	208776	160200	87996	58570	83644	275712	135123	86027	278660	215178	157375	131464	87633	124525	93488	198821
525	15.004	273.20505	0	0	0	0	440	0	571	0	0	0	372	0	0	0	0	0	0	0	205	1007	205	916	0	0	103449	151937	248373	119580	116751	159990	63228	50706	84041	99787	20483	32400	98234	151756	90871	75601	238429	93525	124065	309558	63084	10219	46585	187045
526	19.942	273.24118	201	1540	426	0	295	1014	2751	682	325	544	3465	3055	219	366	2847	0	1119	200	217	277	0	1014	163	1405	121358	98414	107448	108667	79861	97934	103334	100857	70165	73689	43137	137676	60420	73307	75590	45422	146690	106884	149707	130368	95471	151322	169531	183628
527	24.525	273.25616	167	0	0	0	0	0	0	0	0	0	0	67	0	0	42	0	0	101	0	0	0	0	45	0	114855	55871	75213	66949	91770	61936	61171	62952	87128	71161	84165	52426	76487	50657	60009	84497	74991	82363	45442	64841	82564	32429	46860	48732
528	16.385	274.27286	104550	144002	169361	140218	37255	177990	757315	189786	178894	206116	159861	49239	205338	203798	49035	240495	77050	38858	223970	250560	161854	153240	159104	181602	107692	123981	98907	134008	100119	114279	95499	106292	69579	112033	250352	172381	116777	138579	92048	152106	113162	125373	162745	123027	93242	148037	95683	227816
529	1.5	275.05197	22738	22049	32068	8045	10252	17895	15920	27512	22128	9837	0	1792	18288	12115	30859	21537	33022	20625	12637	23448	12999	36454	0	27941	689550	527190	719133	700850	498905	435753	305394	302945	344447	421475	290399	585713	156255	271123	181389	292156	240551	486198	291613	772926	675214	423287	1404780	500852
530	1.425	275.06036	799271	1338676	1261040	429569	232661	246760	120474	400694	822502	614693	348863	787931	285428	270689	557526	340591	127244	419970	595371	474293	413994	1001550	323447	694075	331458	150245	147598	230622	71394	98166	111778	122041	117554	68833	57772	329563	22293	29994	28042	33911	50320	115698	295535	584753	120858	190790	320302	159858
531	9.584	275.09039	468542	426288	483354	586614	654326	747025	618669	374941	624902	560279	371351	240176	565494	406506	508034	797958	587097	430074	577710	446024	263704	732553	281756	517705	1438	354	181	0	0	1017	0	1639	0	755	0	1308	0	594	231	0	0	1317	173	181	1093	832	0	0
532	15.317	275.09045	599832	508421	410769	703516	540881	419914	867245	827709	407565	686329	370682	475696	684238	631438	784784	778578	723836	547346	907521	499052	475476	858477	578543	592862	12809	4944	2591	15730	6038	5961	5285	6896	2555	5305	8114	8125	1262	3414	10538	3255	2089	8578	2644	23184	2044	8013	10027	11028
533	12.731	275.09052	56955	206740	44998	13322	126051	103645	331592	54884	127522	418326	386664	77252	338357	77253	52083	238752	27235	31743	42076	28959	111593	33722	87557	64418	81908	52830	60267	62346	49781	42659	68637	40604	53045	57532	60840	49645	34077	40724	43713	75119	46626	47398	48652	31715	48022	21490	29114	43762
534	17.565	275.19937	37194	20429	43190	75188	50123	52292	20344	46939	26308	14379	42849	35663	19368	52079	23681	24524	24825	55227	30674	112585	59991	48610	72588	47253	59023	56743	56497	36232	50043	48412	39530	21885	32777	44062	28143	54833	20953	26123	20055	27232	34440	64231	58342	41472	38487	55622	61673	72565
535	1.504	277.03177	1481530	1626724	2551978	1402563	2013124	1799676	1955143	3055244	3047571	2620928	1809716	1991998	2001508	2429600	2256918	2521476	3182700	1848974	2686670	1284755	666788	3262740	857000	2057184	404656	182385	451091	415028	217254	224379	144736	156507	227543	221084	128460	454942	109074	215470	212281	87461	152753	373595	127661	320519	178587	298449	827232	358482
536	1.483	277.06723	53341	40592	68704	48674	92344	38525	38416	54915	36575	48053	51788	35253	17857	57869	30731	49282	117952	66467	59195	63286	36144	53362	39980	54235	590417	356421	573876	694474	224030	167563	149497	162941	192692	259651	110980	467349	57352	78675	93613	68956	216966	290120	412498	725301	236483	261199	843362	219040
537	15.852	277.17892	1496	789	2150	3142	660	1895	1828	2676	1560	1482	1961	1637	1131	663	2283	1909	576	588	794	156	1315	849	1794	894	1568153	188483	492411	186462	310641	716279	155289	124200	158030	552992	620783	265307	323663	144964	146202	371646	557883	202096	217716	183758	246581	2945780	32486	106938
538	1.655	279.04614	0	1442	0	1906	0	0	2645	0	0	2830	0	933	0	0	0	0	9894	1798	0	647	0	949	0	0	465778	483875	673250	636481	390441	398173	190658	306333	342299	468526	272509	441104	169432	54271	58586	94368	541615	420518	306646	383063	626505	813100	376878	479424
539	1.439	279.08075	679978	762300	1104857	539196	274589	377556	175388	618728	760231	506176	458509	580465	364669	320308	676743	434967	242370	482000	515008	521116	323148	720786	341515	826994	681350	458329	495438	478298	243470	413262	497097	416423	411576	329606	247408	677238	95793	120453	54740	133537	163902	447255	587523	840257	529707	557326	572751	609958
540	1.487	279.08087	825099	900586	1140671	554481	270502	407727	175388	618728	757301	506176	458509	592704	364669	320308	676743	430919	242370	482000	525429	527978	326853	720786	341515	826994	681350	248546	396547	289046	196509	229227	279526	236518	244372	264943	148917	460833	80147	120453	54740	102710	163902	363087	589735	600964	285710	347600	433845	489806
541	14.572	279.08508	671344	938629	281073	1181924	1237302	1719540	1296699	766817	818305	724640	1665610	918787	1699377	1117890	725256	1126736	830748	1006318	1132734	645534	1143819	1213398	1714058	737104	5935	2797	1663	3165	2577	2265	3577	4298	2122	3124	222	4554	437	2870	6777	1676	1711	2491	1726	4709	3489	4095	8049	3959
542	14.153	279.08517	100177	241313	24748	256909	321396	516073	521814	113843	184491	103407	409557	123022	582538	306431	171401	208565	120991	280412	209690	115644	362119	211205	302116	185188	998	0	0	0	0	598	124	350	0	0	0	238	0	0	405	0	0	0	0	0	0	0	1892	483
543	15.107	279.08524	29834	36622	16338	41190	37784	63550	38458	41276	36312	35078	36683	51344	61390	41690	36795	48895	26552	41917	53334	25606	38350	66142	56160	51899	1222920	1020107	482220	683650	913830	562900	950144	1265547	430432	636139	320891	732637	317587	830218	948790	325017	401593	720506	657010	1284127	572606	1171544	2112954	923692
544	1.394	280.08865	16880	5375	6338	2674	10993	19584	11224	6992	8385	14593	10240	10787	21034	9474	6296	3820	3297	5416	8223	12784	3384	1348	21328	5841	393324	271532	525774	273472	232968	339728	460956	488590	305810	324013	286628	623515	196891	209807	134484	253122	313790	448773	527423	228146	457948	634016	400911	654154
545	3.338	280.13785	0	0	649	0	915	0	0	0	0	0	0	766	0	0	479	0	746	386	0	0	0	0	0	0	66120	118550	184808	416519	131958	89983	165059	120450	92700	80786	79373	83745	352210	433804	189006	295414	112145	127814	111743	125445	48881	43927	136834	163633
546	1.5	281.06961	370177	413260	583370	502870	1019629	733866	1433586	834798	892199	656600	757324	460582	610874	550626	784387	562557	1521250	331174	439145	536866	304026	767055	507378	423658	5425	3950	5741	0	120642	63120	33973	125402	154425	72680	197423	1355	261791	148966	315962	116354	55878	36232	4085	0	6153	9805	0	36347
547	1.3	282.01157	226894	249870	244996	203085	171026	255470	231198	321446	245656	233510	330959	138973	120253	172124	279657	225540	153560	234382	150687	197184	179925	218045	132311	177626	26084	29965	19404	0	200954	168095	136279	163181	174812	177852	214325	5105	192662	127200	108306	182901	123038	123835	34359	9388	19829	14911	0	87159
548	4.239	282.1535	0	167	0	0	0	0	0	0	0	0	0	0	0	0	0	0	0	0	0	0	0	0	0	0	64971	42008	35759	56151	34143	41374	54535	86688	52938	84641	55517	65112	76197	105809	53199	69754	79232	59456	101556	40365	87001	52431	17630	54823
549	1.805	282.15381	72833	24686	99982	55368	34797	20859	22045	40257	18152	16519	23659	79125	13296	32208	15658	26417	38014	53234	54378	34998	28648	36401	34166	28162	489957	348435	616133	523788	245184	160924	405924	408269	457183	485671	587895	480195	365081	509057	391053	323350	433914	609261	406126	1069897	743663	350294	1294221	522576
550	3.893	283.08002	155156	89901	68482	311956	384646	121123	186590	196141	477258	73872	36969	524163	454276	284916	91337	963647	95307	1319056	844193	483922	158660	359929	286612	376687	0	0	0	0	0	0	0	0	0	734	0	0	0	0	0	0	0	0	0	0	452	0	0	0
551	1.74	284.13275	38746	19603	46426	24445	29530	37215	35651	36395	40017	25401	26639	37012	34194	23494	38501	33300	39762	30890	32178	22907	18694	33976	23303	26299	213759	180623	195137	297462	226582	161205	134533	222471	123938	205830	144196	214484	153788	225440	151650	155926	183115	141075	121240	254092	81526	55055	207668	118466
552	1.274	285.02835	252376	243675	234937	218827	223030	239786	195461	153586	222461	264653	170162	253887	221631	166337	210762	198086	141745	177088	212649	214901	189687	192314	192547	213188	196267	149018	162979	136185	93545	116724	176758	187857	155098	131364	90352	214602	82647	79774	51524	68483	101822	130041	197377	166320	137845	197660	164988	156499
553	1.526	286.06912	44782	68465	70052	64804	50536	51333	34385	54597	79653	87515	62444	83190	64637	74542	69948	66345	52477	40171	75440	56726	30671	74637	55222	63562	2985	1008	0	0	0	0	0	0	0	0	0	2121	0	0	0	0	0	244	0	0	0	0	0	636
554	1.62	286.09155	161730	138059	229664	155823	560122	615411	1039736	111405	108118	121572	621349	203735	414832	398397	259378	293805	114152	197982	305718	157332	365194	63951	236754	134722	5284	0	2934	1853	1906	3595	1211	5413	6766	3452	1216	9924	11080	7537	8667	1900	1464	920	8298	224	4800	0	0	0
555	14.772	287.05386	219440	370892	280829	412649	422957	662222	448955	494369	394207	440367	523885	534498	481110	354367	401337	390686	373405	366762	579746	276371	289613	720031	617215	295049	385341	506287	242934	311592	282144	202451	317263	304172	193775	289377	203251	471255	203660	395219	189788	181610	225375	206247	468314	260650	218919	380421	364585	189798
556	17.824	287.05386	207687	267656	274310	264961	273367	110890	403660	191427	223955	270348	76856	192132	198808	172561	306721	330588	258512	262101	288687	236253	205830	389025	130771	317222	2174	1339	287	1418	490	485	356	782	809	1201	955	1836	1108	1422	1072	356	666	1428	2155	1755	254	1554	1232	1228
557	12.071	287.05392	4118651	3625331	2298518	5323754	5085554	6553264	4337463	6360928	5694879	4355036	5640028	5281388	6201100	5889382	4510316	5381672	4559329	5666864	5055973	4923100	4478172	7056515	8666277	4194948	1794587	2011420	1301360	1267724	1145388	1042972	2046492	2229760	2891387	1407388	2730718	2676694	1810098	2389062	2206860	1678704	1870758	1838726	2126351	1414787	1704713	1490609	1594863	1370449
558	12.783	287.05405	4165284	4553243	3581318	4089730	4139348	2421556	4671458	5735802	3390668	5055686	3207280	3784827	4867165	4618658	5226545	4133158	5889996	3020726	5013212	3399582	3691042	5983231	4721981	4500599	43557	41764	15811	22135	24353	18415	37331	55651	27373	26870	42389	75106	32731	44928	42813	18671	17738	31059	19556	49369	23893	39851	69157	23461
559	14.827	287.05408	226222	422387	314212	410863	435256	662222	448955	640425	499757	440367	533728	609237	481110	445982	511412	390686	412138	366762	627335	284594	285350	895404	619468	317459	351079	504273	221408	274993	270167	202451	269924	290756	193775	289377	203251	380797	202597	375737	189788	177975	223206	206247	389600	256220	207755	357048	307208	188050
560	12.063	287.06412	46090	55571	39799	76748	95987	126134	71007	109391	72882	84546	81039	61151	121804	117655	88437	84936	97341	104010	51380	79429	72886	178442	147168	55598	33640	29160	21340	13489	17663	17500	34440	29451	47572	25170	45352	43024	34360	29101	35555	30312	32902	34009	42193	19156	19555	20338	24869	17470
561	1.54	287.06964	375008	582982	473283	315899	162024	272938	150862	518819	424963	352580	285095	256213	218353	145110	523756	367498	119176	288984	359960	271829	215773	703098	172393	343125	9516	16695	15514	6158	77726	44637	48624	52000	92758	45460	85711	7803	47898	48496	42409	56317	32572	50103	24719	1927	9532	13818	2746	38353
562	1.602	287.12241	554	0	11278	606	39780	15943	4330	3715	3150	2500	1144	5458	2485	9689	6035	3755	52919	551	4894	0	10629	845	7458	3463	125986	307260	128710	112441	139336	76682	67789	133090	84424	119676	86240	96587	120800	140355	140394	113561	134595	78708	59666	114955	188042	76240	123885	33032
563	11.394	287.12634	0	503	0	0	0	0	0	0	0	573	0	0	0	0	0	0	0	0	0	0	471	0	0	460	259721	199295	225007	176860	207208	211854	162920	129810	126552	202858	160652	144880	134537	107692	106302	106060	109464	180690	206672	128740	195336	100763	219949	247002
564	13.927	287.19925	0	940	0	0	0	0	563	0	0	0	0	940	0	0	0	913	0	0	0	0	0	0	0	0	170826	109189	219824	117298	171937	111031	166526	125514	97387	143309	77603	76311	183769	95449	60429	281883	110300	88963	146515	142653	477874	82137	32960	56544
565	16.539	287.23584	15214	6493	5461	4500	5526	3565	3550	2905	2470	2009	2623	13389	2513	1731	2064	1112	2548	10796	10667	9897	7189	9392	6362	5471	1459158	362323	1020968	695400	630495	606405	302445	292763	827632	675353	1197174	282846	778260	423064	766743	1002086	1061061	957622	289334	713521	973628	263188	378437	392230
566	20.624	287.23596	3285	1032	783	745	827	603	872	611	188	889	184	2143	79	358	576	43	0	1852	1960	1554	1517	1902	478	1095	1929752	851480	1084088	807667	1001945	725723	534070	739622	1197832	901588	1276319	705965	1272944	750795	1130004	1272759	1439222	1502403	594675	1147810	1351586	543785	594688	734848
567	1.469	288.0856	58864	130347	124073	132024	115838	120985	127709	65154	140982	156955	102116	140556	124039	91752	122999	82437	255087	103585	83795	66158	67932	112905	75058	89254	28505	15148	4791	1882	15193	22340	9495	44871	28376	19352	30446	5661	16097	13681	12013	7678	13358	9199	1078	4011	6850	3394	0	20422
568	1.509	289.06741	19960	19296	21253	25777	27600	31283	12785	39632	18779	23945	25006	15772	2614	27917	14820	27753	40163	35893	29977	23023	14103	36822	20084	13047	688287	262396	440030	609733	174570	157120	201587	122427	159799	281281	179570	701709	117344	95152	107130	145756	105577	285394	190694	424997	264281	349620	550553	355767
569	6.579	289.06955	244698	413264	234618	227277	371776	341020	329481	271121	311631	311933	363268	283548	380445	283922	270614	451026	291247	260058	281241	196045	297939	224684	299386	241913	205440	218466	191393	199689	1686652	237219	212464	201356	1558186	966497	230816	271857	277560	230526	229710	294369	216433	134703	302103	162837	227151	195389	204669	236983
570	6.609	289.06955	244431	413264	234618	227277	371776	341020	328389	271121	311631	311933	363268	283548	384465	283922	270614	451026	292502	260058	281241	196045	297939	224684	298945	241913	205440	218466	191393	199689	1583144	237219	213472	201356	1498714	934087	230816	271857	266852	230526	229710	294369	216433	130303	302103	162837	227151	192355	204669	236983
571	4.158	289.06967	640594	664795	493378	480327	534825	776909	425858	459346	566289	345116	678078	377761	560333	400603	553233	593247	404587	534478	551711	348216	647648	426008	302996	350780	11915	20083	15118	14957	32633	22542	25037	25284	25502	26592	24092	21912	35043	32395	27759	34123	18473	13022	24441	21268	27117	14684	17646	22749
572	1.939	289.09088	368538	346049	258034	460997	273682	444706	959718	364122	373656	1056087	436908	546985	560208	356546	415571	522881	390456	579769	687434	313721	414574	738764	456064	417303	10188	2146843	628222	1079936	408615	2223007	899177	494321	2248670	13314	9030	1973571	2334829	10469	1361848	1762929	804370	10687	281673	1110900	962766	44334	1701887	2615646
573	17.561	289.21506	1077	257	0	0	604	0	0	505	0	362	174	481	0	192	0	0	0	620	0	457	0	143	109	194	228136	153150	179500	75067	158264	99017	130672	79802	124045	152416	165168	62709	94006	65454	72703	172020	198225	261893	144735	62087	268161	91185	21067	144090
574	18.491	289.21506	634	772	265	0	154	0	0	0	89	0	0	99	312	0	690	89	498	168	455	0	309	981	343	430	122713	81498	126854	67165	129133	67395	103997	101287	108520	109210	135194	72436	129487	77645	148379	241553	135214	181800	93265	84480	235817	67509	15910	92508
575	13.96	289.23599	1190	973	0	1185	1089	3084	0	1860	1040	3264	0	1608	743	1498	2714	2682	1646	0	1209	944	0	0	0	992	479945	79416	117612	126057	65486	385037	187538	189460	69939	113154	109592	114185	120909	46665	89450	48969	226525	300680	223992	199917	139664	49282	140454	553876
576	18.752	289.2439	274	0	0	0	0	0	115	0	0	0	0	189	0	0	0	0	0	272	0	0	0	142	0	0	248120	109582	165560	143880	155666	182259	127040	129841	238883	117701	179956	98533	146246	103112	124035	236461	198335	195150	90083	101558	164842	73396	117202	103689
577	18.757	289.25165	81815	26573	26064	24323	27183	24043	23710	22284	15926	23359	15951	72709	12876	12136	13128	10702	11410	56642	47686	41062	33631	37086	30509	30001	16782758	7910365	11639605	9050514	11427831	9726436	8167777	8385802	12916826	10259524	12321531	7687009	12695578	7698516	9801505	13223995	13243587	12498562	6676963	11532414	13586121	5794576	6945150	7642446
578	18.767	289.26755	311	0	0	0	0	0	0	0	0	0	0	0	0	0	0	0	0	58	120	0	0	0	0	0	106954	51017	68713	55134	73904	86566	66578	61383	119917	86318	93892	69273	111094	38968	59746	94218	96792	87546	43246	105059	113364	47671	52288	68712
579	1.447	291.03671	143860	173700	141612	82110	45490	51332	31752	100785	158040	126733	81807	93629	50755	46450	112013	79376	34445	60419	103564	55226	60297	156050	58168	112887	0	1826	2828	0	11677	11260	7094	12567	10094	8100	15906	0	16201	5847	7918	16328	9659	16874	3834	0	2043	0	0	10777
580	3.599	291.0744	97692	105342	148882	106570	138266	177803	94426	55544	103690	67427	140980	57432	89641	255922	139105	325203	129766	72740	109863	56826	61549	188960	98557	116981	156406	71147	61903	136805	55750	70949	62995	217567	211192	154738	65453	73372	228246	220462	164625	100980	63094	164242	97405	117139	145634	172261	181858	183462
581	3.56	291.07663	119379	182691	130345	134312	140799	164598	264793	173519	100614	178051	128045	154899	158226	246042	156490	307938	106117	206686	162030	114848	69425	168895	219840	139202	133246	135115	141644	147276	206202	191120	193506	202377	162887	157639	145797	144697	241832	226114	165929	178815	156012	147856	185440	143217	151268	162680	151756	141369
582	3.601	291.0853	8061192	12664520	10429764	11417322	10423303	10965967	17210108	9854092	8180006	9825445	8506846	11366193	10893476	16561947	9870036	16992030	8677329	11223114	12799333	8619995	5569584	13449038	13774450	7728278	9433743	9297341	9002114	8774352	12681678	12386590	12726849	13103098	10410957	10578716	10098882	11252170	14045416	14070448	12624871	12160180	10595347	8586046	11628675	8876391	10844859	10584925	10346270	11767810
583	5.636	291.08566	17517712	18070008	17147920	17316310	331333	22169156	16318431	15919353	17388060	15470471	22474432	13340208	19020460	16036582	18416332	19319608	14089304	17780730	16699743	13405689	17117174	15780868	12767816	13849560	342105	435364	371528	432047	1063709	698920	934619	1091698	483218	1308244	503280	494625	1292230	1253574	1191400	1049194	624689	535420	611714	441630	698328	602853	674406	457999
584	10.584	291.09616	40676	6882	189362	83908	53840	195646	228918	92977	69173	193607	15159	44515	55759	164244	99504	53661	146033	78211	50147	44819	183227	104464	81413	56573	0	0	0	0	0	0	0	0	216	0	0	0	0	966	157	0	0	0	0	0	0	0	0	0
585	3.61	291.09744	64687	172666	101104	189206	124940	229412	226043	160709	96868	78528	121368	115837	105644	276228	105290	225950	120368	157371	182332	109270	72323	175956	102851	59264	146870	65229	104535	139493	190144	181925	194354	177895	172548	127291	156535	141659	65678	105763	192531	119411	120633	75519	162344	125986	157963	129621	134832	190727
586	1.439	293.06226	126179	185117	159250	176560	336989	116532	233286	149931	179852	114022	75549	97525	167838	255098	155747	227756	479155	175634	82598	245836	36875	125178	177565	134013	125656	127566	122551	217428	119978	121564	116254	175714	94972	191479	67397	223584	95124	157145	140856	84409	117145	143475	135920	70160	129771	88425	137002	86821
587	14.826	293.10056	571469	616268	358723	755962	827077	467054	1239440	450614	629295	434568	421477	341998	1059692	711600	847672	607767	539541	866851	846258	408036	498833	695484	441881	453308	5206	1766	0	5225	2116	1622	2628	2587	958	1610	812	2438	534	2274	8935	195	362	4258	1124	8356	0	1509	1266	1875
588	14.006	293.10056	231648	242507	261869	219678	182124	61667	169818	317071	217878	230858	76984	222194	190549	153610	270832	225464	383919	254274	258688	145767	149972	426213	125112	198836	587	0	0	0	0	0	0	0	0	0	0	0	0	0	109	0	0	191	0	0	0	0	0	0
589	15.323	293.10098	3411811	3187786	2553121	4138330	3299468	2636120	5089702	4835114	2517868	4069930	2380832	2865214	4167101	3756515	4628198	4656081	4542342	3422974	5241347	3126396	2904562	5153831	3438392	3387182	136453	47690	27514	165323	67810	52853	64337	87132	21627	46107	90557	91690	12242	32644	109585	26344	18773	82928	16130	211693	14486	111457	110994	108930
590	14.363	293.17355	803	0	0	1660	0	469	0	219	0	0	288	1626	0	510	0	0	0	293	355	0	0	0	0	0	210058	60325	141183	76684	175247	113572	130734	83542	128994	115111	180319	33245	225945	68222	122902	157902	156999	131789	97725	35388	308697	189864	15394	61162
591	14.091	293.28235	233761	199666	208538	223982	230744	123578	100159	217994	201266	159176	210099	254255	167428	186550	126906	118284	133866	288851	194691	298563	217132	182389	277823	149376	0	0	0	0	0	102	0	0	0	0	0	0	96	0	0	0	0	0	0	0	0	0	0	0
592	1.532	295.07492	123245	195064	214527	181639	165196	155127	126399	207894	207100	216041	190195	281358	219855	217102	192223	175169	140014	149046	190634	150408	108336	265690	150601	167277	7743	482	3623	1336	0	0	0	2920	921	0	1419	0	317	2925	500	523	1230	0	618	569	1052	0	4202	1977
593	1.607	295.10117	0	0	0	675	2823	0	4659	975	718	0	0	0	0	591	970	2212	3934	2872	1848	1331	2888	0	0	4236	91191	85698	94849	132461	131340	141296	87029	115564	99987	95475	120522	191368	101141	108275	63543	100353	90387	72566	88175	155003	162138	95661	92156	127283
594	11.762	295.13129	328	1915	2080	409	7243	4688	7945	4332	542	1214	1166	1474	755	1873	5062	2720	3568	1319	1488	0	499	1396	1346	1705	156950	89523	110976	117388	73116	121302	68215	121418	125533	73427	63090	188208	72363	79229	57214	67638	120755	141069	151018	103501	73424	164990	76238	121567
595	1.507	296.14819	0	0	0	3124	0	0	0	0	0	0	0	0	0	0	0	0	0	0	0	0	0	0	0	0	223047	284777	470267	525420	317725	322735	759073	571718	221340	139556	141566	575535	556364	535889	1400310	1069716	365424	399142	841476	730346	847402	310464	117916	754896
596	1.867	296.14838	0	0	0	0	0	0	0	0	0	0	0	1568	0	0	0	1296	0	0	0	0	0	0	0	0	1703603	2048320	2645032	2956412	1865114	1954464	3408514	2425815	1543920	1072084	805192	3117521	1814244	2008901	4416073	3501396	1705566	1996402	3474358	4584782	3817536	2417319	1186437	3588482
597	3.167	298.09534	61138	68543	56456	107482	148468	102683	57303	142059	60824	78622	129338	108809	78862	111525	74869	55319	74017	104045	60253	92276	117182	63522	117271	69377	29060	40385	39212	39910	30039	29477	32209	27565	28229	29238	33043	19430	35564	30433	36582	51810	52615	30767	33701	29706	17543	52570	34034	36230
598	4.702	299.07492	392044	329466	397204	319606	273886	262540	368214	340626	325854	335423	333596	248957	332807	244758	335957	50463	255975	122222	150138	366411	400942	382754	392616	333192	0	0	0	0	0	0	0	0	0	0	0	0	0	0	0	0	0	0	310	0	0	0	0	0
599	2.648	299.07529	2079863	1282415	1869053	1849320	1611458	1413624	1630558	2160559	1577315	1488992	1641545	873699	1261238	1526718	2221686	443701	1859166	667339	796406	1608510	1227710	1684053	1157093	1494735	18923	22637	4099	17013	20981	13260	10583	22682	21291	13666	15714	10767	23035	29636	17185	18568	10960	15118	6158	8975	13577	25863	23173	15105
600	18.317	299.09039	0	0	0	0	135	0	0	0	0	0	0	0	0	0	0	0	0	0	0	0	0	0	0	0	10245	513957	178466	160919	43083	147417	182228	348066	17980	184927	32281	125336	152014	414713	64136	20206	86610	7010	254699	63241	36113	137705	15961	401434
601	2.853	299.11172	52011	30427	27636	25085	25526	26086	23596	24001	16831	20316	19766	56118	18084	19422	17852	21112	13186	57632	39178	38707	40673	33912	34660	31426	18077918	21468776	16220537	18575896	24173300	19654904	16576087	24109610	23268808	23686134	22216852	23008880	27378126	26932826	26768142	20863936	16061336	17151254	20804252	16408542	22218544	21400490	21953696	17711908
602	10.644	299.12604	468	853	174	0	692	1354	0	0	0	1266	0	256	0	155	643	0	0	0	0	539	357	1354	740	0	60165	99458	84212	76001	72650	52026	73993	48647	76936	71803	64868	48011	43242	25892	37169	39683	45307	19664	84219	105818	76009	91373	105510	82515
603	2.871	299.12769	0	0	360	0	0	0	0	0	0	0	0	0	791	0	0	0	0	0	0	768	430	0	0	0	109775	93190	143534	127970	109747	125620	98979	187034	105642	259582	120946	203078	237344	204578	119202	102336	150592	126517	133409	134114	178131	170234	94457	136935
604	1.595	299.13205	17669	1461	15918	18543	13347	12169	4436	14664	5708	5886	4159	9380	7002	12049	2738	4133	17434	8654	8212	24944	13066	9655	7605	13993	127321	158470	220338	130998	135139	110753	122438	138242	119963	183344	110553	204532	120458	137955	75104	103916	132492	122203	151032	133696	189723	145825	141986	146223
605	13.293	299.19925	745	249	0	0	0	0	0	0	0	0	0	0	0	0	0	0	581	0	654	0	0	0	522	569	702161	438161	648555	401013	467047	370890	365171	272281	238857	401135	163006	281290	255963	73318	97984	399958	349853	276685	611100	569802	1093472	269240	133912	160826
606	17.4	299.19946	0	0	0	308	0	0	0	0	183	0	0	0	0	0	0	0	0	0	0	0	0	0	425	0	703206	199234	413758	216993	307239	447008	299170	139807	221454	362000	399095	171674	442406	161300	265391	422708	426124	215991	339918	270874	682678	973513	77187	140509
607	1.303	301.00525	123235	181555	198745	128948	133304	179966	144518	171051	173546	174991	180516	102202	119148	106435	165531	150496	95885	129644	133448	111750	111333	132649	104516	91543	19979	17388	665	0	105271	95795	74002	89201	117467	108786	132997	0	126175	52178	57792	95328	82085	40271	17146	0	7336	5757	0	76910
608	11.791	301.14188	0	344	0	0	0	0	0	0	0	0	0	0	0	0	580	944	0	0	0	0	0	0	0	0	356782	156328	222580	225266	161788	237889	143154	186400	203855	196479	112442	188518	179537	235479	155635	176758	223036	195149	175670	181762	184017	134382	238510	133876
609	12.732	301.14209	0	0	948	0	0	0	0	0	0	0	0	0	0	0	0	0	0	0	0	0	0	0	0	0	34727	168075	112078	118352	94236	113046	109571	66214	123644	73449	94387	53325	61245	34310	54653	62488	68736	20828	103688	165437	99291	178322	130811	152988
610	11.171	301.14224	0	0	0	0	466	0	0	0	0	0	0	0	0	0	0	0	0	0	0	0	0	0	0	0	201683	79426	159885	126531	161178	243496	135921	134072	118535	131201	104815	114556	105999	133183	98880	62384	85895	55734	148460	99426	132937	133353	196639	178945
611	18.237	301.21506	2240	969	502	2841	853	156	96	682	0	394	0	2473	326	499	0	945	451	1070	1332	804	1105	747	86	1323	2294384	322860	954927	524541	788088	1311836	482585	369191	475448	1004927	1633990	399788	1082681	456005	606933	839724	1335988	445660	669291	344568	837326	4078659	135940	309112
612	14.96	301.21512	6867	5761	5495	6238	5211	2840	1257	3465	1695	2586	8960	6511	2245	5652	3130	2210	3530	6967	7404	7284	8794	7045	6905	2057	142622	58520	207629	102678	153938	198448	172079	78177	99185	67192	72425	52534	264039	67064	138792	201923	103518	86713	249028	118856	444066	82308	40220	48998
613	18.896	301.21518	2553	2571	2948	1913	3225	2380	1057	2612	1976	1074	2069	3421	1198	1141	1654	1049	2524	2695	3813	4911	2413	2188	2304	2480	1787406	712574	1557744	1246042	1613625	1641219	1559626	910654	1177357	1112217	1033673	606505	2071825	656556	1120046	1871091	1299611	898510	1725888	1097157	3543134	838828	399168	592216
614	20.13	301.21567	1482	0	569	499	340	654	327	287	331	1744	79	2790	159	858	281	0	0	242	705	506	321	990	95	238	9782395	6240059	7809323	6240904	8591266	5374838	5748730	7497424	7302871	7180981	5793726	4609466	8144582	5794100	6162547	8224806	7232894	6038719	5194894	5310471	10739102	6908365	2944634	4290218
615	16.774	301.23639	0	0	0	0	0	0	0	0	133	0	0	0	0	0	0	0	0	0	0	0	0	0	0	0	528699	794267	903682	1004742	663482	805797	357886	729795	496965	690065	356792	470398	801848	1576348	654066	792295	379323	546309	1052892	1785758	651616	201608	725921	1149390
616	1.54	302.08191	52122	66261	78456	55558	54225	55718	39480	89510	79739	63057	94271	102403	60583	85483	63520	63472	49091	58563	69915	51205	47023	97276	56399	77227	6578	3444	4180	5466	7148	784	3050	13908	6380	9782	7818	5610	7022	5118	3970	2795	3182	2512	9106	0	7688	2844	0	6684
617	4.56	302.12195	136682	164540	111449	115553	159523	106403	118524	191453	155846	173953	167484	184503	162942	142387	91424	129032	132760	153058	141087	189622	195380	111140	177958	109938	18869	20839	25457	21654	10736	10262	16633	17512	14842	15528	11979	25487	8659	13423	15556	24556	13943	25773	15273	32590	23190	32367	36388	20573
618	5.255	302.12216	394	1297	371	810	1677	697	0	1773	1610	2175	1314	2833	486	933	814	731	3163	1396	935	2788	1362	1713	3584	350	535092	1044361	238909	611537	567904	200678	144601	619001	292502	628518	368465	400335	714315	695771	1308459	337682	415365	281640	733794	301305	374517	427560	274311	246573
619	2.88	302.12228	115382	105558	113943	113876	251052	96374	98210	101009	122611	104455	116523	158067	102927	144480	98341	94127	106760	153151	125073	149605	242773	153818	170493	89839	30433	27223	31084	40129	18164	28832	36351	18871	17432	22278	24174	23750	15875	13681	22868	26139	27592	38712	30072	44402	19738	32885	35894	35176
620	11.44	303.04858	3455857	3032002	2177244	4049080	3964203	4420578	4212604	3974420	3823636	2330670	4877570	3628088	4336955	4067328	3753404	3476707	2720764	5557010	4337574	3395250	3625920	6365020	5157079	2807207	81901	220742	95668	72223	67719	134294	211742	335484	277710	106411	468925	227150	365068	333223	252868	176570	209016	185187	167096	174152	173462	366077	192540	131628
621	11.406	303.04868	3455857	3032002	2177244	4049080	3964203	4420578	4995980	3974420	3823636	2332410	4877570	3628088	4336955	4068184	3835508	3476707	2725000	5667522	4434219	3440006	3625920	6470046	5157079	2807207	81901	220742	95522	72223	67719	134294	211742	335484	277710	106824	468925	227150	365068	333223	252868	176570	209016	185187	167096	165144	164192	366077	190866	132958
622	11.865	303.04868	729842	948047	268864	1344588	553357	1267502	1854844	801688	1312624	484630	1420944	1184228	1046627	985439	532704	735055	690654	1764589	1902615	908181	1156804	1351538	1025955	855472	913	1579	607	0	1411	228	0	2516	301	1298	0	1362	0	1057	704	0	0	1727	0	2714	1335	1294	0	2044
623	1.562	303.06421	125210	177115	238509	133833	129934	137169	90540	268041	298021	246473	209564	166189	161986	149855	272068	158533	115170	99941	192893	108845	73588	262380	96739	143735	0	1084	0	0	0	0	0	1361	2384	0	2882	0	5274	890	2302	1068	1769	1133	0	0	566	0	1766	2131
624	12.274	303.1214	26864	12402	22820	19633	16189	17969	16036	30102	11612	13932	17158	22645	19970	20809	20688	19339	22620	23868	16064	32045	15800	20589	16664	16604	110690	39971	157454	78865	89086	114342	71655	102612	81298	103700	42758	89307	61612	85014	108214	71270	62026	62869	96580	127428	59398	147414	147915	78331
625	18.444	303.23041	4668	2069	1084	2013	2465	782	1339	1819	729	1065	589	3287	403	658	1344	661	734	2890	2266	2580	1819	1681	1124	1383	46741	65058	221944	40476	255928	123969	193998	20030	171444	140064	112802	55566	314251	123575	183699	56785	194293	136568	85016	60248	89784	91381	96525	50192
626	18.863	303.2305	2814	904	670	1440	578	1409	1266	739	695	682	1494	3225	854	605	0	476	872	1956	1782	1930	1707	1689	1715	1056	879266	308217	535764	317110	267803	392173	139022	226590	320843	365011	482643	306849	441193	518450	701663	482113	681585	797322	259368	850553	468536	475094	336673	430436
627	1.869	304.13788	70713	101608	121285	76154	140704	78834	85955	96111	94109	91364	90913	156449	81447	85970	73464	156936	119982	133219	115032	101640	91508	62700	67755	90889	6945	8728	6719	5832	8030	0	6057	6779	3225	4539	5289	4615	4592	6127	533	4214	2405	4920	4711	8912	2341	2806	4944	4326
628	1.497	305.06219	44664	43775	31667	27379	41225	41694	37998	33607	24049	29758	14364	46002	26276	39748	19604	38756	57018	43200	28664	45562	21954	34102	44269	37908	357621	235101	349491	702572	189798	151744	112203	109251	84541	160859	81317	404889	52694	62589	53812	80030	86337	165442	164821	463847	159960	134889	866089	213169
629	1.568	305.13235	10495	2537	30632	1618	125518	31277	7818	15392	31243	19287	18522	13608	5585	34202	23993	42608	56870	9091	24646	19543	121683	4309	56854	15112	77117	108562	75095	65715	75629	50089	43606	67662	85318	76106	50917	64013	78050	68114	79436	51344	76768	69255	45963	71977	81022	76604	73109	24802
630	1.291	307.06094	701927	844852	788819	699077	810904	595199	577595	629837	605677	640586	685927	778635	638862	596616	725353	554609	553053	722065	617277	771962	803056	713298	742343	670933	574840	423648	550135	505834	277095	418182	467558	350735	398337	344371	330642	735101	232084	166634	121309	150788	301764	495071	601183	784884	742603	646710	418284	729643
631	1.477	307.07742	95398	51097	100236	59885	93237	77709	106710	74603	70659	59813	40886	76214	55058	128004	60187	58871	167561	113879	79983	93687	101411	71848	61925	59334	231678	140698	296146	374014	130860	176417	137022	108663	110665	151580	81438	196047	82783	103156	90631	67114	135247	117758	147005	329409	111064	173657	388515	150110
632	2.833	307.08005	1224128	1752061	1296801	1935396	1041974	367282	3091859	1343932	2349157	4958982	3605108	782823	3913778	572293	1389629	1316202	2655482	1577786	909516	1709690	1385456	836382	347162	3872206	4202	6984	9284	7709	7729	14010	20283	14472	7153	20204	10845	6346	3910	14673	15475	16863	19344	996	6669	16578	5212	7859	27769	6488
633	1.601	307.08005	53251	28120	46790	43580	39523	36127	257578	39758	47107	93697	30560	32566	58252	53464	26870	60569	100250	53145	45070	40271	33595	56641	35397	47288	118526	99012	120301	174298	201483	228617	278243	331432	142280	182800	116301	161409	166099	288223	239019	95624	233723	48225	122912	281830	149471	92451	689664	157474
634	2.189	307.08026	523119	753509	844091	1157448	473578	52189	4055638	576285	1026308	2902132	998034	319932	1487596	707871	297135	1406916	1304454	716405	690919	910706	220309	1015517	1081914	1836336	1949039	1686716	1445300	1825743	2113748	2944326	3413536	3457586	2436292	2654460	2247551	2403628	2161632	3423710	3770031	2430532	3034350	528707	2149788	2834725	2689950	2102139	5628682	2175166
635	11.567	307.10107	250689	170941	67917	397008	61898	56747	54046	406324	530682	456310	189942	223720	299539	346415	283773	170736	541197	338831	303626	432627	233897	325522	287980	583080	0	0	0	0	0	0	0	0	0	0	0	433	0	0	0	0	0	0	0	0	0	0	0	0
636	9.369	307.1275	183109	243640	122952	133793	167314	136205	121660	178891	150354	152834	238313	238453	170374	173934	86217	110583	109208	177507	168916	209451	266956	189992	298152	105316	3033	1174	6333	3088	1944	3463	3715	3516	3726	1664	3062	4222	1333	3737	2163	4248	1050	4409	5027	3584	4551	5250	5889	5113
637	1.294	309.05743	139349	127382	122801	157553	152492	110330	100433	116047	94749	128968	126984	149622	108531	89553	151164	110154	112809	133356	119477	132997	133970	104505	162967	147705	113245	46826	111223	80805	58659	65430	77135	72672	99078	75353	55777	99185	44308	35837	18812	33741	61760	101029	87572	111387	134468	130474	105162	109988
638	1.266	309.06042	164232	137725	122801	171250	152492	110330	121919	116047	103675	139999	149926	169312	126731	92376	166416	112820	120486	133356	124538	150139	133970	115858	162967	157836	113245	58159	111223	80805	59622	70324	85406	72672	94689	75353	65361	108165	48885	53026	22748	43202	73708	92793	110385	108224	131574	135639	103313	109988
639	11.722	309.09534	140231	109411	67865	187069	105345	231313	177850	136423	114424	87189	132680	141011	107120	122838	76173	180330	230792	112235	116548	67576	120911	138070	91488	135501	0	0	0	1271	0	0	0	0	580	0	0	0	0	0	0	0	0	0	0	0	853	0	0	984
640	4.647	309.09546	23773	48923	16156	75068	31087	272918	71772	28984	26537	47732	51856	41938	35217	22718	30467	32911	282616	34137	69271	14815	30168	32257	24014	34027	184223	86290	111374	53691	74805	106829	55935	109216	85692	129059	74028	171061	94278	130380	52198	98150	133384	143597	94192	42242	178399	176753	294139	85353
641	2.243	310.14804	45344	51063	39996	37272	76968	48746	31133	59258	48962	26523	19092	35142	69903	25510	62170	40863	69091	47100	42629	28168	49467	70671	29841	36458	96674	125762	161296	326456	177056	115915	126585	203881	68823	153558	142828	123263	196806	461408	284746	168292	234860	145195	117774	68067	65297	98355	113920	186374
642	14.093	311.29291	179853	184295	182515	185953	202373	115999	70004	178456	161168	125271	163142	222567	149663	168526	106824	106480	112797	234216	156117	258716	169427	143721	221457	129783	0	107	0	0	0	0	208	0	0	0	0	0	0	0	0	0	0	722	0	0	0	0	0	0
643	2.165	312.16397	5407	2894	1784	1480	5180	918	361	2418	272	1706	4114	3293	3326	1958	2256	3420	7415	3965	4307	2972	3901	1660	2777	2028	167025	98786	168233	308017	132200	171898	90931	237805	118030	210922	230170	219411	122975	555604	261722	322961	125775	507663	60651	28974	31896	29518	258424	152205
644	4.785	313.08997	107121	61544	181663	116238	51256	76316	70756	190925	92109	67356	148968	117988	57894	174409	111269	54710	135154	88065	146464	141977	62511	80970	126928	96986	0	0	0	0	0	0	0	0	0	0	0	0	0	346	0	0	0	0	0	0	0	0	0	0
645	11.394	313.14209	1642	0	1000	0	1719	0	0	0	0	0	3009	928	0	0	0	0	0	0	0	889	0	0	307	0	704398	511038	617716	513961	577090	556156	451572	388714	386582	543032	441726	424477	374361	343124	306463	336038	331064	494352	550204	373849	520494	343658	568492	654587
646	1.736	314.14243	60302	28626	53731	44652	36661	33878	40164	45142	23975	21369	26678	77817	24067	26699	21342	32320	55919	57954	42285	49861	31364	25061	38692	30837	68657	76003	73600	98660	85245	73619	90064	85162	63072	93510	70489	87460	51875	88529	83961	97614	87409	68755	67812	68848	66567	60530	119732	51777
647	17.513	315.08496	0	0	128	0	0	0	0	0	0	0	0	0	0	0	0	0	0	0	361	0	0	0	0	149	12886	283941	117243	171303	50697	42470	91504	208534	33630	34290	12459	91503	15886	38879	30765	68453	59652	18878	170944	250769	56313	370364	214996	96674
648	3.288	315.10626	9180	8353	8142	7378	7050	8735	7087	8537	6754	10612	9914	7029	8892	7030	9193	6575	7092	7199	6959	8135	10034	9003	8881	8685	1520380	2747898	1394295	1722350	2545208	1508441	1117470	2168116	2432092	1497140	1184258	1935902	1822444	3470224	2335074	1460258	1468962	844096	1697458	1704206	2268110	2079409	3234699	2117812
649	10.415	315.17877	11761	3964	12434	13559	5402	5661	3184	5684	6951	1835	5711	27496	4318	8311	3139	4027	4583	16490	6797	23889	8569	4513	9526	7422	66768	205269	85926	89801	101155	98306	57821	90823	83655	87336	66902	84417	55019	97933	82919	97705	114525	74877	106996	101510	84263	261103	56161	93612
650	11.17	315.17892	5956	5108	12823	6432	2869	2566	2197	3114	4875	5023	3168	11171	5387	8859	4135	5090	1443	13915	1808	11546	7376	6818	7162	8106	108966	281044	81946	131201	52390	94108	91340	80442	45053	48719	32986	127179	17950	103260	35365	82090	152415	100896	160000	181322	89961	390522	59548	131766
651	12.149	315.17899	3132	0	4181	3766	4888	2078	0	3298	0	1720	448	1839	850	2940	653	1636	1669	2362	4740	4474	1600	3389	2364	2832	108831	157164	160996	77247	245692	26458	48474	85790	145072	226448	95810	67168	199696	103624	118706	62494	92916	43374	155072	280609	103972	42122	64640	110502
652	6.622	315.17902	1678	1533	2642	1884	635	284	348	1263	0	1056	915	3109	544	370	513	710	123	2429	994	1234	1437	1882	1210	1964	93936	160206	113926	57255	72516	110006	40874	182286	143446	78420	87588	109000	225514	172106	73485	305569	160094	81121	51364	183417	142115	28443	40223	173984
653	1.63	316.15857	19143	9433	21950	26159	13494	13354	8911	8567	6675	5367	7383	23650	7421	15566	6964	7367	17436	16672	11413	19916	15782	12801	19252	15182	86762	83704	130505	98051	71465	60239	94685	78481	85537	89201	103488	151247	69053	93232	66273	103041	94983	107780	85785	124165	104199	108893	119143	82115
654	17.173	316.28342	82594	54853	93496	159019	92608	113876	112467	182709	185316	100552	91863	187168	93697	86580	67893	179215	400823	161242	102533	101366	65964	85709	63678	60432	304106	1204797	910840	336220	425211	501399	358970	984904	491039	356295	864024	186568	572618	293657	307338	429634	1138511	603916	425779	258227	666997	364161	200360	302128
655	17.368	316.28357	181112	221456	321110	369433	364599	431119	337759	394291	438166	337445	296754	503143	306949	323533	236800	490724	801606	359823	289483	276291	243984	227146	288507	207241	130259	299814	214898	82576	108092	104380	70911	130505	73396	38041	235638	61457	105531	29617	55236	38607	194064	236443	167532	59784	124614	77904	43566	77761
656	12.179	317.06421	47850	45581	56276	55411	75119	65893	127386	51925	37699	30339	35969	51567	49159	75314	73968	63398	27640	213005	78372	32803	45019	117434	45769	38152	1073414	864117	595129	632074	609782	561625	1017629	1585251	1020858	699862	1053859	1377081	931213	2144653	1143877	943350	776646	812879	761463	342170	898163	1119749	1029198	915695
657	13.039	317.06427	0	254	0	0	0	0	0	0	0	0	0	0	0	0	0	0	0	0	0	0	0	0	0	0	41402	131859	40191	39688	88811	104846	144863	311789	158420	138791	90718	469946	160102	301138	201162	135357	97075	56209	51305	116134	153983	132011	317652	64614
658	11.733	317.13684	195144	110894	219420	198610	191929	167258	114556	252398	195890	138400	237840	218611	200889	220886	94580	142923	165272	321125	148699	233834	168592	210857	186160	188635	2091	0	1508	2626	0	4724	4256	2673	2189	0	2005	1234	1099	1992	3246	3562	3739	3567	3667	2883	1572	6036	1429	1934
659	10.646	317.13696	20157	10051	23102	25225	32161	49537	61229	14090	15077	23388	13528	25887	22718	22052	9921	18497	28492	31125	35843	12111	19742	32751	17899	8002	3197548	5454624	4629764	4258670	3764216	3336562	4261828	3188580	4155468	3866672	3572722	2848165	2708584	1949680	2356079	2799758	3075732	1493882	4522329	5636490	4574275	4620555	5129990	4509175
660	9.58	317.13705	152343	33005	52802	49188	57944	62018	75770	65046	40419	26042	36621	94782	44839	49885	170739	37366	83885	113939	82138	61977	64278	44065	47843	59898	1180714	1054158	1244122	1016134	872782	918834	796909	758541	987304	769317	629629	902696	514740	687564	603930	967396	805640	1228576	1144664	1165395	956462	1227157	1113222	986976
661	5.544	317.13754	25687	25214	24250	23086	20443	19595	40152	39386	18611	24459	8692	33789	26678	17705	32196	27081	39809	22938	27062	24481	21384	24614	17910	25549	7942650	5877178	7120213	7388050	5009252	6132456	5172512	6069155	6366062	5977082	4387746	7104198	4881970	5656583	5677104	6591397	8079194	7846044	5950252	8652903	5815898	8001572	5105329	5035384
662	12.072	317.19476	0	0	2194	0	0	0	0	0	0	0	0	0	0	2272	0	0	0	0	0	0	0	0	0	834	619876	659282	1090150	260535	441020	365235	149752	67693	549158	242881	314600	86052	480974	327031	304556	737138	255102	707515	521431	423614	382866	49994	150029	370705
663	20.124	317.21051	945	1098	296	1001	1119	404	514	362	283	726	0	1452	148	392	98	47	147	1328	329	1200	542	638	525	863	5177198	3038433	3710781	2929824	4114876	2419853	2717674	3092545	2668449	2936976	2362947	2264038	3336153	1908663	2150174	3093058	2787406	3081826	2510964	2804768	6374729	3783304	1404024	2057838
664	20.125	318.21646	0	0	0	0	0	0	0	0	0	224	0	148	0	0	0	0	0	0	0	88	0	116	0	0	1535184	875058	1101070	784681	1253270	605613	763362	967766	835387	916627	595389	602883	1023989	404161	674494	866840	793166	893700	571559	743310	1906184	1053142	219630	556485
665	17.909	318.29889	28938	35353	67045	79893	39446	72834	49003	75047	81554	72976	48482	136763	60223	66536	45181	96000	268933	45530	66923	32594	30348	60898	50013	38165	1188531	2105323	1373992	814703	1000878	857254	844063	1278673	1183950	768447	1556405	603883	1376525	594545	583445	746813	1647838	1351968	926270	543797	1556791	481612	266007	745548
666	17.876	318.29913	28938	35353	67045	79893	39446	72834	49003	75047	81554	72976	48482	136763	60223	66536	44355	95707	268933	45530	66923	32594	30348	60898	50013	38165	1188531	2105323	1373992	814703	1000878	857254	844063	1278673	1183950	768447	1552900	603883	1376525	594545	583445	746813	1642230	1344752	926270	543797	1556791	481612	266007	745548
667	10.179	319.04373	262004	251670	103092	201787	89726	79163	633637	138163	114833	398156	552421	149197	761125	122988	224581	178964	448295	539230	144540	278234	100914	325853	183196	316598	143015	214349	48973	51940	55454	66631	75145	174777	206890	146172	218226	78914	184794	70627	123416	102602	146015	278332	82340	87036	66588	48943	73413	33862
668	1.484	321.0929	53712	40094	49527	73128	60796	38661	24922	64583	22999	15753	21293	37324	23953	51755	29059	31906	78108	66181	47270	108545	41137	52580	61228	36592	51897	48225	69034	84104	18616	29049	25301	25613	30660	28800	27468	57253	13761	27213	10833	12723	23376	46723	37337	55061	24384	45830	99114	73462
669	16.244	321.09528	2826	1814	464	1228	644	417	820	1898	1256	2074	0	4335	1362	760	798	1159	670	1322	1962	1535	2552	2738	1830	786	958816	622830	295466	455136	519796	366527	615269	788631	306335	509161	210037	493548	343222	439929	589855	229675	281059	354821	466808	887700	359975	825622	1087516	403334
670	15.7	321.20465	141	283	0	0	0	445	0	0	0	0	948	0	0	0	0	0	0	0	0	0	0	231	0	0	99488	20155	120633	130926	205918	501590	282588	94777	123143	84281	80496	17491	439338	43832	245973	334869	134530	34319	411640	59703	722700	102583	34368	32003
671	18.862	321.24124	364	242	186	281	136	502	114	98	0	252	0	429	398	0	181	328	0	225	433	0	0	0	81	459	230890	70972	131668	71641	54900	105927	32509	49789	67884	86283	105076	71194	110567	147879	223514	107579	199434	243488	61737	277727	106680	143260	90289	121117
672	1.429	323.07266	65886	69324	134498	80642	113888	38226	42461	55178	52215	78995	37532	72902	57685	73518	62935	69570	83062	85570	49539	100297	51526	44957	53833	56682	116892	144414	159794	237163	96008	101462	108535	76936	93089	100487	73728	200269	61839	66607	81059	72618	120280	112145	116747	114035	87778	151505	233052	121638
673	1.412	323.0798	94142	58138	131126	81485	73690	49204	64617	70520	73940	56696	78737	73707	86404	63418	61375	69570	67676	58711	83407	78690	54965	67736	89492	83020	116892	9151	13235	11384	15255	19869	16242	76936	20302	12158	20560	16415	17431	14182	10811	3873	20794	112145	9668	10538	18974	11323	3822	21871
674	15.441	323.11099	233172	171116	242779	135038	38586	73530	69407	207538	86025	200645	50755	62541	62689	139319	176471	71489	94769	42762	154140	106100	78631	129114	116235	140490	1055	622	0	2144	0	1648	456	920	0	0	1485	566	0	0	741	1329	222	0	0	2351	642	3849	2400	847
675	1.273	325.01181	77624	84216	74488	56777	81633	61854	87950	66897	64797	90267	78465	69060	95145	94428	75733	79797	52365	71298	71236	52173	92461	71683	85428	57394	80466	72930	74802	79169	28254	50617	56168	51551	40614	45364	32381	79304	36238	31111	20186	19029	40445	69418	76409	78398	82526	58833	76608	75144
676	3.03	325.09076	326695	445764	330586	720017	260677	1224805	695474	542009	558446	532024	609674	651624	267080	248475	744937	570249	1397925	723498	1245155	442036	318026	864838	405308	392724	2051892	613009	111935	622589	82953	1247869	2576602	880519	1977618	4398718	2143166	3804149	523192	16175	2486336	1173511	2063420	2527725	2688380	480546	2459371	4053821	15722	1631446
677	3.068	325.09088	326695	430346	330586	695401	260677	1153025	667562	542009	558446	532024	609674	625802	270869	248475	742753	550754	1376066	723498	1247885	442036	318026	864838	405308	392724	2047714	713117	140046	668581	93036	1251646	2576602	926017	1977618	4398718	2143166	3804149	648823	16175	2486336	1173511	2063420	3433778	2688380	480546	2459371	4053821	19224	1651311
678	1.592	325.11185	238301	90198	158046	157028	249997	398489	463555	456710	198425	263359	238964	195308	324786	291490	212054	249180	523530	219444	168755	218960	319967	131205	225159	220695	1001088	778438	702001	507559	1060460	936143	1018143	1163276	1023037	1032711	1241224	613616	1495184	1322094	1120810	906598	876268	1104469	560362	681526	763397	473976	541769	869610
679	1.644	325.11203	238301	132778	212225	214857	347777	407455	463555	507541	223653	320193	276026	256286	373806	338809	237174	274498	523530	309792	223245	293656	319967	181141	255380	249639	1001088	661555	683484	507559	985174	892039	988311	1110795	1010862	992430	1133935	613616	1310455	1322094	1120810	906598	876268	1104469	560362	681526	601111	473976	541769	835391
680	1.275	326.05487	486452	746756	718917	570945	527227	444476	446446	553708	433715	516942	440810	671315	527201	435987	525006	586861	397375	531826	468273	542384	520002	460566	617972	456985	353475	363532	397938	343649	195602	257103	363156	337751	291558	276576	200913	412856	134813	178039	96074	163495	265212	337033	349207	415813	374238	430141	359172	346377
681	2.705	326.14334	385	486	0	418	0	749	0	0	0	0	0	0	242	0	0	0	0	0	0	0	0	0	232	0	83943	107102	152450	103136	61600	68583	154897	44118	59638	58626	48436	97973	31371	35314	49229	44675	136128	155922	108365	121554	125353	242356	115747	61529
682	12.805	327.15729	16177	19369	29181	22869	38141	35132	31423	18241	14457	15990	17949	22744	18718	24443	35975	21060	31878	19320	17991	21593	15359	17978	10218	18515	132527	71176	144608	123778	104107	117075	82768	90305	117031	88404	87547	82114	75675	101921	84756	93389	75934	116591	160945	135539	124363	113493	85725	77066
683	11.611	327.1575	61490	217156	416185	67946	585615	476974	634918	161617	49210	198165	225507	251017	99024	224874	360934	181576	269314	276159	148419	134675	225513	71610	142685	253041	2085180	963166	1300347	1500513	1007759	1180436	824904	1002247	1439554	695752	518611	1208922	773719	685561	493170	955424	1667425	1602780	2443582	1004570	1328755	2067167	981211	626508
684	11.766	327.15784	20037	92677	129489	23440	127676	144707	216774	61069	13677	73883	76233	52821	43986	75607	147909	89765	106999	46370	37677	32288	40116	15697	34641	65083	3428674	2444947	2741938	2751392	2036207	2812356	1876721	2530044	2872072	2129710	1834395	3555779	1878175	1916118	1712453	1889977	3032308	3303601	3343037	2522575	2105876	3717182	1882186	2955544
685	12.389	327.15796	357942	245259	363262	512289	501813	619445	276913	458900	363521	259263	269850	257978	538539	467220	344278	393617	617958	610249	220833	391183	402616	279224	207850	324945	13277	3018	12735	13624	54131	12121	63081	18338	12416	11316	13490	5113	14193	20911	18986	14844	27690	12442	3559	30144	17502	118634	15579	5392
686	14.287	327.28735	107162	134266	103905	104308	128579	58453	45431	84307	94198	114563	151175	120169	71932	94970	47338	78305	41262	160263	85105	140003	132898	70494	156827	77409	89	0	0	0	0	0	0	0	0	0	0	425	436	0	0	0	0	0	0	0	0	0	138	92
687	1.285	328.05176	103189	139994	108102	105914	90456	77570	95852	85609	103722	112011	107085	122047	114431	93108	93581	106605	80264	87254	79279	124864	109660	82633	113360	96721	72999	72202	84443	58092	39364	58294	63014	55985	55961	64392	49856	81075	34986	26854	32853	27776	48695	67739	88536	79777	53639	75612	68324	91808
688	18.812	329.10114	657	0	0	0	0	0	0	0	0	0	0	0	0	0	0	0	0	0	0	0	0	0	0	0	336379	1007156	2477711	744011	606095	713878	1099548	2974430	748847	1118041	202910	1756243	348669	1032517	979894	400825	1227020	232533	1150575	1966111	598043	1014326	442492	503705
689	10.644	329.13678	1768	1574	1664	1663	6211	2366	4756	738	0	1172	1797	1272	1820	2099	1897	830	3064	1954	599	1130	3070	2538	2255	1615	166784	343889	290355	200999	218346	174820	243980	167930	231111	242108	209915	141504	144715	81866	107412	150728	157053	58966	257626	338567	276802	263096	305608	235894
690	15.266	329.1369	0	0	0	0	0	0	809	0	731	0	0	0	0	0	373	0	0	776	0	0	0	0	0	0	364959	251019	421493	210680	147595	338374	145194	181512	351494	263312	337804	148526	201591	240197	237740	353193	393938	150832	154092	105461	374744	18505	46158	106697
691	17.281	329.13721	0	0	0	0	0	0	0	0	0	0	456	0	0	0	0	0	310	0	0	0	0	0	0	0	740665	199183	268132	375330	258191	199498	447120	12171154	56313	1403767	158046	5511969	7847	1046889	906828	262681	145068	12178	133280	241429	238579	222673	84278	13512
692	10.7	329.15781	2524	2488	6160	5518	3263	2738	1151	7168	2581	2600	3220	8731	0	3751	2191	3043	1302	3897	2636	4347	4447	3749	5034	2702	87595	62127	160674	154848	160192	66909	58456	59852	58183	91011	69824	51401	69109	93565	85161	259171	168659	59270	123665	463568	143326	118268	85419	72629
693	5.878	329.15808	2999	7328	7091	11690	1417	1738	293	6677	596	1856	3335	12017	3047	8674	2696	2436	0	11484	7440	10081	5644	11975	11478	4250	205449	141535	310539	278135	257917	143278	88162	75703	129124	248201	124349	86060	137419	264687	257433	342120	204334	101523	342305	410281	295761	105454	125774	231239
694	4.641	329.15833	0	1436	986	528	0	690	0	0	0	0	751	681	0	0	0	530	0	413	0	440	884	861	730	753	92357	60404	200992	120750	130480	85137	98793	55964	70041	61062	67322	119278	49985	106014	73292	92504	103430	129160	123559	159746	116925	105518	145376	89331
695	14.095	329.30347	166918	175457	181968	175532	189080	97420	82596	178639	150560	118764	168513	200649	137343	160833	109612	90438	116910	212367	153463	211452	164091	145060	216131	126162	0	0	0	0	0	0	0	0	0	0	0	0	0	0	0	0	0	0	0	0	0	501	0	0
696	12.285	331.11594	172880	108585	199290	195969	153905	96931	122401	152567	160198	158694	176294	115172	156249	131262	167654	92376	120990	183064	106038	193233	143681	127123	104384	186575	0	0	0	727	0	546	0	0	0	0	0	0	0	265	215	0	0	241	0	0	0	0	0	263
697	11.41	331.13495	0	0	0	0	0	0	0	0	0	0	0	0	0	0	0	0	0	0	599	0	0	0	465	0	79327	98422	125430	73121	90206	101850	88674	50908	60445	70196	84826	82559	55906	58689	35148	56816	64773	125553	59590	87124	91115	72718	143945	103221
698	11.396	331.15262	33533	28918	89554	25291	27445	28378	33930	73333	23082	20410	58480	25490	42001	28598	29292	39583	74726	20596	18915	29461	31713	24667	15974	44937	15735672	12951774	14928092	13565936	14463439	13967505	11856175	10423031	10590002	14184868	11333214	10358262	10031955	9043043	8432538	9661697	9127380	11737471	13479027	10298100	13158693	9557381	14276684	15800660
699	12.404	331.15292	102312	46325	181855	209844	183301	137175	162782	189954	140446	129765	211828	79955	112413	130205	72344	165662	358926	236332	106875	110885	108174	147025	116155	86993	57619	308969	159550	314030	588325	373726	475498	262428	254114	318796	483990	113784	368039	40839	450622	198942	155073	22247	311644	365423	272539	1885396	449588	561015
700	11.551	331.17303	6234	6586	8948	6549	2230	4463	1213	3384	2664	1062	2089	8477	4457	6702	3573	7283	394	12039	2206	2940	5204	10166	3371	6088	1182552	760810	4231077	771917	1768247	2263395	486046	2195825	530322	517639	1277097	187771	2050330	439889	549494	872075	1058517	651830	534263	1005403	1372338	109028	331310	1320734
701	9.232	331.17401	81382	219880	114014	185934	35228	48890	9226	42262	18518	56607	77244	268509	54998	139148	59940	101076	35412	169187	72561	179305	94073	256164	170267	170153	551187	903476	1054600	964751	651764	469387	508678	454824	445176	937034	486546	590692	450345	732303	558900	887174	873205	254932	1022851	1079802	676363	269557	137351	824082
702	21.833	331.26266	31	0	23	0	103	66	58	0	0	0	0	0	0	20	46	121	0	0	0	0	0	0	0	70	247858	76902	290916	197528	289843	69878	81571	205833	290619	195707	110571	125985	187201	63049	114306	96636	196404	84950	93691	69194	183032	72032	115684	90615
703	1.437	332.13306	678432	326514	734626	772727	923266	1273988	1385160	1651492	1266216	746001	1785207	1107519	753041	1244581	905041	1255991	1236867	1192744	584836	865744	833083	1635265	691599	570955	318651	614629	400163	314624	475226	368783	797687	521475	529796	476764	625408	199349	377406	749518	665001	806308	287628	451780	451904	385737	348750	185287	524680	327024
704	1.562	332.13345	1619626	725508	1457545	1527773	1815534	2092076	1851105	2676773	2256470	1615449	3419734	1864149	1640578	2436165	1788598	2278634	1803345	2040615	1125927	1556772	1512258	2556126	1558304	1252570	195322	171971	233665	187479	240293	191957	191554	302755	305628	227884	334513	129278	169182	424217	357478	343361	138600	260480	218965	177922	71062	54806	425171	216054
705	2.784	332.16885	0	0	0	0	0	0	0	0	0	0	205	0	461	0	0	1033	0	0	336	0	0	0	0	384	124464	282598	245969	306823	114441	226803	349171	157194	99413	198103	153813	83320	81270	106052	159584	175449	491018	332059	128570	367168	73651	121604	86573	388619
706	1.475	333.05701	0	0	12523	11458	0	7859	2233	3377	0	0	2383	8120	0	10183	7158	6088	17597	13124	7194	9420	1962	6461	0	7007	270952	159822	285756	614992	124024	188381	116089	76199	134578	96055	96044	541373	42740	65422	32757	54128	100605	144245	115704	642789	266919	202539	551189	230526
707	11.478	333.05856	0	0	965	1393	1301	0	8808	1353	260	7856	279	0	7254	0	536	2379	751	780	645	1365	0	322	2356	0	240406	180942	66771	90304	60281	62195	74290	153915	155289	73348	91261	165265	44777	51580	47031	96020	152964	201766	54796	18382	36713	43091	77540	69506
708	11.834	333.18933	16619	11472	31607	61595	8379	28048	27026	10318	13527	19611	10366	29959	26470	14496	35613	19456	7438	16184	9708	27164	14159	14153	10959	25082	485187	409018	604465	511808	383124	213722	261233	239983	210255	340351	252252	287479	137350	240801	167911	622365	478912	133088	866467	493359	377486	165374	266459	646120
709	10.91	333.18982	20036	84620	19886	25377	14903	26407	6309	5262	6592	7251	13236	50465	21237	66864	9092	47052	6215	27657	11107	39975	26002	59857	27936	29662	530926	464628	676891	562973	402178	235341	405712	289440	311752	329675	297755	255143	200998	138594	253484	446630	629539	366059	439999	1262012	485792	130293	361849	352240
710	15.168	333.20444	765	0	0	1260	0	875	0	1122	307	353	0	742	309	0	290	0	497	501	644	643	674	990	0	210	1177643	1077644	602632	611641	657733	307102	315559	232243	342433	531693	416854	331576	167868	67760	60679	381697	652574	449899	641038	313660	1183927	186636	28222	278262
711	1.933	334.1481	11664	9134	14665	13573	15388	12379	7399	16579	7480	14163	8832	17149	13773	11711	12580	14064	9988	13881	18597	12656	12478	12938	12914	11530	85836	68244	71694	119150	132664	64196	77956	154106	70805	189083	117336	94496	130149	145755	107869	82936	128352	67325	64150	44699	49417	66512	40114	54451
712	1.923	334.185	0	0	544	0	0	0	0	0	0	0	0	0	0	0	0	0	0	0	0	0	0	0	0	0	524619	352841	912136	463044	519017	455604	463365	495306	359884	617912	385058	560612	251066	451864	460156	394657	588890	436464	601212	440744	576453	779285	601796	259688
713	12.859	334.27267	120649	83487	315184	159952	40342	127273	70781	221493	214993	285166	588025	164128	94530	60439	292586	55741	9678	156609	331026	187810	93047	172752	312919	141331	0	0	0	0	0	0	0	0	0	0	0	0	0	0	0	0	0	0	0	0	0	0	0	0
714	1.476	335.07285	193111	122502	221594	201360	283131	116783	111764	223544	120826	104214	112442	237058	89311	172025	122846	179901	431946	337671	174149	225426	97885	143972	175829	191305	381657	289627	411840	585432	132328	147051	198643	106397	113497	166545	111661	715286	34250	65454	60660	96223	116906	238955	193943	408425	398991	307068	1048719	269438
715	1.435	335.07663	221974	413776	363404	346759	347248	123268	103398	294931	190302	189315	152470	193209	100420	221294	211396	182714	449332	452171	208770	344870	125804	355772	247607	274202	417640	309097	424185	71200	103370	163117	232728	56172	148888	167046	115818	771263	23519	53702	23818	95287	111561	257049	72024	520117	416583	332892	1095726	57356
716	16.195	335.11099	122738	88737	166161	111118	118529	37553	187457	132158	153196	202277	30045	90462	80745	86006	160375	198472	178481	131161	180005	110777	54756	172076	37366	147820	0	0	0	0	0	0	0	0	0	0	0	0	0	0	0	0	0	0	0	0	0	0	0	0
717	17.316	335.22028	518	0	699	703	0	0	746	0	0	0	0	0	0	0	0	0	0	1177	203	659	0	0	0	525	1079125	666098	1179427	663321	798694	736231	770856	428023	537759	725570	583479	423890	959446	352084	471658	1235387	801132	566355	985516	911589	2009908	721804	211750	339510
718	18.493	335.22028	1054	458	87	458	225	415	575	610	339	54	493	739	173	360	149	208	854	631	600	476	121	1156	180	615	532397	374580	554900	345484	560786	340966	514781	520496	450637	455217	620136	388266	575314	330466	676246	932208	544244	898742	394235	372969	878770	443848	99037	466094
719	20.123	335.22101	68	127	0	151	0	231	200	0	0	0	0	203	0	213	0	0	120	313	487	312	0	0	346	73	779849	540313	652710	577674	765028	433112	505630	617726	532435	528808	458020	350318	632143	446677	398830	593871	573472	500312	452426	476372	1063362	673743	245690	364930
720	18.415	335.25668	42537	73835	67392	79433	106809	56484	27415	137528	72896	78232	35732	37619	86137	140958	83324	56244	24913	23640	46231	108455	50914	47776	122219	41725	2501	6342	5094	4864	5371	4896	4672	4703	5127	2953	3990	5667	3941	3277	5696	3644	5193	6598	6315	6184	6778	5347	6055	7014
721	19.613	335.25696	65851	79238	73663	81142	93151	59166	25028	141076	63014	70938	48305	49383	67535	124843	101026	62643	23054	37998	61042	102768	62472	56248	108054	48178	4566	18330	11468	10725	10767	8112	9289	9684	8505	6995	7254	11762	6409	5762	6970	7027	8302	11967	12756	11758	8676	12499	16299	13317
722	12.862	336.28809	62394	92701	309583	104945	237978	28269	68702	214377	15064	43403	49558	330940	150003	146840	87674	123381	37387	115395	159529	133904	83152	121191	159771	101602	0	0	0	0	0	0	0	0	0	0	0	0	0	0	0	0	306	0	0	0	0	0	0	0
723	22.497	336.30969	1998	2296	1903	1916	10895	2196	1569	2226	1609	2252	1955	2179	1738	1931	2573	1866	1981	2547	2289	1636	1642	1835	2251	1870	91404	39838	59410	53153	63343	53716	53801	95023	11556	66957	108001	39482	56878	86671	37905	85841	50345	68067	67828	62304	60189	49717	52245	68201
724	1.448	337.08847	129901	105718	170005	281613	138608	80109	61572	72615	75995	45585	53636	125968	54361	117659	54442	66839	136274	157568	102009	268884	96432	91678	97388	120286	1978624	1935741	2592221	2372435	1039471	1182531	1237328	570674	1227850	1376272	990153	2851456	475509	633404	311254	806182	1156181	1576713	1664344	2298189	956767	2020659	3065284	1653900
725	6.973	337.09085	26296	66325	12605	31008	14860	34027	24865	25830	13891	13610	52123	95470	29607	17121	12923	25637	170287	40959	47030	43678	18959	30726	41375	15160	2254410	182906	102308	136564	29898	108252	34003	64956	425492	493925	600372	347666	99894	6003	262142	64034	198740	717811	226861	54603	424995	570314	8229	13608
726	12.38	337.22073	0	1052	1089	0	524	227	1334	949	1842	1128	0	0	0	0	946	1378	0	681	3108	0	0	0	0	0	136170	46925	260231	228860	53571	33527	51458	135539	36056	61284	64457	208422	141509	111397	185221	46540	48669	117535	158956	271085	143603	106996	45148	39145
727	13.745	339.10587	15728	11020	12179	14164	6594	44844	24259	16632	10382	14403	23592	14630	13517	11218	16106	16021	14408	23147	10089	11376	15780	15451	14146	14393	124869	145170	72220	113674	54552	96789	123082	137922	87089	166890	103154	323523	110239	124509	95467	184437	96450	147714	84030	52712	115782	149437	113490	82256
728	3.235	339.10651	14105	53062	832	11858	226014	65612	23198	16786	23358	30614	27829	16862	39928	29330	7102	54092	17239	78771	50669	24818	14852	13675	35380	97941	18503218	7099172	224939	1856650	51638	10334192	12233183	8806328	13580588	23422948	18825330	19596102	3261780	6358	17995126	8498303	8952814	15268445	11732419	5944524	16794824	11016509	6219	7289937
729	15.063	341.13663	1991	546	1772	0	0	1038	415	1274	610	535	1779	1764	0	2189	1130	1259	3250	726	744	886	1792	1279	0	264	218161	79449	168482	70068	70511	98121	101056	108866	67603	106738	76148	56217	45467	69981	113879	50740	80158	77841	78568	107583	139861	111678	67116	106508
730	13.083	343.10107	379688	473613	341190	744368	236951	648456	467106	529344	350415	438676	866965	648610	286924	548888	678028	520458	381219	836601	856098	694133	710608	999267	921430	596031	0	0	0	0	0	0	0	0	0	0	0	0	0	149	0	0	0	0	0	0	0	0	0	0
731	3.007	343.10123	124318	245413	170026	465454	95833	876237	493757	313577	266210	312450	302190	415117	101478	85943	562372	335127	1114067	440244	895134	175873	82852	541426	118715	175118	0	0	0	193	0	0	0	608	0	0	0	0	0	0	0	0	0	0	0	0	0	0	0	0
732	3.389	343.10135	172599	318039	248572	528971	102345	967097	542458	353803	350996	450789	373228	425064	143684	88762	676297	339966	1205105	493904	887358	222132	94820	555764	124477	269747	7400	11022	27175	40940	30764	13470	17006	12397	11577	4230	4437	5818	10882	5615	8223	5215	10503	11170	11820	35029	10326	2280	39122	45848
733	19.181	343.11658	0	0	0	0	0	0	0	0	0	0	0	137	0	0	0	0	0	0	0	0	0	101	0	175	477995	356967	1545587	456030	634211	314088	521012	3152032	361777	519935	277144	1572942	350237	1101498	1673021	679411	1088609	44555	1333644	653090	548121	1215695	954562	236786
734	1.633	343.12158	54832	20682	44483	37422	48270	68926	62748	71793	28106	47463	44194	59488	52592	43150	53443	44557	64478	53653	46000	41751	60000	37187	42214	44781	39650	58094	61831	50909	68416	73344	63116	104557	87903	89793	111043	44967	167307	153450	126337	83748	88709	53017	43175	58912	50117	42120	53391	55857
735	11.39	343.15204	0	638	0	494	0	1825	0	1337	0	0	1362	252	0	307	0	0	2024	0	0	0	0	0	0	1575	288331	230644	239753	228380	270622	221729	186214	155950	161278	206680	173092	135562	145906	113706	112273	113037	113610	189638	226285	134517	203597	129897	261989	275780
736	15.049	343.24652	0	0	0	0	0	0	0	0	0	0	0	0	0	693	0	0	0	0	0	620	0	0	0	0	0	252173	142595	276564	178373	68302	1805	304202	473	192127	1209	12648	9454	171499	100792	846487	3038	91820	65434	458110	6761	0	181232	148552
737	3.75	344.13275	212987	205715	164094	157595	169919	182110	206585	80627	111448	130020	182454	285382	271697	110856	164485	118539	178288	209008	135121	135898	231477	133977	220758	206639	1449866	2020876	1356053	1824198	1466673	1508168	1874999	1605730	1711649	1531757	1617357	1364283	1776059	1812651	1663771	1572468	1837939	1309737	1602504	1482231	1521828	1085084	1622044	2221344
738	3.789	344.1333	214275	207808	164749	160945	172217	174848	208913	80627	113011	121232	185683	287234	274209	112277	168993	120259	178288	198737	136804	134610	237424	136400	220822	209209	1449866	2020876	1356053	1824198	1466673	1508168	1874999	1605730	1711649	1535262	1617357	1434842	1776059	1812651	1663771	1852298	1863896	1323211	1602504	1482231	1521828	1085084	1622044	2221344
739	5.335	344.16946	0	0	0	0	0	0	0	0	0	0	0	757	552	0	770	0	0	0	0	0	0	0	568	0	7300916	5582700	7393258	7896492	10692575	8763358	124491	6477480	10390996	7079727	5750601	9124254	10356316	6295016	4945390	2150632	5909669	6583265	4078710	5353134	7762636	4580478	10203309	3658113
740	1.284	345.05124	71490	100280	85788	69468	67255	65195	64865	76842	62088	61815	59734	87158	84493	58681	66502	63635	60250	52644	58885	60813	71961	53149	66362	104720	52968	33634	44187	40291	25368	38688	48673	38336	42289	31704	31792	54533	22964	24440	11015	16023	35524	36508	58173	12566	44507	41709	53093	35539
741	12.285	345.13141	138015	84722	142681	149115	112368	73308	84993	116003	108278	107877	125272	97736	114920	101284	124966	78376	92846	162375	80178	150347	113422	96644	79181	139549	2412	1794	2144	1458	2030	2195	2176	2637	691	0	1850	1156	136	1148	1420	336	2415	958	1451	2065	1522	2455	3053	0
742	13.523	345.13153	165514	90042	212322	210139	145964	169308	213941	329407	271278	190057	143172	176952	123423	184962	228672	412445	217295	417463	113467	184949	167318	192908	89020	204345	0	0	13921	0	0	426	189	518	1154	0	122	1382	0	0	0	0	0	0	0	1461	6386	780	20125	0
743	12.811	345.16788	34468	41637	61951	40144	91847	86075	68196	42315	41964	27218	54061	44619	41899	58326	80760	49324	63214	59847	29091	51305	44129	40870	28581	58610	249993	142295	290792	268379	243100	269214	179304	199946	236250	196576	207317	172205	180174	206494	198559	222289	171389	237069	325193	280404	283218	243684	201167	173830
744	11.611	345.16812	119577	424634	749142	161700	1143509	904629	1230739	329573	129101	399146	468182	499066	234333	467296	723590	398777	595067	529592	337886	269280	466408	175475	303853	520462	3367835	1700272	2198466	2545009	1772780	2049372	1483654	1762878	2464124	682607	960462	1999732	1374689	1239965	939364	1652732	2810626	2642510	3991274	1692115	2314644	3405398	1742357	1129377
745	11.766	345.16837	37711	200943	254189	48304	290779	294756	448157	131277	36399	168716	158007	105879	110632	146805	309699	189538	249288	90736	85657	62847	82187	33516	58597	134465	5423426	4064256	4554595	4594138	3520455	4785909	3222924	4289217	4780909	3621924	3192926	5769893	3151232	3264420	2897240	3138513	5106966	5438832	5413236	4158338	3519930	6060073	3246944	4918908
746	12.406	345.16852	752265	547095	835898	1077908	996708	1297848	719260	1035897	825038	592618	693457	610424	1084249	1027835	746137	915350	1296563	1293106	550328	811800	884004	707147	519252	775566	21306	25177	22960	56145	97975	53743	91076	68538	33671	57376	58161	20768	40575	48898	78518	46519	37407	13558	30156	92949	67383	373046	49642	56365
747	14.702	345.26282	0	0	0	0	0	0	0	947	0	0	1450	0	0	0	0	0	0	0	0	0	0	0	0	0	46754	1480358	967896	836130	512845	668284	367684	787588	177229	985125	108494	137870	979247	1358078	715494	1140636	767452	569051	583361	3305972	313872	58130	434916	703982
748	14.27	345.29782	116546	162964	145959	95210	156823	61211	65109	90718	98004	111464	194185	145886	81446	115395	63240	92580	49942	201931	83092	120769	128719	67610	146945	79316	0	0	0	0	0	0	0	0	204	0	0	0	0	0	0	0	0	0	0	0	0	0	0	0
749	4.641	346.18512	1244	1248	1597	3445	980	1526	376	780	1127	848	0	3017	1615	2040	876	1029	628	1131	780	3434	0	1790	0	1379	475526	291060	917942	565572	567688	590327	663441	403214	455366	219076	484266	770048	449122	558655	253899	287815	479350	486136	297239	432128	438225	625618	538850	402706
750	1.513	347.07251	31386	54351	89296	56509	250865	96417	111776	53112	56019	56700	37121	72209	49944	86173	88011	89889	371281	61174	56636	64643	52891	77816	40450	70228	31592	39911	66138	87902	30812	40103	29293	23420	27467	31387	16806	49029	9590	11963	19419	14876	20518	38638	29969	51738	34454	31559	117574	49258
751	11.658	347.12247	32104	41850	43677	26784	54987	23737	21518	38193	34353	28105	41452	45754	40457	34855	24311	25654	25681	39524	26744	43967	45853	27037	41127	32489	807309	1081571	1357727	1230538	811110	1087638	1275864	1154080	829700	682070	547033	1193766	693936	471951	961868	1341316	880596	1124974	1731757	1781960	1296362	2028762	1911077	1853332
752	11.362	347.14709	178362	126946	163009	212877	86781	232797	181765	207523	103681	115261	157707	161922	91273	118474	115498	144116	125940	99949	165795	89434	110211	91172	61177	182239	0	2052	0	0	0	0	149	203	184	0	0	884	187	0	651	0	0	348	0	1216	0	504	1393	0
753	12.285	347.14758	922313	713876	1073024	1067252	832192	573078	721994	895460	835194	852785	959837	743160	840507	875797	849086	613644	749943	1071844	694588	1081478	858130	798260	618382	1056561	6554	8004	7595	9033	5323	10515	6924	4353	8271	6680	7881	4032	4522	3864	2177	10671	9226	9771	10395	7906	8922	13501	13639	7790
754	9.614	347.1478	30192	20676	16522	23184	20575	21417	24986	27703	41898	10242	25062	19547	15653	20811	36288	14675	25650	22556	18106	19122	33736	14548	18966	20988	703821	934964	996303	884690	771812	814883	740520	656877	851799	691861	563258	642012	445975	493628	528183	901457	705760	836510	963007	959403	835841	1106806	1023162	865851
755	12.633	347.14789	506266	396873	515805	592112	450125	382181	447311	462723	467149	469471	529397	436559	449302	518255	519620	386838	371218	596904	374972	553773	460707	447178	388972	599145	831	232	584	507	0	276	0	279	0	0	0	589	0	0	262	172	162	628	202	143	1235	0	0	792
756	14.083	347.31396	626436	686515	700544	706684	719333	407215	368788	686222	667984	532629	726874	774723	558875	612475	446752	406293	417722	891121	590930	843175	609348	554020	795656	475836	0	0	434	0	0	0	0	0	289	0	0	0	0	0	0	0	0	336	0	0	0	0	0	0
757	11.459	348.20035	13772	17529	21640	26117	19302	20061	6040	8084	3822	7652	10027	21883	20901	44484	17178	19014	3861	29466	7160	10335	16460	45863	15627	20382	1544800	366675	1356736	1216069	692052	298958	331133	428511	395217	902064	536994	294908	498276	219488	219465	852019	1030182	146503	981171	3155500	555981	68132	352945	808832
758	9.587	348.20038	6897	12235	5860	10070	3051	2868	0	4118	388	3802	5445	11102	2548	6613	5031	6586	1262	7629	3951	7329	5878	10807	7779	6051	1235394	751618	1512955	1208082	1087302	793210	801268	1009072	1261238	832668	1144196	481236	1476988	747880	1007997	1845838	1402731	776200	1012681	1647837	717038	281008	609426	429706
759	10.956	348.20056	42608	43744	25721	49255	28628	31276	6937	12832	10705	12010	15800	36292	36433	74621	29415	45266	7453	30556	19701	47382	37918	70165	36056	38043	5853811	1810438	5599513	4152050	1768214	1370971	1532206	1306398	1443552	2733659	2115656	849942	1784707	916185	894990	3357991	4350390	606642	2789898	9359308	1525390	481502	1122914	3059642
760	11.86	349.16336	0	0	0	1340	0	1176	0	375	0	0	699	3451	443	0	0	0	1110	762	442	0	760	1278	0	0	1571128	1357369	1448652	1775463	1173127	1096450	1227234	752649	1089222	1301753	880140	838108	760266	750086	932169	1178988	1209343	1365944	1013721	1136656	1495956	1517213	1610948	1130275
761	20.277	349.23615	2583	207	0	279	0	38	144	330	0	125	207	758	0	0	0	0	0	0	0	754	296	0	225	0	1777198	1665782	2004920	1726728	1941188	1342814	1822312	1171596	1444508	1678434	1022751	1732037	1069505	1593836	1761000	1236284	2433366	2410152	3131479	2050376	2057458	1575540	2099506	2584142
762	2.044	350.14337	494628	396659	434208	255279	367860	294740	329683	319225	467746	366626	442533	467847	304200	355674	389871	423523	576363	380862	600638	409002	681628	385183	317518	495228	0	0	424	1346	397	0	0	910	620	0	0	0	0	0	0	0	0	0	0	0	0	0	1319	0
763	10.494	350.216	433901	793059	400471	474617	200508	242883	63269	55774	43292	74182	223156	1138482	287443	728534	97602	291716	67378	810236	178744	787655	354446	501978	480281	343066	489712	1055651	762914	651189	922014	522442	606732	1049234	714748	666177	601853	578679	613127	1078281	989158	991270	1062852	584612	1634592	808436	653433	529831	927087	587908
764	10.461	350.21609	433501	793059	400471	474617	196350	243255	63269	55774	43292	74182	223156	1138482	287443	728534	97602	291716	67378	809579	178744	787655	354446	501978	480281	343066	489712	1055651	762914	646310	922014	522442	606732	1049234	714748	666177	601853	578679	613127	1066698	989158	991270	1062852	584612	1634592	808436	642768	545028	927087	587908
765	11.927	350.21613	86243	38925	221775	499656	55117	293391	294306	53273	119188	146438	59501	332860	311802	93394	368060	128529	70708	149316	19119	120442	62237	39004	66049	171157	476131	661908	476844	219833	251533	223032	362277	178571	402029	344824	284574	449138	331260	236533	307052	507447	487368	392971	695391	205091	331375	716309	185825	499950
766	11.192	350.21637	66382	37136	94126	89790	29437	26134	14975	26280	16575	25077	33798	97140	40479	73671	30802	46999	24963	108435	32591	91044	46104	100246	57984	54042	1392556	1050868	1313419	1259321	820546	755818	697219	786915	718983	976679	797616	646078	497183	661750	401354	1560291	1172727	616305	1263188	1327613	777580	989822	522225	1098726
767	1.444	351.05835	203756	356706	263755	133019	74169	163243	45232	193533	262820	234839	176530	142212	102589	114964	326567	165496	67492	127043	248711	143225	104168	385390	76085	188064	2520	4434	3282	0	31418	20917	28860	36828	34594	21897	29378	0	16744	17348	24335	36796	15664	28173	12088	2993	2045	11575	0	19832
768	12.823	351.21487	0	0	0	0	0	0	0	0	0	0	0	0	0	0	0	0	0	0	0	0	0	0	0	0	392663	341240	245152	154767	222503	137050	230010	169407	202223	200840	306215	75932	87968	123118	103243	243178	228864	436557	193152	171038	288520	145401	53251	302320
769	14.771	351.21521	1052	0	1574	376	0	1098	197	415	1150	787	0	367	0	0	1673	0	386	0	0	0	2246	2012	0	0	891058	1022844	474403	497168	565194	266265	260066	225519	277799	484735	336971	223160	136683	67973	60186	371937	522757	393513	479044	281670	920861	140515	21589	231660
770	13.199	351.21521	0	558	0	0	0	0	0	0	0	0	0	256	0	0	906	0	978	0	0	489	394	0	0	0	486299	422545	263786	245531	257184	142537	181992	141801	227567	265547	299632	92876	78589	81467	78370	221374	246879	364965	230587	229923	379805	103873	45669	217155
771	1.81	351.27527	0	0	0	0	0	0	0	0	0	0	0	0	0	0	867	0	0	0	0	0	0	0	0	0	50391	90611	28880	47009	37947	107676	161036	84537	99810	69547	96247	58548	58470	86058	36420	383103	73633	74421	210974	12083	50706	148485	39987	76165
772	11.704	352.23129	6594	32938	11994	15316	9334	12790	3601	2888	4730	2123	3230	19878	10496	11698	8734	13510	3854	9367	4089	12096	10256	15126	6718	17122	42524	160787	306279	203260	260016	55870	343719	268520	89558	91278	134628	323486	110714	76458	74812	238571	428145	142716	210142	167824	172675	133457	507436	185815
773	20.126	352.23688	0	0	0	0	0	0	0	0	0	0	0	0	0	0	0	0	0	49	0	0	50	0	0	0	166349	84254	89748	75157	104063	95622	110989	84281	118215	59430	59137	79640	107897	86376	103230	101424	83892	102713	84296	67990	168982	96506	47550	65803
774	18.493	352.24677	668	0	0	0	136	62	0	0	72	0	0	0	0	0	0	0	0	0	0	0	0	0	0	0	236649	210513	332923	180455	346366	191215	318240	331428	306440	336583	449990	157896	392192	300505	533156	774015	416061	439100	186411	241370	470171	184728	33462	248019
775	17.329	352.24722	0	0	429	0	0	0	0	0	0	0	0	0	116	0	0	0	0	0	0	0	0	0	0	0	404838	305061	596173	246710	354213	312112	377478	272522	269554	429324	242087	173788	495226	175562	213286	710683	440416	194110	415922	389800	995087	177654	50602	90085
776	20.128	352.24771	472	0	0	0	0	601	0	263	0	1935	0	2427	415	0	398	0	0	0	54	0	0	0	0	0	9905469	6943056	8594338	7475184	9852098	6204244	6759686	8584256	8264458	8128033	6890338	4786360	9425789	6969465	7089529	9454086	8691658	6417616	5672747	5843826	11399886	7727823	3334923	4862271
777	1.435	353.08316	47910	60984	61181	64483	68110	37907	38940	47808	50889	29654	51817	44482	46488	64450	36762	63348	88614	96308	59615	73502	27407	48524	62397	59108	291374	325054	376898	352303	217129	168650	168998	91440	160261	209428	176240	333086	110469	127106	106528	193747	315367	231025	225840	225682	239602	286292	344086	266688
778	10.171	353.19415	19357	17763	48789	65886	99826	57467	73487	67404	74000	112389	78444	96497	13056	120503	51813	123599	9348	46841	91658	40937	117377	108186	49096	63434	3783	5053	2013	1287	3851	3944	4776	1338	570	1878	901	4866	1796	5231	2365	5785	3251	7051	8181	2638	2420	8730	2907	1442
779	18.416	353.26761	441866	689231	624339	657789	920990	550132	346428	1065166	623350	666850	411842	426276	747608	1082436	794503	535504	296968	302034	498016	987150	506082	466919	991634	403799	17108	43639	19007	18763	20681	19539	17289	18819	22376	19316	15939	20963	16857	20531	18921	18392	15585	24157	21709	65078	14905	14689	36405	17822
780	19.618	353.26773	535765	617179	623126	661174	742668	456097	271518	1087240	515764	583533	435096	408186	561417	940324	790239	538244	249790	352559	565797	789868	548312	491364	779849	431841	31360	128132	49632	59122	49279	34031	32830	38434	38571	34902	47545	68043	22331	28647	25639	30474	33930	53781	48770	62265	19310	40216	88080	36446
781	1.445	354.10764	3485925	3741534	3639404	4276198	5564094	4905560	4316020	4811357	3571572	4709247	5148438	5399336	5993054	5544888	5276201	4796644	4128149	4100372	4057227	4660930	5043636	3435712	5236523	4837713	1648540	748121	1476684	792055	953374	1523788	1729107	2117238	1607756	1301784	1676487	1625095	1656115	1662803	1202908	1340819	1424914	1953287	1244150	1338928	1487634	1892669	1445323	1711553
782	1.402	354.11011	2494173	110338	3649684	4300842	5587110	4922264	4338446	4826890	3590447	4721692	5149693	4915902	6007031	5544888	5296014	4794932	4134617	4122672	4061009	4672238	5050957	3456157	5236523	4846812	1648540	1096632	1468072	792055	1073813	1505914	1868263	2323389	1732926	1486005	1893051	1625095	1656115	1662803	1202908	1340819	1424914	1953287	1381870	1338928	1646051	1886711	1442649	1816360
783	12.369	354.24704	1358	0	0	0	1742	0	0	0	0	0	0	0	0	0	0	0	0	0	0	0	0	0	0	0	124642	42470	242389	206599	54116	37068	48339	129766	35381	71100	63200	162297	144451	112569	207174	47729	54022	101130	130324	241599	147254	88402	42108	34425
784	4.956	355.10083	169678	295070	22817	186878	35731	219432	115524	111699	29842	106420	277068	211341	58414	24535	41761	69286	197705	193438	365398	92357	80504	117490	95141	47483	0	0	0	0	0	0	0	0	0	0	0	0	109	0	912	0	0	97	485	0	698	0	0	0
785	3.329	355.10126	6666090	8074108	1375557	6722082	1704670	8583077	6624376	5389013	2148796	4762678	9960148	7527386	3696432	1499264	2779132	4540072	6523476	7634470	10863990	4125108	3965657	5776620	4299086	2567250	307	0	1312	740	1671	0	1376	0	2488	494	0	0	2093	0	5030	1000	0	1005	0	912	766	0	0	0
786	2.387	355.10129	363405	1248746	50180	293569	1585718	1349967	1161874	701138	390808	724632	966687	329781	447240	285381	160689	681660	590228	1499453	1681845	609172	271071	375747	673068	1018280	68020	12749	2618	6330	16955	25677	117356	25036	74835	256132	73403	141043	92887	1484	270371	17591	146238	87093	27297	17004	124663	66360	261	17473
787	17.327	358.23608	0	0	0	0	0	0	0	0	0	0	0	0	0	0	0	0	0	0	0	0	0	0	0	0	101883	75343	129847	67280	69174	66258	99309	38616	46238	77864	47714	40016	81354	27401	31060	114738	74163	57952	127101	98773	249524	55140	23346	31058
788	20.121	358.23611	0	0	0	0	0	0	0	0	0	0	0	0	0	0	0	0	0	0	0	0	0	0	0	0	316645	206909	254653	193054	227300	144730	186210	138637	144698	169883	162360	163564	205158	94139	124681	183344	148874	212856	177896	226270	431059	257095	100234	155132
789	6.658	359.16806	257342	268671	282327	255089	239838	148675	215520	313297	245713	245428	247969	298643	212427	238758	165738	180814	293263	289512	275890	282209	263369	306165	263078	173508	60730	28714	76061	49434	35628	35284	62091	37989	31290	51848	45403	67964	27870	42858	39591	52103	40109	51582	75985	134834	64736	96071	51541	111362
790	9.769	359.16861	322807	367427	331357	353426	383137	241860	227008	481790	345891	320002	381586	404449	233445	343627	302482	347230	292492	425779	400380	394944	442572	407064	414660	222170	16130	27478	19284	17204	13773	21293	22201	22914	12516	15560	18931	29247	12953	19781	14215	18204	18316	13634	31754	12034	23819	37607	31863	12105
791	1.638	360.14917	2170338	965098	1512812	1544806	1810364	2111181	2206969	2132810	1204748	1435364	1633173	2148017	1964997	1859144	1594976	1765531	2325192	2067830	1647793	1877188	1864496	1328064	1609465	1653335	2626244	2828902	2932982	2744504	3310425	3445558	3694232	4044948	3698230	3882304	4296020	2445368	4705376	4490669	4228750	4079110	4179250	3171862	2505296	3046516	2510022	2509815	2705581	2814812
792	13.523	361.16272	247777	182172	341516	362850	265453	282425	403929	566200	434165	332918	249653	265362	209103	308939	407705	669310	370651	707268	200160	333442	257098	351208	172160	330381	770	0	27896	0	0	0	0	0	1505	0	702	199	0	0	319	212	526	904	0	0	9154	1346	31837	0
793	10.244	361.16333	3830	2001	9637	5290	2116	3933	4894	4581	5690	3013	4252	7038	2922	4497	2341	5381	6412	6354	5419	4519	3108	957	1417	1596	963148	512294	1035195	971702	709006	625948	798634	1089765	990790	773237	868914	1060626	613809	723684	670996	608241	947163	662630	518956	737593	932630	822570	761123	739906
794	1.428	362.09601	600960	598379	726415	727298	1131843	1402385	1670718	2377880	1208758	1266590	1356073	640727	1171962	899915	1861795	1100528	1312964	578683	784081	715132	525240	914267	813049	735973	52431	50128	49358	6776	615275	360530	417165	548240	727762	429163	904174	21211	1067495	590150	736683	892659	434647	412739	63533	9626	41760	65656	14122	298107
795	1.53	362.09656	1083406	1211274	1119356	1309411	1302626	2069056	1331960	2377880	1426351	1483372	1661304	1022124	1452052	1054371	2144348	1645988	1114849	947353	1230755	1292073	852211	1430020	1110503	888991	35142	16827	31801	3538	146359	101542	108979	153446	221871	99990	195236	11842	441899	273118	327301	363840	184292	106850	35730	15505	12842	30228	6503	87703
796	3.288	362.1799	7123	4880	6320	4521	8139	2337	4676	7100	6648	3645	3860	10713	6681	6792	5121	6626	5822	5916	7726	8327	8316	4863	5809	4461	3107695	4462513	5260356	4732663	4047698	4008987	4061814	3261374	2107302	2895060	2838439	2457766	3541734	4054579	3663638	4370934	5414547	3034710	3870022	2190127	3448786	2044394	5646652	4645026
797	5.104	362.17993	3493	3470	3752	2497	2946	5074	3584	1710	1695	2284	3178	7072	1756	4461	4567	6242	7126	2786	4201	3505	1280	2561	1118	1715	1119618	1064195	680316	785617	675731	975269	970132	1184670	536669	844559	784690	164689	725396	663256	785542	1427883	1144132	822864	1062674	673425	1213305	622728	1115039	1421374
798	11.616	363.17828	18536	58766	142402	20428	232096	172111	251540	51305	10338	49556	56989	75544	27093	58953	116063	56202	84473	77508	44512	35139	58744	23424	34890	63834	415864	290928	417912	571584	325173	423218	271108	320526	536792	270191	153672	334497	270177	174390	147690	340372	682264	463036	862693	320245	437040	741512	301917	202594
799	12.394	363.17841	92895	62764	102302	148654	129517	185443	66082	129635	60694	62613	69220	68651	146530	136437	93792	125694	204658	172362	63127	98394	97110	76682	61188	77907	18776	10079	34228	22218	50845	15021	15875	15876	34531	26923	11146	8543	24804	25743	14833	26366	54838	28328	15011	33697	30646	85703	8774	13698
800	11.764	363.1785	5915	30761	42823	9692	42324	50238	75436	25540	2906	21979	25064	19482	13424	22041	49174	27715	38954	14670	13456	12118	11263	5971	7419	19908	985618	950826	1112644	1216013	867414	1218580	790610	1079328	1255202	890746	757065	1353480	816231	761864	731091	800940	1422814	1308201	1309589	983867	797860	1549676	754477	1196484
801	12.197	363.1788	3775	1582	3816	4138	6599	3586	1010	1545	4903	1346	1768	2340	9615	774	2434	3586	9616	5392	5873	5470	4370	4242	3808	3128	484989	197253	336576	528954	419241	343328	321306	272968	297011	410587	328990	160476	201352	307629	248464	258150	510445	286215	143892	495578	459105	388095	212250	252308
802	22.464	363.30887	2740	2571	2275	2195	12428	2171	2511	1915	2118	2609	2179	2786	2171	1892	2794	2404	2014	2853	2769	2376	3031	2716	2628	2232	149915	59194	85124	76810	89884	72139	71817	127753	15043	84092	142429	62883	70575	113294	53444	111020	67857	103835	102663	91476	97660	75192	83472	104763
803	1.76	364.15921	1650	939	2671	2839	2069	4420	2549	7648	5955	3240	387	860	1408	2348	5118	4324	946	4149	2136	458	4603	3736	0	1870	711813	547638	655394	1276686	778102	266127	402622	515993	493911	650942	591030	193349	440331	609925	345663	344264	266503	768711	280897	422832	253511	118210	535820	320296
804	11.927	364.17313	0	0	0	0	0	0	1315	0	0	0	0	0	0	0	0	0	0	0	0	0	0	0	0	0	65584	97913	85855	54086	119801	51371	55919	76996	69268	90682	93284	48492	66558	51515	96888	64137	114403	69871	32435	69178	69360	41287	36772	56692
805	11.908	364.18716	0	0	849	0	0	0	0	0	0	0	0	0	0	0	565	0	0	0	852	0	679	0	0	0	199742	131051	284311	203868	192778	110012	172896	159107	191833	156277	122663	118544	167287	144115	305086	197046	225183	167294	79905	174085	257358	95338	106821	178556
806	11.934	364.19556	953	0	0	0	0	0	0	0	0	0	0	0	385	583	0	278	578	0	0	0	452	0	1933	0	15419284	11451312	18809738	10279354	15155193	13032801	11723215	16533807	15199805	14136516	13857904	7430027	11142801	10937543	15832703	13731765	17347910	12581300	7605742	10866296	12203484	8218624	7876388	11134482
807	11.926	364.21664	0	0	0	0	0	0	0	0	0	0	0	0	0	0	0	0	0	0	0	0	0	0	0	0	60826	107287	126684	69643	65447	63095	76500	97583	109008	96938	80992	32828	62307	55868	105333	58211	125944	53082	50963	70800	50939	41604	47790	52803
808	1.445	365.08264	15287	16181	7489	9308	35045	6616	14512	5370	14696	4578	4584	17665	36356	16373	23198	17648	33801	20894	20866	16660	11585	7565	16393	10862	102535	128466	160475	147550	101380	98765	101135	56084	85532	93266	57423	119449	41883	54643	42188	76590	72150	80960	94072	107120	86107	96348	163900	121994
809	1.436	365.10437	197533	221002	141571	204067	163292	227267	350103	299729	189695	298515	181846	109591	282384	296425	94493	238732	225074	117346	217096	257938	275209	195888	319438	253814	551359	713260	447474	342033	838463	879503	645559	644232	797615	892430	1200172	486457	1267388	1522932	688445	1024766	772032	750006	587269	386634	651582	384936	256058	851578
810	16.352	365.13654	0	0	0	0	0	0	0	0	0	0	0	0	0	0	0	0	0	0	0	482	0	0	0	0	169191	124296	173644	145059	85632	78505	54319	84422	71696	94770	53174	73028	169367	157637	157861	151459	100898	94808	99227	123561	170135	32865	115592	77777
811	19.232	365.23129	23561	746	164	456	632	513	146	81	306	148	287	6982	0	119	0	0	0	4263	2432	3390	1213	1609	968	1254	732480	1045749	1327659	1006096	1872266	1619002	1383445	1085642	1421720	1127141	760242	642628	1581870	1413172	1177574	1329929	2015152	1363995	925422	1043115	1208339	426524	723727	1713084
812	11.141	366.21082	4059	0	290	946	1544	395	0	1364	2250	405	932	149	1083	2098	780	1010	805	1701	0	1249	1072	1654	1539	0	652015	390722	265555	92270	145251	201039	146682	201414	421593	558556	357380	120390	139073	196898	323584	183896	230798	494087	108485	113419	216687	159081	132165	89091
813	1.282	367.01736	72753	91132	112847	75102	55644	55456	63820	57871	81136	87801	50976	78760	82907	71600	69021	78236	58418	67003	69358	64183	75911	80695	61991	70129	87596	61442	53984	61135	48102	57496	56420	52417	77261	50391	37536	80401	34644	34389	20620	36298	51510	88463	87149	77675	39782	66346	63038	50057
814	1.958	368.09613	46520	86863	78676	42715	244732	70870	34232	68970	84114	39895	99476	76354	79052	69614	100552	120270	110864	58072	78574	60107	72589	27634	65176	50147	606	0	0	0	1559	0	592	699	0	0	0	0	840	0	0	0	0	597	0	0	0	0	0	0
815	3.909	369.11658	874	838	828	0	0	2862	4098	191	724	0	1394	940	526	0	0	1067	2573	2393	4459	385	0	0	452	392	804948	54931	17211	20633	5806	192591	271192	135598	275126	914026	282704	888275	48593	0	509027	33393	364260	430977	202784	79206	492903	644622	392	71493
816	1.888	369.13745	68198	29195	24977	86364	5235	128979	6695	105988	58372	31076	89197	53790	32439	205722	49122	69870	71680	99210	130505	92246	77785	82117	66350	47516	0	0	0	0	0	0	0	0	0	0	0	0	0	0	0	0	0	0	0	0	0	0	0	0
817	5.944	369.18909	635068	529286	453929	559382	527782	229879	187276	543172	326480	281112	275384	609682	480538	388462	355906	399170	497156	500446	366222	720718	479477	343094	504142	470253	36039	24659	22252	20038	15978	13882	26856	19283	11350	28257	17450	82326	13766	109826	18738	37220	26477	30612	35050	27536	15543	540765	11159	14428
818	11.332	369.18921	183999	487167	116969	42508	118529	38568	45532	90589	147972	94602	54787	124201	387760	55645	83689	96961	429453	117169	91458	156364	101056	63721	197037	96262	0	0	1243	281	0	0	0	244	0	0	553	1358	0	2200	722	0	0	277	1059	0	0	2281	352	0
819	9.868	369.18945	883955	1977860	725432	619075	827981	528695	638017	657998	754557	703329	650821	801872	2081924	745513	1068045	1042912	2031379	1004354	924071	963999	703777	753256	1735679	675365	0	0	0	0	0	0	0	0	480	0	0	0	0	0	0	0	0	94	0	0	0	142	0	0
820	11.993	371.19495	91974	52244	49197	52215	80247	18594	37137	63284	80035	95656	46628	66253	55742	101568	71131	39814	72512	84563	58879	159855	63336	50310	55884	93483	11561	16102	12742	23108	6805	9358	13924	18905	16903	13284	13138	29358	2461	42760	19287	42487	13632	20896	15271	24965	18788	110908	14797	12677
821	10.175	371.20514	1594003	1182746	3024856	3732036	5545002	3624901	4142172	4303034	3483134	5128946	4497480	5054415	920364	5594030	3390532	5878071	585204	3318996	4776061	2630804	6340174	5445070	3146569	3635792	30811	33117	31201	36046	45606	19173	36816	21225	28540	22403	27459	55481	24444	43492	27094	46598	32090	22663	78141	24751	28567	30254	39709	22274
822	12	371.20532	7118011	7234788	6349694	5333004	7646780	3524906	4001962	5875116	4784514	5705604	4316280	6688428	6168104	5955929	5722805	5384482	6641421	5471240	5004240	7543467	6208118	4017138	3681144	5540312	1259213	1681301	1510412	1634398	908313	1209421	1220233	1478625	1787132	1347818	1078627	2978168	379886	3004256	1662810	3348819	1536916	1962425	1573042	2095028	1817727	8687889	1744000	1253536
823	7.224	373.11169	310461	342722	105942	211636	560054	64664	81158	135909	48794	274091	279166	566379	105588	156646	171616	75343	15563	375741	343296	711083	572267	215028	620428	652729	0	0	0	0	0	0	0	0	0	0	0	0	0	0	0	508	0	0	0	0	0	0	0	0
824	12.333	373.21179	23019	8229	102411	31914	86830	53422	57699	75574	118081	100244	48498	41196	5453	89778	46048	69273	7952	58476	97674	50395	57710	63684	62830	76224	82044	85872	134946	95652	81499	48137	107306	63651	77158	75863	61027	106093	36107	31113	50682	84424	125341	45483	78525	124560	63184	9769	70132	69201
825	12.332	373.22083	1729240	789660	7755490	4569470	7529538	3776817	5337464	6175322	6212380	7863487	6650636	7063230	660080	8251694	4526112	4765557	319343	5271786	5657084	4360444	6401804	5972527	4501419	5516554	6395760	7849483	9195441	8367728	7510032	5821857	7603792	7629813	6037150	5821990	6045443	7152588	2721548	3971316	5880056	7395518	6120818	5319900	8990976	9327800	6377159	1045964	6335226	5648254
826	12.357	373.23215	15403	13953	142146	58202	85851	77458	65977	68505	110524	119987	132386	80165	7516	86148	62708	103114	2005	66487	89148	52384	71612	85295	57943	116638	95187	135049	124241	111622	115438	59515	141713	132964	108607	123634	95704	152509	39361	71540	78624	152467	118803	66892	121041	128972	100761	15070	78793	97767
827	4.782	374.14334	7989	6452	14276	10997	6740	9924	7353	11552	7006	4395	5627	10064	7238	8182	12538	6537	10740	12107	8696	10092	10362	8130	7011	5111	1416359	1448650	1358737	1105637	816819	1004507	837196	1003337	1042832	1124011	931832	876223	737882	777677	697506	861163	995347	917372	997210	1032130	1080647	868619	891402	1011526
828	12.971	375.19949	0	491	0	0	920	0	0	0	0	0	0	0	0	0	0	0	0	0	0	0	0	0	0	0	89906	241260	132096	213040	147601	208035	116580	257815	194394	104219	279855	181057	132393	263208	265192	169325	147335	268209	218973	105181	195341	271638	138989	94535
829	1.774	376.15891	190603	203579	87331	46583	127395	45588	300397	220600	157920	193998	60640	167696	101861	154618	230332	160954	298236	82109	53638	155456	77658	128477	41550	167418	3029	8177	7189	4961	5575	3753	6002	11769	4684	5591	6879	2226	4916	6563	4544	7676	4808	3277	2409	3121	6808	1232	10353	3618
830	12.366	377.15704	103266	81405	117265	119154	100244	90692	73642	138203	85646	98906	81691	64172	124790	80864	97542	70323	133017	116518	67324	127851	98156	65781	60945	79154	122	0	0	0	0	131	0	0	244	0	0	0	0	0	0	0	0	306	0	488	233	0	280	0
831	21.902	377.26794	0	0	0	0	0	0	0	0	0	0	0	0	0	0	0	0	0	0	0	0	0	49	0	0	792754	433441	497250	615665	601292	347394	516159	422161	407078	567806	531040	589823	455631	455176	410344	438565	288004	775859	729158	597086	678931	406273	639417	564302
832	12.881	379.17328	66207	56094	97395	116674	175201	115932	115750	109392	187040	122773	76153	69742	169804	47283	114992	71087	81224	104994	84241	104215	65153	39197	63086	122920	0	0	0	0	0	0	0	0	0	0	0	0	0	0	0	0	0	0	0	0	0	0	0	0
833	20.417	379.24655	0	0	0	0	0	0	0	0	0	0	0	0	0	0	0	0	120	0	0	0	0	29	0	0	352638	340501	308119	311350	197970	336547	218437	217596	144931	281781	128275	163749	144934	342974	168069	331216	434217	304336	579290	269731	354182	468818	387570	204054
834	22.466	380.33572	2714	2827	2667	2626	13722	2606	2541	2398	2143	2566	2463	3270	2714	2066	3479	2304	2022	3770	2804	2677	2645	2599	3186	2555	130041	54797	82092	79420	88230	77009	74243	130446	14299	92323	146400	54265	76521	121806	55269	114832	73072	93104	94917	83374	90418	71103	73174	99352
835	1.44	381.05453	16782	11702	31904	43279	35535	42722	26199	53365	31961	24997	18595	16184	28531	56962	37303	49051	57394	54635	38524	55826	12915	8718	44463	31393	76699	93067	82492	86214	78313	88127	62992	57949	88359	58290	99956	72432	62956	38454	60380	60806	73696	64227	90142	93817	120604	56834	76721	73318
836	1.45	381.06787	111064	48795	108656	103429	170863	124206	77057	118376	113931	101562	105408	48487	187552	174785	150868	100652	173091	145862	115794	153613	119805	118865	85695	152269	259364	189170	247613	354724	233011	203492	289711	105911	249749	138904	185356	159601	53421	181233	168089	202086	175570	173809	266896	137045	271384	180323	243763	225380
837	1.446	381.07834	7928843	5816866	7681514	10041567	13142368	9309231	9749593	11743526	7826214	8245768	9125127	8474929	10984413	11885606	10445904	11319953	14259646	12255147	8374922	11583783	7359314	8235680	9250428	8873010	18493066	18619098	19321374	19699584	16509979	17460168	16768574	11823349	16623261	16681439	16500511	17652784	12664359	12690727	12620675	13175625	15791287	17574480	13555624	18161192	15880473	16170967	22683896	16633061
838	1.416	381.08563	48833	55459	85352	41627	89046	199863	79362	131229	53214	61827	54873	79736	206153	104112	87911	31689	74924	172330	114197	132516	103709	84448	95416	113037	251299	189342	222843	259068	340157	210729	216360	179556	250506	150642	246982	219487	231196	230108	200763	329873	116815	247958	190585	110681	191182	204798	390597	180567
839	1.449	381.08994	89174	55459	85510	111929	89046	183705	75681	146145	59303	92634	97742	62889	206153	151266	139125	82813	159030	172330	101053	182356	85060	113613	95416	110176	277559	190082	243905	279071	397857	205096	217138	194894	250506	218547	175961	297682	250359	210087	200763	301703	129784	240251	190872	200964	262877	258330	519010	152802
840	1.439	381.09955	34377	34114	43116	50277	59081	35040	48460	81366	32712	67624	55724	41506	83511	60659	101879	58230	114169	55115	43273	74614	36043	34260	33909	33640	93803	100016	89580	78023	82726	86922	69132	60683	101430	104741	103605	89029	46635	76636	46666	77605	71406	109820	63907	95759	84085	66961	145984	84772
841	1.824	383.14392	373065	530116	394213	460967	527073	562455	380012	445091	531598	546261	465937	615718	623378	434831	275179	368654	265757	494153	542916	573877	651030	442198	592576	363573	12420	13118	15147	14215	9492	10373	9200	15745	9184	10427	7437	13961	9226	7827	10062	9991	7385	21852	15155	19715	8615	17253	11279	13421
842	16.342	383.14676	0	0	0	0	0	0	0	0	0	0	0	0	0	0	0	0	0	0	0	0	0	0	0	0	91121	110892	149820	108257	74588	82253	50322	70044	61500	78392	44513	46713	153723	117594	132808	131190	84096	66493	67379	108871	146384	27031	92480	60395
843	2.171	383.15363	359304	96360	115326	264967	8773	321715	11103	452213	244545	113505	274902	267046	87969	366228	111530	319146	160874	293293	406437	607855	320240	319780	246470	94172	0	0	0	0	0	0	0	0	0	0	0	0	0	0	0	0	161	0	0	0	0	0	0	0
844	1.49	385.08813	1230	0	0	4844	7403	6103	6443	9281	14104	0	0	0	5147	5764	4642	15533	12270	1281	7021	10389	10771	0	0	6619	577646	269305	574480	1713724	256322	132552	130275	99611	219846	169389	118391	215635	81483	98829	50111	55050	65900	395480	170534	381576	101224	115242	952936	230907
845	11.919	385.1626	24820	16160	36880	26071	21873	22554	16616	31094	20818	24669	21086	24527	18894	22077	24938	22796	30589	25806	14712	25966	22008	19633	18367	20600	268654	191140	256539	218398	162509	219179	158848	164282	183804	188344	110633	196056	110679	165113	145644	139117	154843	155767	287740	273208	188386	217682	287323	172640
846	3.749	387.12701	518320	263315	509771	254746	234030	418829	328450	361743	539003	489751	93450	407439	290040	206297	286892	238842	486208	258554	274534	433627	181242	319263	305704	183975	0	0	0	0	0	0	490	0	0	0	0	0	0	0	0	0	0	0	0	0	0	0	0	0
847	14.264	387.1413	97556	44243	58543	130962	55135	69317	91646	89632	63297	74648	160603	66699	54594	82358	74344	95559	103604	169754	52983	80442	85061	67493	53397	68139	0	0	0	221	0	83	0	0	0	0	0	0	0	207	0	0	516	0	0	0	0	0	0	0
848	10.766	387.19943	188319	282561	205442	158770	326630	101839	89759	202257	134728	153430	143440	224639	226772	243345	153195	131562	197809	227191	168276	317375	270692	149285	122887	156820	77911	82144	82583	106569	49260	48690	85299	59151	56439	52131	54807	178631	30797	50071	52572	69083	56152	88781	110067	128057	83660	304913	110492	66055
849	5.93	387.20026	8030330	6471278	5926408	6847676	6721206	3959886	3371164	6534182	4394007	4211336	4366629	7132840	6233176	5419041	5119074	5570666	6079902	6168446	4946456	7977482	6237994	4800378	6726002	5816922	1084337	704377	757336	592635	523843	433695	801978	581270	432517	949322	636322	1827171	437933	2189646	627476	1133897	819071	794574	1038792	898550	480839	6015724	293152	323368
850	5.879	387.2005	7888453	6045108	5926408	6847676	6721206	3959886	3347106	6534182	4394007	4184156	4340841	7132840	6191918	5419041	5119074	5527566	6079902	6168446	4826294	7977482	6191930	4675178	6726002	5816922	1091495	774760	774959	641760	525174	443291	820830	638875	432517	949322	636322	1827171	437933	2189646	647787	1150520	819071	892992	1097621	898550	501141	6015724	347757	399018
851	12.177	388.19534	0	472	0	0	0	0	0	0	0	0	0	0	0	0	872	0	0	0	0	0	0	0	1355	0	1104437	771577	949482	1075294	287103	347997	336604	207484	493102	139187	243740	228526	74287	67257	175962	24221	212847	219220	764842	1036940	341653	823300	1980758	1210868
852	3.898	389.14252	45542	113704	46392	40785	35556	37532	43428	56680	73764	123180	97155	70057	107024	83339	62786	88797	72172	52170	49899	86624	130725	31874	60138	73417	3212	1661	0	1628	6681	1193	1793	219	806	855	0	0	1366	0	0	3823	439	2790	930	0	852	0	914	1789
853	13.565	389.15808	537346	379820	448975	513705	416735	661644	769201	588116	412330	416371	531166	417863	426149	560048	604660	611080	546424	613407	338102	450940	411568	369484	258868	486218	623	0	4030	143	0	0	0	0	0	0	0	0	0	0	151	0	0	465	858	1167	1592	186	5627	880
854	12.645	389.17923	158013	52435	46888	130083	74093	131983	135756	266157	450819	135772	150594	94430	246715	223474	292572	84671	278573	85414	95071	137294	116060	79310	52658	309706	802	1696	1819	1390	1463	937	0	796	3260	2174	930	0	2001	2084	1365	1653	1691	2284	251	792	2409	230	1404	1406
855	10.398	389.21512	78215	83236	188620	174297	232317	100848	175444	353340	163093	222450	269214	211374	36664	336815	188558	270380	46331	175498	200909	192789	323552	244833	261313	158354	36239	44419	61933	47028	49803	40592	65338	38040	30801	37661	38368	63108	27822	47279	34594	63829	39687	49109	75272	35760	24366	32766	55369	28956
856	6.153	389.21536	914506	365430	3469154	3262760	2801976	1161826	2035204	3028892	2861920	3731650	4006642	4040119	263342	7193454	1624802	2312604	160237	2393263	3168468	3301071	3230553	2379776	1465621	2826706	4081070	6413960	6989218	5749388	3172076	4024975	5784544	5532321	5307516	4271978	4822240	4805696	3499555	4956266	5702200	5454170	4399192	6164107	6779374	7232912	6592730	3680793	8150793	7185484
857	6.118	389.21585	914506	363641	3469154	3262760	2801976	1161826	2035204	3028892	2861920	3731650	4006642	4040119	259088	7193454	1624802	2312604	164680	2393263	3168468	3301071	3230553	2379776	1465621	2826706	4081070	6413960	6989218	5749388	3172076	4024975	5784544	5532321	5307516	4271978	4822240	4805696	3560213	4956266	5785814	5454170	4399192	6181852	6779374	7232912	6627802	3680793	8239292	7185484
858	6.999	389.21585	20280	8970	106635	86782	109856	30323	18002	136290	106766	110804	123090	161055	8434	391606	34356	52102	6048	55872	102091	110764	59217	47434	65980	71846	629506	1172365	1028576	864498	624891	1084026	1053442	1013953	939616	778411	810893	797189	767112	653308	1005890	1529692	785384	1274878	1215823	1157412	1366448	582892	1491791	1664359
859	3.934	389.21588	530874	351786	2940357	2095238	4167378	2085132	1938570	3149480	3117605	3820774	2026050	2585664	322446	3921604	1737360	2728640	137695	1728806	3646662	1602288	2397996	2471384	1986215	2633317	4027020	3192995	2776708	2927217	4536047	3694278	3856764	3429158	2855368	2695137	2420374	2743076	2171608	1252665	1743778	4283971	2258459	2722215	3701962	2206085	2733500	18625	2164610	3268801
860	7.229	390.13806	626440	449806	180842	294153	718054	83664	119992	193367	65166	333769	328815	934855	136224	220288	233105	96939	23029	531848	525370	1011298	802293	315827	821626	886136	0	0	0	0	0	0	0	0	0	0	0	0	0	0	256	0	0	0	0	0	0	0	0	0
861	2.595	390.17386	2142	0	0	1299	0	0	281	296	0	680	0	1204	1620	0	0	0	798	398	0	0	2182	807	0	0	80477	61072	120450	224022	158940	143762	174951	182958	362932	166449	214128	89266	327735	155487	113270	76041	152223	226446	60644	51315	96087	92987	133302	42613
862	4.447	390.17477	154228	504112	405011	160997	1778135	880648	868675	169812	415593	204217	440213	537929	914927	352028	881272	561845	2302833	145174	228056	98775	969806	564290	422515	2015880	2092	3235	3162	1527	1740	1028	858	1707	1769	1551	1158	1490	1381	2365	736	1114	2356	1701	2616	189	662	2350	1563	1660
863	11.16	391.13754	1852	3420	4856	4601	3201	5755	5467	4061	5301	4812	4156	3745	3245	5604	4221	5116	5856	5445	3945	4703	4919	4982	6336	3470	511538	698664	324626	311132	1950519	505336	642094	1209574	773517	957913	1255248	1127341	646186	2762716	1353935	2650020	554238	818399	215012	559127	786970	351625	591871	62278
864	5.256	392.18945	89211	113511	94552	33150	71066	62442	78512	84346	110068	117799	42842	156527	66738	55529	74288	56978	88457	50121	122787	55796	87032	73164	41555	81974	1746	548	0	1684	763	2326	1142	1123	2015	2308	1573	771	240	3029	3826	3953	810	120	1366	248	484	2508	2796	1387
865	11.914	392.22549	0	0	500	0	0	0	0	0	0	0	0	0	0	0	0	0	0	0	211	0	0	0	0	0	221049	125792	255008	102298	153046	128258	105713	168900	131525	161054	132203	89554	77057	65797	117580	84714	157930	166719	84140	173181	153826	95992	98148	128378
866	12.672	392.22635	0	0	734	683	854	0	0	0	336	197	1024	0	0	0	0	484	298	843	0	0	0	0	0	233	341940	318495	673908	524900	588083	431430	1002636	184584	495196	583797	441105	261506	691422	595151	423444	898035	756681	268969	656694	765465	462127	387116	322346	1224169
867	12.979	392.22653	0	0	649	0	0	0	694	516	0	0	0	0	994	0	0	0	0	0	0	0	0	0	0	0	474287	1024231	772107	1011740	832167	907847	793003	1094532	995823	671902	1142944	923979	786814	1306558	1272305	1109147	852527	966696	1023441	683764	932314	1094629	732221	655428
868	20.883	393.26212	3225	0	289	188	0	111	0	0	0	0	0	2351	0	0	0	91	0	1131	614	410	363	689	801	216	395448	419067	408433	467934	643478	457722	499860	520140	421282	443330	402297	359537	544948	556311	548430	480348	268621	620134	425509	338526	604766	161160	678309	504241
869	1.877	394.16962	759856	161923	579506	358410	472646	397057	331360	388775	290200	193094	142493	524279	258295	320969	488320	366231	347735	564367	338415	364306	374258	179124	182664	357503	185582	79659	194991	217565	186035	145162	177264	204521	199342	177928	176519	94012	144766	261098	245230	165141	86234	132986	118396	148269	105853	88371	145368	117045
870	1.433	395.09259	4924	3928	5216	0	0	0	0	0	4132	0	2304	1413	2436	0	2110	4992	0	595	0	0	3886	2110	0	757	64971	84243	92746	120322	83443	47224	53442	46010	62330	55374	44744	128766	29808	38662	58356	46400	81024	77528	58952	52928	81530	44466	173550	87763
871	16.528	395.14758	0	0	0	0	0	0	0	0	0	0	0	0	0	0	0	0	0	0	0	0	0	130	0	0	1133011	594121	723379	645955	577549	575404	356487	400706	728893	531843	698063	262035	466745	350551	631319	970215	704750	615126	448091	577118	764666	293933	336017	532428
872	1.842	395.2655	0	0	0	0	0	0	0	0	0	0	0	0	0	0	0	0	0	0	0	0	0	0	0	0	54528	206707	46688	55290	46011	225724	377928	110706	109429	124179	357411	216399	50266	131242	79038	935841	125491	165021	445960	9066	90932	479878	129415	104231
873	2.097	396.19965	0	0	0	0	0	0	0	0	0	0	0	0	0	0	0	0	0	0	0	0	0	721	0	0	38483	285333	71189	97368	104292	47089	142240	561761	801068	196013	720829	345023	263853	797946	194981	273631	86517	124923	171645	33612	242318	535692	714161	202979
874	11.567	397.14774	456416	301072	119351	686052	106616	84230	103941	715944	984940	817583	333362	384457	527383	592547	496094	314375	973931	599304	530660	752534	374665	592803	488192	1047488	0	0	0	0	0	0	0	0	0	0	0	0	0	0	0	0	0	0	329	0	0	0	0	0
875	11.887	397.1629	21821	14800	41921	36435	43546	25645	25561	34425	19430	33419	13315	26754	22477	32734	30830	28107	50951	46420	22928	26693	12180	18227	17342	27559	1077894	1019038	716593	788848	504010	760741	496051	524736	509020	534362	576831	715394	495342	460676	534824	560192	468958	622401	812074	766304	804968	710709	960600	533248
876	3.501	398.20062	7181	10270	2101	6113	558	4198	7654	10660	13450	2594	0	5348	5192	6839	12033	18035	2122	8974	2232	5450	14271	7084	292	4893	94814	96268	138865	277794	140013	292254	317708	603528	401704	454374	611949	126132	1147594	795543	444053	1323069	478242	588149	208395	278430	187075	171431	833741	332499
877	2.172	400.17996	235208	47020	53056	107536	4180	129578	8212	189289	90135	47385	121647	166372	48696	182507	56093	185044	80478	167530	197560	355254	136442	138702	108563	52464	2718	2176	504	928	1567	3449	3225	1582	1313	3415	2901	0	805	6074	5794	1383	193	3676	1712	444	1567	2285	3050	1146
878	13.713	401.15775	118550	257893	104118	157730	135658	181545	455844	160038	537809	263542	223498	285232	85119	94231	252892	455026	133779	183936	362076	79092	85626	178061	75445	323182	0	0	0	0	0	0	0	0	0	0	0	0	0	0	0	0	0	0	0	0	0	658	0	0
879	3.837	404.1528	238618	74686	131608	66090	85211	151564	112278	123532	131335	112732	30830	108527	81931	74262	95929	78319	126656	83894	93021	129772	69530	93499	77233	54791	2919	2146	1333	421	3846	3684	1028	1214	545	4075	969	531	1422	5868	2595	7197	2746	947	374	0	3385	2583	755	261
880	8.762	404.15359	369615	529949	397819	49702	65243	17209	84149	20898	112713	136305	75670	559422	173625	277163	184972	29847	413675	203438	322706	316019	274966	252250	108922	360014	0	0	0	0	0	0	0	0	0	0	0	0	0	0	0	0	0	259	0	0	0	0	0	0
881	11.697	404.2258	65840	57945	50178	36353	59633	13257	23275	28653	26172	21866	28107	73643	73084	32954	19481	32951	65136	59518	26675	55771	41042	34280	55440	31878	52806	90644	82520	66980	63040	44846	217253	101213	74097	103929	90874	151287	54198	147494	89924	98797	89718	163174	109402	49895	58788	91923	97757	82566
882	5.105	404.22632	1228983	659060	785803	823203	972027	465704	403345	1027728	694143	745780	306892	686468	453166	818978	939014	880055	833526	821552	722848	1134580	697331	565095	591969	692898	111546	181878	129876	182687	117170	109224	178730	181029	83892	130826	124874	143265	76828	207714	189198	277457	151640	116384	212309	129739	111788	195885	104854	196416
883	13.485	404.22635	14975	35145	8370	6400	6416	2715	6353	12109	4618	4572	3024	11573	12893	9099	9386	6901	17971	17123	8496	10421	5763	8184	9154	6827	1456612	1828656	1886105	1562811	1556620	1418688	1825606	1910490	1390105	1554535	1343636	1533048	1057262	1064449	1604300	2495443	1597732	953995	2445698	1876206	1907356	39236	1846389	1895622
884	9.843	404.22638	1123951	1361870	472941	339400	589970	296542	402757	362739	411692	392604	355250	704473	1341507	491662	703249	687392	1364126	754173	675357	742775	457498	490906	1233216	378796	1725	3858	6593	5570	3483	5982	6313	6244	1995	11216	3509	4127	5080	4394	6097	6996	6277	4707	3696	4039	4868	2625	4077	644
885	11.348	404.22638	736716	1261152	334406	168770	411282	112209	207438	331026	482889	234865	177238	548967	1156051	225915	328230	323507	1017681	595884	448442	604485	452951	358283	834128	296537	200	1077	1474	1791	1325	301	3870	1054	2736	1342	1398	3303	956	2302	2428	3085	3587	364	2813	319	1147	3826	4673	0
886	5.165	404.22653	1275438	659060	818285	823203	972027	465704	413008	1117735	798762	794459	306892	768527	519975	855646	939014	880055	918805	821552	803456	1134580	737959	604792	656439	804888	104053	181878	116735	143822	98694	101381	172476	149191	69310	130826	122606	143789	70289	206071	190370	277457	151640	99073	209634	111973	101517	163878	79082	196416
887	12.816	406.20569	2024	0	494	0	0	1796	4122	3395	2079	2254	2312	1638	2579	1047	6248	0	1996	289	0	793	2173	1591	0	1006	228384	245785	220156	338514	437870	287648	433825	312138	336271	470485	384027	180411	374866	509274	396671	704257	271372	416227	234898	102486	224943	255140	112277	272641
888	11.222	406.24173	85580	67932	188340	42168	119657	25570	145174	96407	37321	124641	408043	1054728	72842	115363	27906	116146	21506	113809	39999	61956	123820	183710	70461	46946	86103	132834	148138	71042	237140	84013	111650	254780	182686	247857	87393	83545	76671	101641	191372	192118	160180	111642	334170	103463	167854	30058	30475	265006
889	12.076	406.24185	142898	70480	54354	99438	264594	28936	131434	38564	67062	73441	54583	99754	73685	125954	43503	88247	135648	135603	44099	73678	89282	95043	63321	74476	33599	30086	30137	36136	26011	27973	37044	24215	29309	20143	17439	36029	11261	39376	29150	53388	37711	46464	44453	18413	37000	141627	41039	59072
890	10.219	406.24194	1407408	691437	2249724	2579443	4185170	2205033	2775212	3048266	2465784	2961156	2802938	4236662	523375	3607353	2352614	3912894	321484	2273238	4122014	2137125	4727655	4105766	2348815	2514279	780800	1256560	1223249	1127455	1548204	641589	1314768	700788	974467	989922	1090673	1611690	1095254	1967307	1260082	1955031	1404052	670382	2074409	455891	321679	1244502	854746	373656
891	10.177	406.24213	1407408	691437	2249724	2579443	4307548	2274554	2775212	3048266	2524628	3292080	2802938	4296282	523375	3607353	2427597	3912894	321484	2563738	4122014	2137125	4884472	4186942	2362232	2514279	780800	1247571	1187398	1127455	1548204	641589	1314768	700788	946618	989922	1090673	1611690	1095254	1967307	1260082	1955031	1404052	670382	2053708	455891	321679	1244502	854746	373656
892	7.126	406.24231	3807	2486	4796	1349	3904	1870	891	2599	1772	2466	5088	6352	1485	4045	1238	1865	783	4134	1922	4890	2715	3869	8483	1220	252901	400755	489727	420973	145110	722906	365958	664405	680665	566017	427687	360744	375543	309933	557335	1087032	365597	447080	221999	676100	879920	552388	592034	636726
893	13.121	407.16803	107861	136151	107016	77160	76403	43964	54322	46127	72293	96826	63168	95363	95144	54169	50847	59808	77450	70841	92994	95474	270843	57024	57974	228623	0	0	0	0	0	0	0	0	0	0	0	0	0	0	0	0	0	0	0	0	0	0	0	0
894	22.043	407.27853	0	0	0	0	0	0	0	0	0	0	0	0	0	0	0	0	0	0	0	0	0	0	0	0	218319	98632	88726	157066	86996	93886	66931	84014	37078	109619	102378	72519	69447	91159	39576	139676	32613	137330	118164	116559	118200	135698	170032	71678
895	2.635	408.18509	578202	441052	476386	288774	514648	523490	618262	346164	544546	580149	256954	620473	626137	409530	729751	599661	555875	352293	547368	320977	594753	207164	294101	626456	473	0	0	899	0	1102	0	1326	0	0	0	0	0	0	0	898	0	0	0	0	288	0	0	0
896	4.197	409.15826	175701	201720	155263	225946	250489	192347	132895	208722	158860	161470	174594	322713	190950	230043	113166	163849	153877	150466	280778	238367	275073	146905	310688	100811	0	0	0	0	0	491	0	0	0	0	0	0	0	0	0	0	0	414	0	477	0	0	0	0
897	14.357	409.18329	76201	65875	169475	119057	145657	81392	91660	114723	177135	95161	35021	75216	110496	90915	103668	65325	86907	80994	101683	90696	46684	79754	56782	140076	0	0	0	0	0	0	0	0	0	0	0	0	0	0	0	0	0	0	0	0	0	0	0	0
898	13.259	409.18408	1783970	2352542	2101927	1997008	2838840	1338107	1947918	2333956	2135554	2538356	1632327	1774330	2659212	1878153	2117377	1527782	1753561	1818852	2225607	1891103	1430762	1828688	1399301	2593698	0	762	0	215	380	489	336	0	184	0	241	0	330	0	0	0	0	0	162	232	0	0	287	0
899	1.429	411.08762	0	0	0	0	0	4264	0	0	0	0	0	7016	0	0	0	0	3610	5022	0	11375	0	0	0	4880	73224	59702	75487	103267	59619	62989	65188	40613	41706	56632	30338	82662	37049	37030	41153	55723	48002	47188	71088	79414	68570	93308	131576	63278
900	9.097	412.21616	1263094	1119282	647385	522209	245222	1388678	1003038	949604	996931	433703	52055	518275	472465	1095574	1310878	1067265	343193	370279	990287	228276	470923	474148	83645	1294037	758	2578	7263	3931	3998	4409	2776	9278	1023	5898	3680	9044	4267	21335	9368	13461	5909	3068	6978	8181	3543	7228	12697	2307
901	16.494	413.1575	0	0	0	0	0	0	0	0	0	0	0	0	0	0	0	0	0	0	0	0	0	0	0	0	402474	251675	314604	242463	227028	256341	154819	160212	315248	247004	291420	98134	182448	146556	254516	435739	298490	222189	166280	251386	309255	119358	124487	225532
902	1.477	415.09827	60070	23370	58196	56307	101084	47753	41351	56084	60446	31162	21423	40525	30291	61811	70109	71622	84669	128134	44591	89201	34297	22154	38092	71823	647770	509417	703646	1105910	576161	549442	324910	207885	458670	453035	183830	805565	122698	159341	117148	105006	343279	323466	329739	786690	247103	539680	601832	461880
903	11.894	415.17291	11983	7572	14601	18115	17349	9317	11066	13267	7014	13752	3699	11719	8429	16317	12830	11463	16303	19594	12013	13199	8369	9286	7195	12471	308402	415319	220042	292837	173389	282772	182298	166201	158370	161292	200219	253597	176326	161777	161552	200988	130049	195349	288994	250546	265455	246296	383311	175781
904	14.407	417.1524	445240	175607	281926	421454	169251	308164	388990	454560	360036	373205	754546	230152	166145	346622	226878	392726	333214	450069	274357	291130	390902	320654	267884	251904	0	0	0	0	0	0	0	0	0	0	0	0	0	0	0	0	0	0	0	0	0	0	0	0
905	12.883	417.15256	126344	112398	241398	130011	64659	50867	92871	156887	238917	187985	339628	71835	76548	112596	77533	176758	251180	138455	185070	196315	263059	122090	184222	130361	0	0	0	0	0	0	0	0	0	625	0	0	0	0	0	0	0	0	0	0	0	667	0	0
906	4.474	418.22134	0	0	0	0	0	0	0	0	0	0	0	0	0	0	0	0	617	0	0	0	0	0	0	0	174455	303873	73880	153103	617608	282411	593540	931284	492515	436684	342962	480035	896278	635636	1386986	995874	114084	110748	680046	250897	1116474	407086	131960	538086
907	12.356	419.08517	128754	122391	62971	87486	111666	202279	148917	90169	104364	92433	128394	80139	152154	121475	83491	143679	98989	145955	191280	82769	93343	155874	181943	97788	4787	1748	345	1708	2191	0	155	10175	1119	2716	0	6094	2169	4020	4120	582	348	1132	0	4424	1195	4803	7901	0
908	12.556	419.09592	2538014	3233146	1363913	2324409	2236307	2672956	2986271	3174900	2799812	2908288	2497826	3808321	3216942	3179207	1738482	2408332	3015489	3154186	3622448	2505153	2961561	4495832	5087290	3141174	997048	699205	311795	446727	548488	319209	639448	1289122	260357	476364	242926	799870	197237	669653	795282	283298	226382	550797	332669	776046	360903	873903	1575335	700207
909	12.362	419.09628	8870521	9217880	4901922	12406568	9124753	15027378	11967626	11024291	10215333	8407169	12507390	11595424	14878896	12297850	9079210	11989635	11509226	11416993	12659903	8736042	11461043	14891017	17056680	9850358	713537	206136	147259	272320	205201	136898	274893	1026646	188750	255265	171633	737200	179266	449065	681443	214305	176353	434708	191410	394404	282582	680347	911510	337825
910	12.363	419.10626	78482	131714	63449	125366	96030	213280	123906	109536	147701	112887	152713	115987	196593	139233	136577	127648	100338	119662	154255	93181	114215	164869	170371	111497	6045	6109	785	6934	1197	2190	1935	9366	862	2515	0	5436	1707	4315	7739	1410	1548	4419	545	1025	7562	2931	9758	3407
911	14.397	419.16776	155638	78373	116723	173538	63647	142952	180369	186511	129177	160132	315037	100578	89403	140994	107714	169243	135627	179545	123934	111482	162091	130810	104296	115677	0	0	0	0	0	0	0	0	0	0	0	0	0	0	0	0	0	0	0	0	0	0	0	0
912	13.707	419.16809	89823	181566	79019	116622	104570	135853	319381	130487	329702	165987	151580	211215	90162	78950	190825	318055	105026	128664	240097	63845	66905	126683	58693	220487	0	0	0	0	0	0	0	0	0	0	0	0	0	0	0	0	0	0	0	0	0	0	0	0
913	4.357	420.18515	33710	78798	12520	40568	35688	17675	85206	83226	125247	20533	1570	25528	42127	40359	72358	253364	16665	42957	46576	100831	78072	41422	21507	92412	479738	1272498	574870	1469696	226089	106151	251905	999113	101376	431741	290036	607852	688762	1062339	1062192	708122	725928	449134	573682	3067364	711460	1124266	2711114	567513
914	17.219	421.12555	46113	56205	46134	59781	61762	36124	98539	43724	53085	61369	31480	48432	54077	48341	73018	84226	53667	65361	75235	65008	49050	74036	28232	63050	0	0	0	0	580	0	0	0	0	0	207	0	0	0	0	0	0	0	0	0	0	0	0	0
915	11.631	421.14764	1226	1812	1815	1462	0	1001	1156	624	2812	1031	2960	0	0	0	1218	0	2837	1798	2755	3537	2150	2756	653	1800	7929696	4833065	3803192	3370948	6875417	5067219	6492206	7025334	6426812	9595406	10056885	6147366	4508998	12772917	7741000	4048437	4222278	6010908	3529220	692532	5603455	2863044	4418446	1155801
916	12.613	421.14774	1574	1219	946	506	608	0	211	1982	656	2173	0	536	1924	1266	0	0	278	0	501	1220	1176	350	572	3217	539883	244332	160290	124453	397347	106647	187168	212010	378271	536430	725200	277366	177556	1172727	272711	131830	142242	355072	157016	4670	192343	39393	225380	18893
917	13.157	423.14194	0	0	0	0	0	765	0	906	0	0	1133	0	1294	0	0	0	0	0	0	0	0	0	0	0	150417	197803	151422	69539	183998	133616	74508	97444	116726	158262	63290	351675	177664	177532	178368	79314	123464	90662	128386	199123	113890	83805	92944	72730
918	20.819	423.27328	3450	768	349	0	780	167	219	36	52	484	59	2827	179	362	294	115	337	1182	1131	1179	502	459	1224	361	1125356	720837	469497	808559	752317	636793	546586	639468	348671	693738	517134	561682	634323	650013	455546	820674	277069	853602	491538	558461	706084	1048505	1514402	526580
919	11.703	424.1586	0	0	1731	0	0	0	0	0	0	0	0	1676	0	1688	1089	220	0	0	0	0	0	506	0	958	33377	113721	45016	56945	367326	22957	70980	273908	84146	398770	244994	226404	80367	466270	244277	1060788	80262	192198	22328	91611	70161	24060	217732	6435
920	12.653	424.21622	553567	146848	48760	314437	184644	225050	127799	522474	870633	220565	238187	226746	443960	400224	492324	237240	720142	145020	343471	221522	115685	206395	125988	575389	0	0	0	0	0	0	0	0	0	0	0	0	0	0	0	0	0	0	0	0	0	0	0	0
921	22.403	424.36163	5228	5268	4500	3880	23513	3887	3871	4501	3652	3710	4106	5005	4207	3740	5196	4275	3489	6020	5133	5439	5432	4886	5540	4679	225841	103774	138560	136038	163022	135782	127048	223569	33559	155132	244051	98406	128830	208070	102997	192859	133140	161717	163856	140821	158802	127230	131254	173454
922	1.403	425.11273	1854383	1834241	1721595	1983988	1827038	1676560	1366617	1582404	1586309	2073818	1947703	2530677	2149016	1983222	2040952	1597067	1034663	1722445	1920783	1856759	2125080	1812166	2026603	2199270	777786	465663	523259	532391	296709	444335	629935	675914	468649	347418	395507	733122	213730	283056	186702	270591	341738	661397	691466	837712	522976	728448	794235	578321
923	16.485	425.12146	1548074	1866484	1178473	2131395	2608257	2260298	2408068	1584600	2092111	1686566	2279954	1988092	2190799	1899543	1793413	2254364	1481848	2367770	2345779	1753812	1911977	2150440	1845936	1864919	5471	0	0	0	704	0	258	0	0	0	0	3462	0	123	0	0	0	2248	0	631	0	0	184	350
924	4.152	427.09979	307326	322037	188790	175778	232811	372780	138677	172227	238170	123004	328250	95893	223055	141632	240378	220035	136516	179708	177572	96479	302210	128172	79222	117706	0	0	0	0	0	866	0	0	709	0	0	948	931	806	575	0	506	0	0	0	0	0	0	0
925	10.645	427.17285	401	0	0	0	0	0	2456	0	0	0	0	952	0	1321	0	0	1460	1696	1440	1304	0	496	0	433	175401	312795	253437	199913	185185	149172	208661	140987	197678	192728	173611	133593	122521	74697	80757	123718	133239	47312	236201	322142	268153	247857	302056	200462
926	9.548	428.20551	0	0	0	0	0	543	0	0	0	0	0	0	0	0	512	0	0	0	0	0	0	0	0	0	1216264	1749168	1384355	1597799	2698141	2419454	3995578	2599042	1587256	1628826	1096514	2338546	1906688	1733471	3372437	3164820	1754713	902537	3398953	1389006	3337456	3224552	1268285	2471712
927	11.171	429.17355	52969	56881	61388	212450	40560	141177	48648	106467	31028	55271	82518	76886	48616	94408	54214	53682	77345	95869	125130	82342	149844	58649	123149	52622	0	190	298	391	0	0	0	394	0	0	0	0	0	0	0	324	0	193	0	0	383	0	0	0
928	4.993	431.15259	120970	86841	44780	177665	83915	252545	92201	89734	75862	79424	175613	111510	80205	112911	61346	103654	181416	126790	153714	80256	155024	151073	141153	75179	0	0	104	0	0	0	0	0	0	0	109	0	0	0	0	0	0	0	0	0	0	0	0	0
929	11.567	432.18488	2360863	910921	457485	2112934	547062	402739	450105	2279484	2430811	2414446	935406	1593756	1578658	2018553	1600770	965704	2763224	2373322	1877442	2559733	1333499	2153217	1760546	2805323	0	0	0	0	0	0	0	0	190	0	0	0	0	0	0	0	756	0	0	0	0	0	0	0
930	12.799	433.09579	107461	100356	57513	133472	110365	54969	183581	235940	59923	146425	83047	56540	85285	99940	126938	130025	221196	83635	137497	91240	62677	110405	141981	126026	0	0	0	0	0	0	0	0	0	0	0	0	0	0	0	0	0	0	0	0	0	0	0	0
931	11.226	433.11136	358824	262680	430215	606981	409405	633618	49746	590462	187750	336311	205672	327858	693024	226991	502116	212536	241230	434671	435536	297980	484549	512335	338145	486334	4569	4215	2850	694	8331	10132	8189	5137	8155	14528	10151	12962	11074	32322	36442	3664	7713	2574	7702	1226	18150	7396	1925	6907
932	12.291	433.11139	1529	2108	6143	2839	0	3206	2503	3124	0	1275	1940	1741	5507	1235	896	890	0	979	2908	3630	0	1321	1461	0	666175	2677720	2482760	2274722	5028650	1429010	4952215	2106325	2377754	3448012	7051944	2237346	1852787	1554075	1542288	552537	2654234	3580710	4023067	2188819	8362420	762767	558105	7747673
933	12.793	433.11176	12313796	13671555	11053664	12791612	12647184	7747478	13671748	17314602	9648293	14577638	10086425	11567928	14900881	14238291	15976302	12871128	17680202	9744624	14927458	10627904	11131713	18003882	14202621	13393398	29849	47762	17842	20450	38857	18512	34816	14258	10189	22448	119429	46126	13705	10513	34233	14268	16733	21830	18572	45404	34395	23891	23079	23453
934	13.444	433.14722	74154	85634	76518	179606	38259	156393	139440	67441	103104	66293	181698	74148	59832	80134	251662	116900	100755	111928	193569	70218	81132	102629	54251	211042	635	0	0	512	279	0	0	186	634	324	608	0	0	1372	0	0	0	551	0	0	0	0	461	0
935	13.259	433.18326	163870	234669	185960	152202	301302	97483	176112	205731	240100	250093	140645	161941	267319	149664	196020	124383	161012	156127	199233	180289	100046	173864	98839	263811	0	0	296	0	0	0	0	0	0	0	0	0	0	0	0	0	0	0	0	0	0	0	0	0
936	4.895	434.16428	8865	2121	3327	5240	2321	5262	4660	6107	4778	5405	7900	7347	3063	5663	3637	6986	5376	7390	6018	6232	2196	6034	5232	6107	35269	107911	68634	95794	65057	34498	44430	134204	33290	121473	51540	64179	285340	328432	834850	50891	37532	47772	37614	79340	44291	414964	568494	55021
937	18.492	434.32437	0	0	0	0	0	0	0	0	0	0	0	0	0	0	0	0	398	0	0	0	0	0	0	0	71582	50730	80032	39105	68285	39993	70549	61236	80978	79150	108351	46877	79094	53257	114434	175610	88323	109334	42853	65417	110575	42306	12329	58483
938	20.127	434.3251	317	0	0	0	0	0	0	0	0	962	0	1136	170	0	0	0	0	0	0	0	0	0	0	0	1563768	1219365	1443956	1214804	1455522	1064655	1109471	1356888	1366343	1224906	1078796	896492	1423342	1157923	1212187	1394624	1349965	1101738	1053872	1052264	1772579	1279368	749501	984763
939	11.873	435.10193	52868	67936	41237	121438	43748	107924	140234	86626	77904	32970	83072	63202	54551	62791	41325	69690	56910	127923	104015	82021	102420	82023	80984	41551	0	0	0	0	0	0	0	0	0	0	0	0	0	0	0	0	0	0	0	0	0	0	0	0
940	10.658	435.12708	2361517	2016846	5541914	4019880	6787602	2524721	485454	2894660	4788240	1843880	659745	3242323	4139883	1489978	3667514	1694307	4228067	1658413	4149420	2550270	2934193	3989200	1889964	4603050	47672	53045	155270	53068	290516	1354217	88736	390327	120123	2047412	87976	249443	55145	64979	990237	659282	667232	896968	529794	68990	427403	59177	52933	43244
941	10.328	435.12732	2009714	1855278	4519506	2936570	5053029	1965766	290227	2066118	3908220	1336206	416525	2332138	3500922	1017362	2798071	1137858	3662838	1211858	3135429	1922937	2147729	2808987	1417787	3731238	22270	24184	101970	34544	159175	919233	50222	199489	74996	1324810	45950	110486	27976	26762	703625	485189	392970	524922	344127	45258	265979	29797	23622	20610
942	10.697	435.1991	10075	3139	10190	9906	8138	9029	4618	11643	5896	7508	5995	6757	9152	12765	10681	8790	12856	10688	5736	7586	7430	9304	8216	9162	117512	122697	206401	109325	96259	115505	57995	91697	82361	92635	52128	120749	51351	73862	57748	66435	59775	67920	115059	127825	53214	173303	109456	91112
943	13.459	435.25693	0	757	0	0	0	0	0	0	0	0	0	0	0	0	0	0	0	0	0	0	0	0	0	0	286011	292363	341738	325711	268116	198200	120985	277353	356838	375501	138868	109275	197999	824089	334891	99436	391834	440368	177039	285716	181141	58390	232028	170235
944	13.936	435.25742	0	0	0	0	0	0	0	0	0	0	516	0	0	0	0	0	0	0	0	0	0	0	0	0	1181285	528552	737292	627029	676253	687720	406329	702993	896302	716654	430880	300118	408949	1210839	600033	447679	1246292	951174	677629	631521	420599	582110	433385	911050
945	4.202	436.21622	128672	47838	71668	55219	78345	40050	47803	64640	65159	74432	46920	114843	64115	95994	62391	105166	79905	71694	40164	124630	59313	75320	109385	56526	1887828	846370	1223480	947920	1134272	1709502	1274338	709352	1749233	1496436	985690	1033923	700902	869092	933349	1244128	810534	600983	835756	651162	948798	772272	480056	2433349
946	3.755	436.21637	18343	9308	11535	3006	11576	3351	4822	8216	9381	12932	11450	12100	8111	8130	7038	16074	22948	9281	6310	8141	7692	8559	9435	8661	146383	1701335	2264668	2105748	939365	689020	497212	1585910	432274	1111223	733453	840513	1381161	1529021	963215	1511265	1079114	1045817	1845382	2091140	656763	1637571	1974828	22105
947	20.127	436.30289	0	0	0	0	0	0	0	0	0	53	0	0	0	0	0	0	0	0	0	0	0	0	0	0	92478	89537	92457	85036	84332	72109	71832	81257	89492	73899	88500	62075	85547	86970	80148	82067	97941	66989	77524	81072	86427	86645	61949	74136
948	19.322	437.34006	55961	210163	192286	207433	58590	262038	72827	129458	30842	131946	89051	247906	41226	132836	164617	184220	361686	104716	192246	185662	1057754	171044	298398	557796	0	0	0	0	321	0	0	0	0	108	247	0	0	0	0	0	0	0	0	0	0	0	0	0
949	12.612	438.17422	0	0	0	0	0	0	0	0	826	0	0	334	0	0	0	0	0	0	250	0	0	0	0	0	559301	311976	251299	177088	513908	126638	272707	365572	500973	855001	1175523	304818	252834	1760649	421442	209140	246728	372075	177175	5975	188555	51189	197545	13975
950	17.238	439.13696	10081142	11547710	10454460	11974755	12470862	8717064	16788236	9431359	11541730	12572602	7111210	10348181	11838374	10073923	14056000	15023504	12077776	13649118	14163647	11867894	10406170	14653956	8208390	12115633	44505	15494	13227	12457	12595	7566	9978	7006	11352	8796	8979	25388	9336	10651	5811	7603	8726	19545	19062	26351	12993	15234	14506	11208
951	16.775	439.13696	1800886	2110319	1665417	2217015	2549368	1060974	4728968	1009337	1645353	1534673	1074574	1204392	2486844	2262018	2594145	2173467	1126478	3102638	3682253	1783908	1775042	1921617	906561	2373672	4815	0	0	300	0	290	0	0	0	0	0	3710	0	0	0	113	0	2703	668	1745	420	431	278	445
952	16.191	439.13712	1044958	929723	1530301	1053802	1277385	495421	1668667	1211892	1366520	1672989	447007	948259	926206	922517	1427033	1705297	1582254	1211126	1632018	1056794	635811	1539740	519802	1307337	0	0	0	0	0	0	0	0	0	0	518	0	0	0	0	0	0	0	0	0	0	0	128	0
953	1.421	441.09192	102578	141460	113885	109496	108479	155787	94872	181957	150396	155226	177950	93353	118313	141001	173834	127241	77679	115620	113761	113379	106033	184420	88261	123173	952	9226	12881	5835	59016	27109	35676	54834	68964	39080	63645	7493	42003	25750	51466	56123	30794	22238	8412	2205	15313	17804	3293	20846
954	1.634	441.09766	3475	5575	2974	4300	0	2033	1549	1344	3366	2748	1860	3197	0	0	5289	4051	1328	1575	4827	593	2907	0	1922	2323	43122	70162	83363	91458	58591	61025	38310	44446	63726	83190	43409	51859	31196	16027	15505	26072	71790	55343	47352	59812	96239	131423	58323	59202
955	11.251	443.18954	323030	530467	467476	284839	535267	299666	122799	446909	282737	338516	243969	670108	265030	475903	380112	261945	269423	154432	256209	679162	327671	123825	461026	547483	259467	306412	159370	81301	353934	259086	319707	195370	235193	208619	167542	545474	150605	310627	202272	167594	269815	297864	287164	244972	229426	373744	259808	231488
956	18.833	443.35052	66401	116024	28181	152225	53874	98621	37565	75422	37355	126684	42112	93133	35035	75936	71293	81749	239664	54484	108426	145916	396236	49821	231763	160077	0	0	130	0	0	0	0	0	0	0	0	0	0	0	0	0	0	447	0	0	0	0	0	0
957	3.982	444.19928	0	0	0	0	0	0	0	0	0	400	0	0	0	0	0	0	0	0	0	0	602	0	0	0	55122	62127	33924	44119	89591	64492	389342	225794	84949	74462	32207	80017	82037	49341	305989	184071	69719	21717	436998	130182	341016	30934	91893	145888
958	11.546	444.22021	5271	3216	1698	2821	2856	2655	2605	4730	1420	0	0	6783	1511	4679	633	881	4950	1354	0	5901	3782	1554	1940	4935	88089	280794	83916	143772	77089	87620	100213	79554	44985	69962	46658	106191	44426	54843	42551	78315	138273	71126	58296	59186	62786	72580	42975	109599
959	10.647	445.18372	461	0	229	0	1998	2525	1985	707	0	0	310	0	0	2070	0	1682	0	2559	1253	291	0	477	0	0	275982	551258	412036	327701	333005	277804	380062	249699	357048	325554	320469	203901	236880	133422	164324	209899	228990	86264	408321	527439	437350	424271	529709	378186
960	1.495	445.20941	0	0	0	0	0	0	0	0	0	0	0	0	0	0	0	0	0	0	0	0	0	0	0	0	515168	338523	575571	1005779	229321	241464	496386	377604	258479	281300	291909	214078	363232	273258	416326	312875	138636	917243	442126	861213	482782	345268	300047	585570
961	12.501	446.20038	661800	446071	55718	518588	61762	24080	32889	65246	553632	242949	223314	880847	143232	559909	463760	24753	2113892	437682	1016530	740766	276376	1068614	163470	545411	10122	1408	3753	6710	17770	10484	2010	39237	10222	17724	20648	2878	3018	22046	20791	65475	76748	4318	759	6971	18874	20110	748	5811
962	12.078	446.20117	5668	7689	451	6854	596	1768	1462	3440	2797	3969	3042	7674	1052	4057	5474	1668	9516	6107	8253	3933	4874	9990	3123	4335	354219	46832	79193	214977	843711	377037	58941	1155214	288218	443931	577741	65312	86803	778958	933511	1399603	1789075	117575	28291	165261	412847	665829	30843	218467
963	3.196	447.14758	228786	126793	99903	254517	160595	233148	154535	219330	212632	137837	321540	221954	128162	200240	162872	153871	229106	228480	311678	297527	306538	368943	343280	184343	0	0	0	537	0	0	0	0	0	0	0	0	0	0	0	0	0	0	0	0	0	0	0	0
964	13.35	447.22043	217564	44024	198065	153042	57331	43993	23264	98400	112553	59494	114101	21949	102183	214746	98288	184751	14223	132157	80351	417125	17477	15327	65003	74829	2981	7898	3952	2043	4197	1762	2967	5795	2782	2038	1762	5498	2593	5705	3139	5104	6985	2364	4782	4287	1885	4069	4603	4553
965	19.948	447.2724	157	0	0	0	0	0	0	0	0	0	0	0	0	0	0	0	0	0	0	0	0	0	0	0	651309	495254	542217	666254	495026	486843	622852	664593	430788	543908	532870	542896	521231	856845	581103	637460	239279	707519	901746	578396	430834	139485	652424	555921
966	12.383	448.21521	533041	94252	233682	284988	438852	84468	25653	198147	118867	116704	56050	225383	63560	171972	185575	248410	110982	327617	304558	335956	117404	269201	278428	339436	0	0	0	0	0	0	0	401	0	0	0	308	231	0	0	0	700	0	0	0	0	792	0	0
967	13.025	448.21524	200669	54247	145098	214255	204942	68664	27077	162951	95274	73579	42860	150134	57138	159868	140912	139450	86345	224029	134857	177474	127862	212725	150890	154199	0	0	343	0	0	0	0	0	0	0	0	0	0	0	0	0	0	0	0	0	0	0	0	0
968	12.068	449.08237	62687	92561	53597	68179	104447	145195	90187	160127	137654	83645	70506	134476	114009	111495	118785	97812	109442	114417	104134	90400	96507	120901	225299	82102	30310	44139	26040	31196	22026	28136	57953	32472	58691	12657	59674	34081	33105	20887	47857	26453	41302	23853	53669	20427	44767	19510	20341	28926
969	12.094	449.09146	135525	203459	184068	227036	139439	224834	192942	333451	224983	232722	244977	200319	341449	246417	286823	256644	277762	213558	184528	251344	172601	358075	367044	145615	53318	84575	36222	74522	37393	54373	91980	63373	134389	55404	143743	140556	77704	84324	78637	59477	121957	85725	98177	70890	93847	88635	73176	56438
970	12.064	449.09241	120653	203459	184068	227036	197664	285774	311467	333451	224983	231406	244977	259085	405639	286619	286823	192305	271988	201776	184528	241599	172601	327915	324084	177051	77678	84575	44068	73647	37974	75698	114153	84794	134389	55404	179072	140556	77704	165689	59196	86046	101770	90143	99318	70890	93281	95868	81162	57825
971	12.583	449.1059	505616	590054	262808	759625	396546	652733	1444284	542132	456005	357623	770664	619351	854337	846423	552737	581664	259734	1428508	1111170	480857	631338	1044887	756517	570381	1159668	2392128	815002	697030	728198	782455	803671	2150307	851557	1500386	542135	1003165	756156	1325079	1343016	562753	1134368	1146436	777732	1564639	1019384	899733	1491611	1414201
972	12.633	449.10623	505616	522994	212892	675024	316402	572181	1444284	513969	387789	357623	681467	619351	674115	678557	491518	535048	259734	1428508	1112006	397954	486630	1044887	756517	570381	1223664	2406408	815002	697030	732563	806257	836270	2150307	853228	1500386	546842	1003165	756156	1325079	1441442	562753	1167072	1146436	777732	1564639	1019384	919406	1575900	1414201
973	12.069	449.10657	18463404	17719550	12042772	24556472	23271752	27435288	20101572	27864808	23382452	18805218	24644168	23926438	28431678	27025652	21911166	24129704	21625316	25227966	22969874	22065162	20569310	30029402	35758180	19306776	7335577	9087298	6122661	6077138	5445850	5030259	9168191	10046912	12698998	6679239	11945346	11100207	8234316	10669140	9868995	7500916	8328596	7959890	9173095	6464800	7769936	6826236	7268470	6425652
974	12.062	449.12329	91886	141377	173364	253491	230886	360544	153947	249467	265564	156718	217619	211019	221015	398900	303653	174668	338287	302349	126997	227159	166306	249730	237472	175534	70857	78207	60000	60922	47001	59862	95090	67022	123145	45596	127234	85067	66043	95141	81072	61087	115761	105111	135473	75420	67111	90469	66872	52553
975	12.089	449.12344	91886	201265	199392	285456	206551	245446	250663	211188	196271	140589	217619	211019	292846	398900	257385	218714	315731	284061	112606	199053	172070	325763	297228	163825	62179	78207	30985	60922	47001	60787	95090	74728	123145	45596	119929	85067	56530	99341	81006	84459	115761	76386	108287	59634	52825	82852	62341	58343
976	11.039	451.08539	324177	845597	66858	1072658	79592	194698	3990140	269759	740054	3142794	2345910	1181825	1515643	193949	199323	769218	1192452	1697457	1465446	1458763	358975	798030	294075	1182257	0	0	0	0	0	0	0	0	0	0	0	0	0	0	0	0	0	0	0	0	0	0	0	0
977	13.956	451.28787	1719	1681	1431	481	1214	2625	397	2551	1373	3139	1328	1286	3880	1992	3775	2961	2948	0	0	1016	2829	478	0	1137	509192	77355	107754	137433	63527	446473	211006	210510	63350	112766	116373	107163	144983	55034	110754	51749	264567	348613	244098	217032	128374	46794	138663	647806
978	12.97	453.11581	473901	481842	250292	242636	424195	351510	195274	564514	319831	337572	389696	295774	260173	128772	215923	286214	286413	285755	366760	193169	417501	189792	80089	230639	0	0	0	0	0	0	0	0	0	128	0	0	0	0	0	0	0	0	0	0	0	0	0	0
979	11.245	453.11584	143914	202142	96566	97519	146773	131885	41509	241083	96458	127964	113850	88334	72599	47215	80893	96310	133800	83139	109464	82397	167816	51282	45800	96498	724	1122	0	0	163	488	0	159	460	0	386	0	0	210	169	667	905	0	335	0	172	182	0	185
980	12.182	453.11597	261720	570827	368713	395185	338556	250733	641857	358150	118362	443904	264346	409268	190517	268934	188166	495225	91786	415300	437672	283043	169447	343425	224838	190812	0	526	0	454	0	0	0	0	789	1346	727	1080	232	334	506	841	1027	690	265	0	623	1119	614	667
981	13.565	453.15262	339	2380	422	0	345	3664	6343	987	328	0	988	1910	447	0	0	3321	2235	0	1083	0	0	772	1068	1204	194798	243424	112478	300474	371392	191705	155939	184731	328716	153875	106313	57250	161171	86579	89913	131092	201688	143287	198022	268940	302037	260075	100881	174418
982	14.236	453.267	0	0	0	0	0	0	0	0	0	0	0	0	0	0	0	0	0	0	0	0	0	0	0	0	374176	192421	262481	259464	176010	240028	183820	250882	295411	267201	160754	146475	103279	467540	197225	138382	371257	282788	228219	201910	121379	247912	264781	309475
983	14.778	453.3345	229108	408244	398696	368836	643415	446236	258738	56113	317808	517194	250277	361202	604900	754263	481870	133871	643925	302674	240195	540847	838372	176682	686776	367456	0	337	0	0	0	0	0	252	405	0	0	0	0	182	280	0	111	0	0	0	0	0	0	0
984	17.527	453.33484	639723	985441	811959	1220088	1040410	1277556	1093278	955517	1209112	1835608	859393	1344732	928538	982264	1023851	1286508	2908058	759829	630142	1276168	1886902	606470	1603352	1253692	612	726	164	696	189	144	244	0	1114	449	0	0	0	76	506	509	541	1506	201	0	1863	114	262	0
985	20.647	454.29236	113233	67730	113918	144869	108914	109026	38261	212014	115173	99518	173063	81009	117647	148586	51644	162554	96193	165164	104066	311263	65687	88058	148684	67852	23152	57675	30692	32863	55176	33131	18674	32516	34414	53232	47609	62503	38193	40309	70544	26186	52397	52362	27148	27679	14972	15348	44333	26712
986	15.983	455.13043	14439	11845	6240	14162	8584	48675	13849	12170	11208	8258	22046	8781	8871	11840	9720	8617	6646	8908	12661	10374	15027	9238	8728	10964	78492	65399	58061	57106	60106	66390	60283	54185	58991	54451	48255	66954	57032	64824	53699	49590	61879	60493	61459	68776	55764	69950	71322	66256
987	16.715	455.13126	418939	367682	384187	662361	255255	556572	492716	401001	558223	429310	413820	343731	353900	362916	576529	270835	364130	279194	405493	315643	338709	428318	486746	287155	11640	5688	4676	4000	8209	6610	10122	10694	3313	5697	3327	4200	3780	8425	6174	3647	3404	8367	5373	10523	5221	12676	11677	8298
988	19.32	455.35046	63928	216131	201867	218851	59675	266291	73978	128836	36061	141674	92017	255410	48913	140934	171625	190605	376521	106810	207577	190230	1094400	169724	307434	573763	1107	74	123	330	446	567	0	0	65	49	0	169	0	0	0	153	625	0	0	0	0	378	330	725
989	20.053	455.35071	126876	168234	559467	312945	219448	529621	461822	240381	237890	640867	301921	431377	263190	309611	521057	659046	1551919	229582	226640	320557	1451401	453306	370994	880121	0	0	0	0	0	0	0	68	0	0	0	181	0	0	0	0	0	0	0	0	0	0	0	0
990	10.348	456.18475	27099	232530	83273	9178	82147	109009	76060	11739	96053	54612	106526	39130	763133	78204	435170	24090	16446	38103	235169	8454	236671	24971	445628	99995	0	0	113	0	0	0	0	0	0	0	0	0	0	0	0	139	0	0	0	0	0	0	363	0
991	16.114	457.1474	807553	670004	1098761	772954	913294	329532	1039132	896868	976709	1237411	270495	616298	636262	669626	962670	1218313	1074563	785550	1120883	730595	485148	995057	438326	928382	0	0	0	0	0	0	0	0	0	0	0	0	0	0	0	0	0	0	0	0	0	170	0	0
992	11.748	457.18356	455404	346894	473944	617739	575136	447947	426399	663035	555070	513856	341515	363008	582013	449106	367774	481074	394962	712143	410627	594502	418314	462630	375741	551246	0	0	0	0	0	0	1346	0	0	0	0	271	0	0	777	0	0	0	0	0	0	0	0	0
993	12.673	457.20441	628026	117142	126090	339011	191103	88840	97945	276627	73493	66481	83301	93734	120463	113494	83682	296428	154650	129718	104059	225861	142306	26010	103698	90384	341	0	660	0	0	0	0	0	0	107	0	518	0	0	0	0	0	0	0	0	0	0	0	1324
994	12.934	459.22043	135617	10988	523973	333480	782901	285964	438691	447425	263791	239992	294058	310426	7382	474623	109041	540304	20193	166651	218363	89854	443791	47568	114365	305075	0	0	0	0	0	0	0	0	0	0	0	0	0	0	0	0	0	0	0	0	0	0	0	0
995	13.442	461.10617	2360234	4507086	586772	5791518	3104740	5343873	5172364	4207772	4324593	4650071	3609671	5426900	7503476	7177158	2164111	3475673	3497543	3888304	4052726	3344640	5650336	5629846	10369366	2887773	124657	86066	18534	70793	18715	26571	31725	127691	8004	26222	9001	155279	12216	45785	43789	17207	12832	14336	24605	90410	30748	208762	311324	7816
996	4.441	461.16315	136597	216344	61663	362881	82424	401500	144133	141247	80070	94628	225204	260767	72155	197436	50427	124960	354102	279099	223338	120292	210480	287593	227837	201708	0	0	0	0	0	0	0	0	0	107	0	0	0	0	0	0	0	0	0	0	0	0	0	0
997	11.966	463.08521	1968239	1602130	2355174	784769	2374240	3409815	2935392	3987139	3403937	4795506	2698810	2987704	2859868	4392782	3853967	2855508	2200461	1851949	2160995	2891942	2366278	4773985	5888180	971873	0	0	0	0	0	0	0	0	0	0	0	0	0	0	0	0	0	962	0	0	0	0	0	0
998	12.433	463.12164	18086	19541	16110	20970	29316	18819	23747	18344	19016	12125	10885	21540	20864	25094	18448	21355	13661	20572	18039	16356	19461	20399	17272	14914	366899	1300152	946504	714777	813605	583152	852871	711880	701555	1046409	1088605	720628	446053	758565	537323	279012	1013845	1153915	1362950	351310	1367994	599849	248112	2056921
999	12.978	463.1218	4047	5164	6764	4589	13821	3546	8357	4582	5210	5950	5224	3646	11170	5996	8234	6243	1968	5773	2574	4478	5747	5157	8647	3740	341844	250269	414071	346737	186466	362008	569981	1228732	377315	483796	265733	1293164	783942	867977	1066975	377618	262591	1123807	558656	390774	315004	703742	215126	167634
1000	11.731	463.19351	93405	55376	104977	107635	97930	86394	48704	129101	91990	56311	129122	102281	85752	127383	40690	58154	77848	146818	70232	121437	86632	101626	81908	90330	3959	2242	1931	3923	3915	4124	6229	5898	3859	5532	2863	2453	3033	5361	4361	5632	1802	1617	1678	6322	3723	5700	1897	3801
1001	10.649	463.19421	11080	2950	10456	9647	17251	23813	21381	7611	6204	12308	8754	11942	12725	10851	5478	6588	16501	16445	17194	4564	9503	17537	9117	4691	2175679	3901804	3231817	2952526	2682688	2315672	2978282	2174590	2854195	2760446	2515496	1999994	1940568	1345650	1647229	1939839	2115166	980394	3289798	4008675	3340774	3300640	3688121	3204889
1002	1.974	464.2262	0	0	0	0	0	0	0	0	0	0	0	0	0	0	0	0	0	0	0	0	0	0	0	0	130553	757412	162406	408500	118425	351147	678001	429942	257280	73714	102789	201651	159677	566023	456274	210581	67270	143398	139537	213452	403382	382265	370699	598611
1003	11.386	465.07568	68643	82462	68758	104934	73200	91230	99136	100063	92724	54674	111238	86815	75246	100278	73168	79881	64124	135431	102180	94898	97264	134536	102074	83236	0	1564	1062	0	2204	3962	3724	5664	2150	632	8276	4257	1296	7509	1557	2447	2438	2562	1265	457	1321	10154	2799	3059
1004	11.441	465.10117	17981584	16941486	12708709	22319332	21353040	23747180	22530282	21362560	19342282	13087104	26228712	17699180	23455546	22569260	20649292	20217980	15824733	28987408	23279652	19044544	19764944	32275014	26317532	15920312	585299	1639512	958152	623290	684799	1111928	1576272	2283037	1886764	1049709	2852024	1583605	2385585	2245188	1703451	1431976	1537324	1346057	1234442	1278634	1349906	2573666	1537419	986764
1005	11.403	465.10129	17981584	16941486	12708709	22319332	21353040	23897378	27261610	21362560	19342282	13087104	26228712	20029154	23455546	22872186	21483210	20217980	15824733	30007912	24103056	19585510	19764944	33463228	26317532	15920312	585299	1639512	958152	617820	684799	1111928	1576272	2283037	1886764	1049709	2852024	1583605	2385585	2245188	1703451	1431976	1537324	1346057	1234442	1217283	1294864	2573666	1537419	986764
1006	11.392	465.1181	146566	193965	139549	149294	214107	202842	249702	151469	129330	117483	227710	165916	150606	125804	184224	142573	138261	242776	270628	143172	141694	435324	260564	133351	5386	6439	6788	2499	2181	5615	8693	10714	10196	2795	21348	19416	26516	16537	12997	12645	5073	14458	7602	7015	6977	19914	12609	6375
1007	15.16	466.18396	0	0	0	0	0	253	0	0	0	0	0	0	0	0	0	0	0	138	0	0	0	0	0	0	394975	283980	254355	293680	559391	256803	50832	64253	293110	135988	95536	68970	408162	279644	220060	637992	25972	107496	302653	373084	468893	13255	67860	39225
1008	13.21	466.26279	9481	2228	6136	5825	0	4266	0	1160	0	2576	2416	10268	4458	5748	2080	5872	491	7701	3464	7258	3979	10378	4995	2491	2464279	1184045	2042330	1882034	1513443	1106512	1064775	860221	1727482	4777160	2227088	1008371	2173831	1364135	1425930	2324088	2158415	1022363	1925804	1691724	1307209	521427	1611973	1535097
1009	1.273	467.01691	77967	34170	49462	51427	60654	51380	49905	51070	57695	48220	52209	66201	45942	56424	45918	49646	42427	51552	37219	73385	47271	28133	66706	57801	68510	40860	56411	50050	28973	31940	41492	49132	39368	32261	22762	82755	31830	25488	22722	22522	31278	50523	70186	55402	41832	69216	52186	55449
1010	14.488	468.27805	11760	10253	4937	8451	0	404	1586	2327	0	184	847	5669	0	1566	1092	2949	4943	13617	8504	7526	7779	11287	7632	3398	298420	404269	165757	102299	113374	108694	27895	39982	487651	92710	442330	42611	634383	1183453	397315	965426	206102	159650	126395	400360	75386	65858	119588	56190
1011	13.953	468.31445	6722	7798	1758	3284	8748	8063	3973	2087	4293	4667	5835	3966	10328	7925	4817	5563	3072	1066	11830	3176	2967	2926	4148	5310	283884	48017	73416	93903	47777	329340	153020	192294	45809	96867	96483	66363	106452	39985	97557	36829	238419	201830	139634	128616	69342	24010	75778	447407
1012	22.338	468.38803	6071	4868	5319	4131	26377	4482	4427	5742	4726	4129	4764	5957	5250	3678	6516	4441	3657	6512	5241	5429	5192	6097	6000	5133	268996	122834	156199	148205	189130	166708	155534	259079	39583	173271	269162	111562	141915	235202	121427	213563	148374	184696	182042	152790	183448	143866	160954	186173
1013	16.863	469.147	606335	430326	609832	501498	263378	329099	495580	248080	246090	244873	302135	129717	306080	501961	597350	191708	164929	345134	349144	329101	342994	240762	129820	499006	0	0	0	0	0	0	0	0	0	0	0	322	0	0	0	0	0	0	0	0	0	0	0	0
1014	17.362	469.14719	2680146	2086135	2800360	2433608	1081674	1906968	1677742	2251482	2211418	2573071	1474859	1503571	1545991	1948759	2485134	1343113	1755973	1259807	1859245	1908993	1678673	2032862	1950051	2058024	5859	636	283	1920	0	268	822	810	416	884	1919	3382	980	230	176	1372	430	2256	1038	1970	1112	2620	2036	1564
1015	12.727	470.20023	52035	64840	63495	72739	1363493	249067	232535	55638	23237	59924	84366	122468	88443	262154	101277	100546	74234	173025	52324	101847	357481	40188	292688	83241	475	0	0	0	0	468	1714	0	441	0	0	0	0	0	774	0	0	0	0	0	0	575	0	0
1016	13.478	470.29379	0	0	0	0	0	0	0	0	0	0	0	0	0	0	0	0	0	0	0	0	0	0	0	0	95780	106000	150645	144009	147962	89045	51087	141490	217239	225690	72519	37477	112649	579653	211825	63385	256948	168825	52700	101107	64100	27477	77518	42795
1017	5.253	471.12628	176650	194165	105702	85788	138001	110292	40559	188524	111882	97390	98385	113484	83712	48702	97285	66194	106485	94221	120419	78131	200315	90883	45751	82424	0	0	0	0	0	0	0	0	111	0	0	0	0	0	0	0	0	0	0	0	0	0	0	0
1018	14.777	471.345	123828	236209	240169	197625	372092	253500	142786	32822	179350	317956	145248	185840	355274	425846	268016	70937	381009	160782	121771	315616	513878	80463	384597	197412	0	0	0	0	0	509	0	0	0	0	0	0	446	0	0	0	0	0	0	0	0	0	0	507
1019	17.528	471.34518	366006	629314	485379	763064	668017	809488	699444	572210	753910	1200049	542475	864334	574661	619701	636971	808070	1876994	470451	371351	800622	1214383	351820	1014943	790897	977	682	133	366	85	958	345	0	0	0	0	0	322	127	0	150	0	549	565	0	311	0	0	158
1020	18.831	471.34564	193666	321941	96190	402524	176005	328622	125703	224212	113936	315945	123808	261893	102226	238155	216532	221178	571966	181434	285970	377406	885568	158644	545069	382522	0	0	0	728	0	0	601	0	0	0	0	561	0	0	0	0	122	0	0	0	0	0	827	0
1021	20.75	471.34619	27819	1075240	27139	29528	25438	183636	64833	50874	4542	40223	204871	260877	52465	97901	387552	315455	22526	80557	124998	53799	303443	18135	492898	99537	0	0	0	0	436	400	0	51	521	48	0	34	0	0	0	0	82	108	0	168	0	0	0	188
1022	14.079	473.3443	117784	95588	111725	118901	138638	70322	54848	139095	128547	88756	107465	107739	83417	96653	68626	58606	64423	175875	117774	177487	111700	90033	149801	72948	0	0	0	0	0	312	0	0	0	0	0	0	0	0	0	0	0	0	0	0	0	0	0	0
1023	20.415	473.36209	694955	1075644	275811	898788	565750	557666	599975	303041	289430	600403	620531	753111	542140	489582	600548	422701	411570	658702	876614	906122	961134	521543	823690	950998	1742	743	191	772	1192	564	583	240	499	217	245	156	378	280	0	0	494	435	322	0	0	0	91	1122
1024	1.541	474.12173	46470	88467	84861	50601	57448	75139	50682	81781	86118	86164	45549	54141	49098	66933	87009	74782	42538	42523	75595	38743	28815	77084	45764	46839	0	0	0	0	0	0	524	1838	4213	1051	1215	0	1662	727	0	2048	0	1834	0	0	0	0	0	0
1025	14.089	475.12155	490315	731165	172373	430155	133821	84298	576696	933696	394809	1016818	96784	346862	556717	471782	1056718	362074	1019500	201804	648051	512111	214450	1307966	526304	419180	684	1230	682	1000	179	478	892	3739	688	664	92	2048	830	932	1144	0	1051	1262	705	2427	456	1766	1155	0
1026	13.256	475.19366	238474	282925	243039	233206	384125	151557	238416	280018	285293	303422	168718	183720	321089	217294	269740	174036	184080	220871	271406	220183	157491	204547	136200	318948	0	691	197	0	222	178	0	1520	0	0	0	5517	0	0	0	0	232	0	0	0	0	0	192	288
1027	10.642	475.1937	0	0	606	0	0	428	1833	0	0	1291	489	530	526	0	0	1002	1080	1406	487	0	0	180	949	0	91951	228270	183498	145100	136660	108808	175817	105690	159111	135925	132127	89860	90431	52814	75153	92012	98969	31409	181941	224165	186194	161923	228297	144681
1028	21.483	475.30386	0	0	138	0	0	149	147	0	0	0	372	0	0	0	40	0	0	0	0	0	0	0	0	0	150596	79668	95252	129315	84722	51679	141303	64478	72127	115134	60534	90687	52580	148700	88703	77156	88510	117660	151332	147509	109797	62295	114769	133968
1029	1.554	476.15808	8447	0	2643	6628	9184	22736	6039	6902	3118	5584	24635	3350	9223	3893	4877	25370	2060	13252	5892	1566	8129	5747	17039	3651	95980	137162	122459	92936	108575	79580	119000	61690	153868	51939	98412	54609	52075	64632	90899	95879	67223	140909	122466	292658	111329	132432	211827	110279
1030	12.242	476.2106	6985	27265	28019	5665	10093	23504	27046	15206	4490	15530	11239	21202	36672	34716	15394	17988	57510	27440	18711	69759	13654	10903	4813	19173	272035	63566	158193	94660	250893	191589	95361	242284	170280	138189	143979	57867	112502	125108	203835	307678	232232	67736	53322	324966	84653	291968	141296	47903
1031	4.73	476.21088	0	0	0	0	0	608	0	342	127	0	0	0	219	0	0	244	139	211	0	0	717	159	503	155	263097	110115	165640	225760	231870	365329	180324	201316	136549	145107	118264	358139	616299	109063	175065	38546	177649	347370	27620	154839	237242	297089	1455420	84820
1032	18.948	476.27573	270347	229845	257017	338452	264472	242695	107650	432691	254984	258283	279149	229844	256458	301564	136811	294609	178113	394055	263398	687267	154813	217073	358426	241039	9392	19259	14481	15394	17719	10128	12046	11547	13069	16361	14691	14282	14913	13073	17079	10412	14584	16606	14061	11399	5250	12754	15153	13339
1033	2.936	477.15814	511130	609574	231094	816899	297415	979463	435111	683648	416307	319236	836325	913096	191114	554069	405158	495975	824868	1110410	910728	731179	779170	1054617	946260	587093	642	868	0	0	0	0	0	0	0	0	0	0	0	0	0	0	0	0	0	0	0	0	0	0
1034	12.374	477.20972	54724	21512	125393	126377	128540	93397	75668	133965	79760	83966	121516	57466	67127	83105	43827	110308	300750	139549	56842	51056	55270	94991	76377	26335	34238	175874	80205	237075	533268	298567	429117	183618	207873	254902	431391	60800	315771	17930	365647	125978	96186	12344	233250	261665	210983	1911020	385818	495085
1035	2.878	478.18915	705	0	0	0	1066	0	0	0	190	0	0	0	241	532	0	800	0	0	213	0	0	202	917	0	112471	124255	60620	105121	148181	87459	55781	149572	205642	213788	192870	149422	363378	335666	269150	145175	58605	76729	93442	52407	133366	143320	111702	60836
1036	13.49	478.22546	4433	0	1208	1197	0	0	0	1628	0	0	1066	4957	0	2236	0	893	0	2771	0	12092	2789	0	6150	588	24335	132071	93124	57441	109522	56915	56545	122363	56470	53327	47634	115417	114013	165302	255682	153552	178520	94587	57602	81386	142843	72018	97414	120596
1037	19.878	478.29089	154111	93597	122786	216240	126966	123358	60378	175219	125915	109783	223861	126674	151602	168103	77596	170790	123348	214270	127840	418589	112979	100564	200266	121163	23202	54634	32583	29434	33096	24341	21760	23505	33178	39920	40631	38067	33760	24453	52875	21924	34079	53752	33962	22541	14109	24192	32996	27806
1038	11.319	479.07977	1321242	1086212	1606622	973298	2037305	1562341	2512132	2084853	1585636	2117466	1921567	1152774	2114980	2835407	3122481	1159536	1340037	746440	1486237	1388249	1152824	1241960	2109726	617637	0	0	0	0	0	0	0	0	0	0	0	0	0	0	0	0	0	0	0	0	0	0	0	0
1039	12.178	479.11658	411258	447556	511292	557067	691208	683133	1036286	613415	351241	269335	314456	492625	506002	778592	739215	678112	247418	1539318	692814	294754	548781	1097821	435795	376782	5384762	4871542	3500584	3835543	3542044	3295538	5481014	8256645	5638319	4113395	5779109	6965044	5170084	10395130	6124948	5349808	4465945	4280139	4208446	2268480	4877554	6073912	5622284	5104148
1040	14.398	479.1525	0	0	0	0	1154	0	0	1105	0	0	0	0	0	0	0	0	0	0	0	0	0	0	0	0	34456	46525	244599	114230	701594	7101	179375	169893	171645	79398	19924	862154	18111	439069	402496	81487	349169	7911	581584	11456	21286	75563	599048	10435
1041	14.102	480.24173	3396972	1449468	1278429	2648478	366921	359938	507244	1617192	470555	804316	483525	2089112	230188	721811	474784	849975	973028	2285806	1122979	3567119	2053067	2130844	2258097	1321208	2564	3807	14517	11382	7778	3555	10385	7451	16548	10879	5505	9139	6484	24544	15581	12770	7104	19330	3578	4300	7146	31880	8936	7679
1042	10.212	481.09586	1866850	1953580	1162635	1796270	1025886	863411	4358629	1358766	1114588	2956153	3790297	1530912	5198022	1381782	1956420	1718624	3361686	3648888	1463706	2236064	1147010	2528271	1589416	2404396	1053073	1649554	505979	534251	614688	747714	741653	1291212	1643053	1196278	1578941	866097	1415913	717564	1075708	904162	1252428	1859962	877277	693373	668940	445385	739333	317712
1043	10.177	481.09601	1866850	1953580	1162635	1796270	1025886	863411	4358629	1358766	1114588	2956153	3790297	1540836	5198022	1381782	1956420	1718624	3361686	3648888	1465716	2236064	1147010	2528271	1589416	2404396	1053073	1649554	496206	534251	614688	747714	741653	1291212	1595918	1196278	1578941	866097	1415913	717564	1075708	904162	1252428	1859962	877277	693373	668940	445385	739333	317712
1044	11.848	481.20407	5401	1997	1699	7368	2291	1100	6201	7546	4394	3570	3320	4878	3623	2767	8230	2843	5770	6318	3091	2884	3934	4412	1584	6069	126206	166105	174389	224813	123478	108964	161726	72980	131653	171302	77095	76544	84404	71109	96798	157493	176409	134954	97664	104248	144466	152691	198145	109765
1045	10.029	482.18192	721	0	0	0	0	0	1452	0	0	0	0	0	325	721	1523	0	0	3926	0	0	0	0	0	328	137062	104929	136083	124770	156211	134523	79284	51839	64687	71894	62960	81500	65268	186295	60672	96095	66155	41381	154265	74772	142439	52267	63302	89365
1046	11.725	485.142	264878	433499	187270	261537	345928	187410	204822	390758	54908	115957	110130	302155	59291	98600	66679	106218	57929	331284	285519	213358	243521	217819	220371	166611	0	0	0	0	0	0	0	0	0	0	0	0	0	0	0	0	0	0	682	0	0	0	1178	607
1047	12.362	487.19345	55390	51669	85751	67864	60402	42377	54579	76023	64086	65543	40534	42080	71372	49314	59332	47694	252661	71269	39053	67189	49000	42058	31222	56044	0	0	0	349	0	114	0	0	0	0	0	0	117	0	0	961	0	0	0	730	0	483	0	0
1048	18.075	487.33972	98192	1006161	115393	213020	246576	684629	302052	240677	44692	279840	406910	421077	324602	369158	571312	751887	229126	188365	272170	351303	692933	93819	802604	286460	1342	701	601	1166	422	118	802	665	1234	0	0	664	716	158	0	284	88	744	240	835	358	428	768	509
1049	12.546	489.13666	65589	126977	40777	101584	47983	173242	144461	54121	61089	72886	265289	81939	63153	67468	85864	111177	85456	97598	177878	68547	65644	169337	121723	62181	0	248	0	0	0	0	0	0	0	922	0	0	0	0	0	0	418	0	0	0	0	0	857	0
1050	14.273	489.33908	170789	170220	144826	166179	202964	87950	67229	127216	178341	182849	215040	152761	91418	139489	97464	96391	54122	288883	127482	227565	189966	103103	261409	88742	242	891	841	0	830	219	1642	362	0	0	481	808	196	290	0	0	337	168	923	1418	164	0	2022	731
1051	14.78	489.35541	458037	742023	773335	700220	1135309	805270	515042	115408	438368	828709	506356	655810	1098424	1322150	870498	269611	1157285	587111	472109	946616	1446722	348059	1212411	684710	158	0	924	0	294	0	326	0	338	0	134	0	0	103	0	419	160	0	0	0	0	483	0	505
1052	17.52	489.35568	805631	1350508	1096681	1700496	1355340	1617853	1533964	1260346	1209892	2181034	1155643	1709594	1200778	1325032	1456768	1724482	3753644	1010890	829507	1674724	2416746	845792	2063992	1605377	1515	1277	949	1390	1961	200	1361	673	749	79	210	687	726	0	615	371	864	1561	341	739	162	1140	552	1777
1053	15.442	489.35571	217671	129672	100232	467344	254547	420365	81206	34472	35898	234760	77697	71269	162296	673572	195759	59661	263367	287615	179179	673481	2108414	52753	1055934	103290	2436	2144	1492	2867	926	1568	1040	605	574	241	0	561	550	1540	358	0	1813	330	861	962	1089	1148	0	1968
1054	18.833	489.35587	1054679	1639925	653828	1996508	979173	1501027	814110	1272836	732451	1718454	837763	1375902	719341	1283424	1273595	1310785	2654142	1015457	1441772	1970043	4030009	932137	2742869	1953356	379	102	2090	1355	872	1226	660	0	0	0	360	0	0	536	134	0	681	494	562	467	0	0	646	1721
1055	12.204	490.13199	1367675	1181789	2118009	1855101	1066766	945129	966492	2401322	1951955	1904275	1340854	1687428	1606839	1869616	1317569	1724108	1685694	2403422	1214906	1115369	1113864	2044760	1940305	1722404	1098	0	0	0	0	0	0	0	0	0	0	0	0	0	0	0	0	0	0	0	0	0	0	0
1056	1.544	490.17303	16773	928	6904	20243	21053	11156	17888	22176	10730	3620	16227	3302	18629	27300	13692	47806	14171	23959	11133	10809	10644	6202	15249	14620	87241	139669	115593	96104	76395	87680	126534	91125	165072	75085	142070	60178	166039	135598	170453	132504	80580	196017	88958	130457	83280	86994	164587	100023
1057	13.634	491.11624	2288	4921	506	2428	1323	1886	7481	1533	2935	1206	0	1194	2598	2504	1247	567	1570	2250	1442	0	1147	3721	2395	1175	413587	223080	28008	52823	35055	65996	47500	358999	45508	224164	25472	168100	86903	128972	194793	51914	49607	36625	24045	86394	74887	171946	664196	33927
1058	12.942	491.11673	14664	14361	8376	14628	13851	17050	15729	21841	18621	13878	26100	20357	18241	21171	11297	14228	12550	14937	16508	14433	14111	26399	22960	11162	338674	951874	311474	299908	531762	468229	1099353	1169097	1661812	879626	959354	3185040	1372821	2416960	1459438	1029042	909146	711475	745143	1168884	1149295	926229	1571792	613589
1059	10.893	491.15207	159925	66999	75104	148090	85991	124815	117039	212436	115906	85637	147697	153392	71214	105679	136561	181407	116836	235873	168456	181490	112346	277220	186183	113744	0	0	643	0	0	127	0	0	0	0	0	0	0	0	0	0	0	0	0	0	0	0	0	0
1060	10.244	491.16293	100802	108357	89416	60158	101518	59457	44637	69936	77858	80168	64003	60073	70144	35433	50191	52600	99325	185312	89165	99229	48798	103806	67013	43822	0	274	0	0	0	574	0	364	0	0	0	0	0	511	0	0	0	0	0	0	0	0	0	0
1061	13.878	491.22519	1504048	973418	635166	857765	678561	425592	367603	850890	787774	705222	534628	697305	946948	559065	577532	825131	642240	900497	803287	882938	1059254	721777	611179	726774	0	0	0	0	0	0	0	0	0	0	0	0	0	0	0	0	0	0	0	0	0	0	0	0
1062	14.087	491.35529	551619	533747	554936	589747	622289	388972	269828	606303	572010	415963	522322	606014	453907	501542	374642	304668	335761	766674	527417	777523	527702	501770	740856	397719	0	0	0	0	486	0	486	0	0	0	0	0	0	0	0	0	0	0	0	0	0	0	574	0
1063	13.082	493.13162	73486	145393	84623	82427	125312	107441	128991	50531	52488	101869	104736	56600	77672	101637	218108	128627	297433	132020	199302	88296	54781	64224	99782	114124	38156	138739	90585	162355	63436	91427	103300	581167	78140	78603	56229	206503	31943	91940	129090	166007	51500	53660	235976	90589	47026	567678	454769	59628
1064	13.049	493.13181	73486	145955	84623	82427	125312	107441	128991	50531	52488	101869	104736	56600	77672	101637	218108	128627	297433	132020	199302	88296	54537	64224	99782	114124	40239	138739	90585	162355	63674	91427	103300	581167	78140	78603	64015	206503	31943	91940	129090	166007	45637	53660	235976	90589	45838	567678	454769	59628
1065	10.21	493.17853	128937	138032	134626	125085	104268	115482	72787	183584	131042	63210	14058	184460	96993	117076	99250	120296	155761	44551	111117	207542	79312	102629	148581	115760	0	213	874	269	0	760	0	1430	751	0	109	0	0	1148	0	645	528	354	946	1513	0	215	550	1484
1066	11.398	493.20374	1283	1427	296	1732	466	0	1265	260	0	0	0	0	0	556	0	274	969	0	272	1601	1370	1630	602	1072	122878	138260	154606	139133	198018	172261	154441	108215	111719	169201	110208	100854	90225	92645	106660	93757	95475	102011	122476	117909	165946	129848	167573	152701
1067	9.832	493.2041	1807	1697	3356	1236	1354	1549	1253	2250	936	0	695	2119	699	2547	415	2823	5484	711	1357	1904	830	925	1536	539	264771	84221	128947	177177	152380	213157	125038	141892	131575	167835	150314	161287	96692	206337	173392	91720	240623	153344	94608	248241	189876	171809	111741	125084
1068	11.748	493.20465	2605454	2093062	2678894	3207492	2991314	2619651	2405628	3537352	2707415	2754900	2052669	2296026	3201859	2594258	2180563	2797402	2276468	3758170	2333720	3139324	2390049	2544468	2292561	2897484	15472	19150	33555	25883	56857	42844	48711	51681	31561	52840	28209	18478	11848	28195	47770	27267	57410	12352	6957	82341	27186	43159	14694	29263
1069	2.93	494.18372	99545	79780	37918	105334	43430	126241	42107	85809	44351	34705	94146	144829	35664	76798	57303	67300	105241	183056	140976	106426	103139	134279	126957	68683	0	0	0	0	1608	0	0	0	639	0	0	0	0	0	0	172	0	0	0	0	628	0	0	0
1070	4.786	494.22104	0	0	0	0	0	0	0	0	0	0	0	1605	0	0	0	170	171	550	167	304	878	608	0	188	118968	36859	43303	151215	180920	89149	330037	85670	43388	99065	177160	82176	72705	40766	64872	209428	92431	363634	48448	28400	160214	161280	264989	25742
1071	12.734	494.23572	1412	482	330	0	1245	1136	0	259	0	1726	1041	942	3080	2600	2086	532	0	803	0	1443	8436	0	1395	932	23649	133932	95402	89969	88093	111554	125442	64937	152595	74941	126443	37774	68158	38395	71851	83191	90711	15269	57280	102577	65738	158642	73801	97778
1072	9.702	495.07477	95582	43088	202856	67770	205159	54849	1121036	158351	178339	716165	543487	111834	693190	365631	634608	102734	147861	224245	140646	154698	105657	150250	221119	116044	358	0	0	0	0	0	0	0	0	0	0	0	0	0	0	0	0	0	0	0	0	0	0	0
1073	11.477	495.11133	4523	13288	9711	14182	5957	0	49830	6199	6923	37123	16894	8883	44176	834	14266	13044	19657	12517	7963	12708	6237	7370	2738	15925	1348054	1135533	478596	663865	538111	434575	571405	1049896	1036702	601168	695999	1091817	404927	383960	332923	694363	990686	1215518	470698	95325	270517	330554	603498	482924
1074	12.177	495.22049	9796	5324	15632	18320	2792	16043	7316	3809	7838	3346	11583	12333	8613	11307	14095	5876	1869	11542	6556	18915	8755	11347	11389	7950	2493250	828784	1355116	2075170	1510463	1368884	1107822	1029512	1144874	1595036	1257961	729658	806846	1232478	913803	1041789	1866624	1256058	649180	1798209	1879408	1344576	944743	1160213
1075	22.636	495.27216	68	0	0	0	0	0	0	0	0	0	0	0	0	0	0	0	0	0	0	0	0	0	0	0	95821	70858	81507	70859	83250	24889	63440	20738	58744	95948	32431	73021	27211	42649	88091	25286	138742	99295	137337	91163	96436	42743	45050	110869
1076	21.912	496.33832	79701	69742	94047	119193	76667	88790	35557	125527	70232	64508	111750	77160	106652	106846	73745	75806	46722	90218	81859	208891	73497	62825	126244	68441	139368	285137	219799	206298	287047	204982	138290	217569	186913	184872	163722	287617	226529	179127	248800	112115	195353	259810	158714	298319	98742	232872	358559	222379
1077	19.616	497.30838	483910	706338	733127	759490	855562	500092	297435	1289752	626077	694267	474476	430405	644600	1122714	913605	602948	260921	361542	608640	888100	592633	555279	904320	463495	19590	91808	30103	38884	30561	18156	17596	20072	21820	22040	32036	41675	14035	17252	14315	17523	18974	34437	32628	34259	13872	26236	59989	24292
1078	18.412	497.30911	215777	422195	385850	406834	569540	334714	184892	685080	406356	415710	230200	239513	477893	697949	482540	332554	150092	162977	284455	596442	299801	270393	615414	234998	4121	10775	5202	4899	6131	6710	6087	3451	9004	4531	7600	6896	3493	5743	5066	5169	5190	7762	5936	8936	4929	4647	10706	3874
1079	11.85	498.23129	256	295	312	0	0	662	0	0	324	0	0	0	0	0	0	298	0	325	0	0	571	0	0	0	759454	783752	975414	1186537	783292	684374	923536	526135	820264	1077123	575168	481951	546793	579121	754110	1014822	1047524	771616	528086	641451	871068	983480	916927	559802
1080	1.489	499.11041	182300	255930	137472	128717	149734	146336	89153	93453	144728	130542	134218	202370	175164	190732	215499	105066	58807	74690	83688	122680	182195	119149	220872	136470	0	0	0	0	0	0	0	0	0	0	0	0	0	0	0	0	0	1454	0	0	0	0	0	0
1081	17.487	499.15686	170431	93726	233992	102705	22376	120601	32701	153982	47657	73923	133262	47611	77881	127684	104347	26063	36837	33347	109484	77821	62253	47353	236896	39084	0	116	0	0	0	0	0	0	0	0	0	0	0	0	0	0	0	0	0	0	0	0	0	0
1082	16.592	505.35037	19720	29022	39213	53147	125496	101421	74439	289752	81410	242717	21591	60793	29406	78845	143645	367351	1293106	16758	20625	120776	396711	66589	96546	104816	0	0	377	864	0	0	304	821	0	91	0	173	0	0	0	0	111	1066	0	520	0	180	131	683
1083	12.269	507.11121	0	0	0	0	0	0	0	1038	0	0	0	0	0	0	0	0	0	0	0	1829	0	0	0	0	14119	100351	33970	21606	19741	62599	65251	154263	190564	39052	124792	204152	151334	296567	156348	107619	76192	19899	25061	185978	70671	481788	184605	34906
1084	14.208	507.14807	0	0	0	0	0	0	0	0	0	0	875	0	504	0	0	0	431	0	0	0	0	0	0	0	150287	381536	493691	670566	358133	793156	876507	2831368	880335	902074	145041	3003688	340272	697435	1607687	636715	589053	332003	584414	667091	451779	1287648	909880	187014
1085	16.342	507.19922	236	418	0	0	0	0	0	0	0	0	0	0	0	0	0	0	1200	0	0	0	0	0	0	0	1346463	1189848	1584254	1194208	974920	1046421	717482	981825	853692	959418	664383	691425	1514836	1348950	1340575	1423802	1035565	891913	849253	1174486	1493332	492616	1052602	808574
1086	13.433	507.31406	0	0	1091	0	851	2374	0	0	0	0	1775	301	0	0	1108	0	1116	0	813	0	0	273	0	894	389414	102238	206706	105952	66630	204744	123519	296966	60402	122350	78462	47268	140650	85336	128929	43303	158222	285468	145937	114756	90382	21522	56678	720018
1087	14.275	507.34998	1018776	1031449	871616	874154	1041595	474492	417549	763499	824458	924113	1224675	1022192	614313	836380	495111	745428	383478	1435189	781289	1160943	1004552	588371	1177261	553029	3467	3723	4779	3774	2070	879	4031	3977	3665	3653	3180	5196	2492	3449	3445	1016	1395	4220	7517	5268	4681	6251	5564	2036
1088	14.639	507.35074	672674	635532	521310	554931	576488	461678	299337	615899	490753	565749	394286	719275	433034	542884	314528	570076	430675	502077	666951	698482	634562	655578	759132	443715	10629	10461	7878	15532	8912	6565	7992	14386	7807	13444	9932	6540	4438	6408	6463	6600	6226	41999	9537	15540	10691	21828	10296	16321
1089	10.64	508.28821	0	0	0	0	0	0	0	290	0	0	0	0	0	0	0	0	412	0	0	0	0	0	0	0	4914419	5374200	4288676	10362732	2148878	2674252	3929492	3169251	3834915	1589112	1457670	8725651	688758	621165	2573842	834897	1755541	2311361	9443572	8920171	4612022	8259072	5327076	12042480
1090	10.167	508.28827	529	0	0	0	0	0	0	0	0	512	0	412	0	2041	776	0	0	0	845	0	2374	0	0	321	7100900	6631940	5733526	12443940	2876694	3741146	4844679	4459339	5046866	2194664	2191436	12495186	1104417	1055627	3551638	1301003	2405345	3302663	12240656	10581645	5741788	10147884	7163767	15230768
1091	12.139	509.1265	0	3406	3149	5740	1797	0	34206	0	3546	26727	5844	0	12190	0	6222	1646	5219	5098	4433	3278	2659	1926	0	3920	506313	446073	298266	283024	143762	252168	228277	399654	223844	193575	96831	378115	116309	83044	212679	292855	460127	366742	114938	42756	93077	62618	453890	164739
1092	9.606	509.1998	11132	5974	4052	7528	12239	7513	9809	8583	7754	2049	10883	10480	6826	10203	18302	2751	12374	12525	4624	7537	7376	4629	5639	8434	610646	889139	963930	858846	779538	814867	703082	655252	900326	739926	573768	585940	437854	495079	517698	924588	734396	782804	912556	912242	824445	1062183	967130	812694
1093	11.87	509.2124	7013	3912	8681	8702	6098	4776	3715	9370	5938	4553	5319	10532	8940	4591	8705	7108	10246	9584	2584	4266	4062	4239	4829	6730	66028	66685	81177	71774	57755	66201	52786	48343	58391	60041	39927	60856	52974	46981	51871	57132	50799	49784	77845	91596	49737	72622	77192	57751
1094	13.044	509.21439	80970	64731	150584	102572	90938	74781	74295	99855	86086	81010	68031	66280	114577	109169	94132	96357	86084	111539	56795	94582	72338	86935	70336	109773	631356	457386	950762	554645	592348	626387	414911	510624	489252	598928	399119	409131	326594	475147	399325	506829	361651	455021	786444	797430	506766	740341	672274	526552
1095	12.387	509.23608	571257	329748	654449	846157	797344	1015580	444938	769494	529117	441392	414724	414041	769340	799493	573101	640796	889750	943896	390748	504522	675435	487164	335794	578144	2574	1254	1614	3454	1574	3613	3850	1157	938	3368	1396	2244	2230	1458	2515	2008	2253	1485	2102	2518	2107	8023	1236	2718
1096	14.091	509.36603	5338986	5228805	5445314	5511934	5638033	3791247	3045904	5631368	4906222	4355968	5492228	5826588	4634108	4992497	3914616	3423280	3871989	6834986	4917385	6925962	5298563	4841674	6534964	4028736	747	3811	1492	647	1344	2502	4320	2107	2442	2628	1620	2419	1216	1528	2158	3555	1509	5381	3978	2330	2535	3812	3159	2767
1097	14.774	509.36609	57614	71693	42356	102104	141658	46697	169441	116992	93835	101164	45998	96110	85616	129568	134067	232469	82443	71382	86977	60056	71022	103365	32083	50854	100867	73492	185067	135172	138209	150651	189116	168471	82198	220980	66896	140000	76625	151726	216112	209760	86671	237856	212045	128352	115220	255720	149933	214902
1098	14.402	509.36621	2250299	2560564	2028606	2688620	3229489	2725906	2335182	3018450	2694908	2372593	2122985	2906749	2524985	2901656	2255754	3048214	2239582	2454594	2671074	3117488	2891005	3111415	2647700	2033299	337909	393754	338031	439564	325537	278494	334595	535557	328454	511807	224626	189119	175662	340854	271060	259517	208721	806833	489026	436483	545306	962676	535472	479437
1099	12.54	510.2305	194703	77544	35904	143463	28344	154261	183379	133981	76015	71932	135330	72755	120373	117503	59129	86450	66183	189258	113269	195807	147331	134559	63516	167017	2419	1287	6061	3479	1143	1597	2188	3429	2954	4291	2869	2009	2141	7696	4510	3431	3836	2928	1487	1976	1106	2747	2961	1304
1100	11.757	510.23077	1100640	457039	606227	758286	662342	543698	489532	784269	557462	578595	451984	707387	706828	562627	489286	684037	534455	1132691	589699	891208	577885	618153	515782	686153	460526	400554	717992	692535	1224936	956541	1077213	1089272	1016262	1365475	580335	446520	546324	1118451	1303447	1020650	1574066	433692	194000	1234543	594275	896663	367743	502193
1101	11.804	510.23123	1100640	430203	606227	758286	496139	543698	489532	784269	494395	578595	451984	529307	639232	463725	489286	684037	405257	819392	419797	670840	386956	541622	325349	686153	479415	419419	717992	692535	1224936	1001737	1077213	1089272	1016262	1365475	794335	446520	546324	1128684	1346708	1020650	1574066	433692	194000	1298874	594275	962751	367743	553702
1102	10.644	510.23132	18103	2736	9302	9382	12424	16538	15134	5486	2628	10118	6250	14735	9544	9358	6295	8667	15167	16381	13705	3480	8026	12071	7777	3109	1781724	3592697	3050858	3181376	2881872	2582882	3140879	2570959	3440630	3356529	3022742	1582166	2448359	1613662	2169677	2660676	2835858	886381	2235725	3171189	2711188	2850901	3009139	2381032
1103	10.261	511.21371	0	0	0	0	0	0	0	0	0	0	0	0	0	0	0	0	0	0	0	0	0	0	0	0	105226	40263	67163	66928	66158	74444	59969	92868	56550	100571	86478	32178	50110	95938	65724	69131	102098	61876	20802	66498	119262	85750	64694	32680
1104	12.787	511.23004	572	346	0	947	2613	1102	1524	3180	0	2223	921	907	717	1142	1534	936	2866	576	274	1665	642	0	881	1952	117703	92112	113555	109256	107405	111590	80426	62706	118238	110133	73624	83233	79568	63719	51352	94469	115354	76341	101399	147621	102533	103315	77957	63847
1105	12.179	512.24707	0	0	0	0	0	0	0	0	340	0	0	0	0	0	0	304	0	0	0	486	1091	726	0	0	1755070	718931	1182605	1721215	1366298	1187738	1011574	1071237	1109116	1519543	1217136	575457	805372	1326378	1006553	1086821	1901190	863153	437352	1339829	1410178	1096157	771957	900609
1106	22.271	512.41449	7621	5182	5382	4586	19912	4390	4300	5565	4342	4420	3911	5516	4595	4001	5128	4398	3832	6007	4614	4781	5384	6469	7341	5350	288977	127124	164690	152324	201146	182300	161924	276074	38744	189410	288087	113462	162481	240132	126284	224263	159180	191328	205858	166379	193894	151777	173732	189350
1107	14.399	517.24048	2017899	1467061	485581	2280802	630894	2122872	892114	786590	560591	618214	1237733	1133301	1149439	1036203	908764	725553	1243346	1307566	1093537	605866	1084636	922314	448476	1084259	0	0	0	0	109	0	0	0	0	0	0	0	0	0	0	0	0	0	0	0	0	0	0	0
1108	19.533	518.32227	293669	255299	311370	387560	324152	317530	165797	529375	247774	343768	316503	288073	337530	424148	230881	229824	155021	331686	268631	711369	304756	213001	472153	285678	280813	491318	372419	333901	408458	288294	221630	339978	239685	274265	221899	367787	285051	323750	421142	175031	260916	319747	280645	420556	198531	409540	599492	304995
1109	13.256	519.21942	108001	127444	114051	97972	157244	68666	106764	125610	138486	141001	75476	83169	150392	91999	118311	69089	100920	103050	120029	102813	77305	95115	66686	163165	0	0	0	0	0	0	0	0	0	0	0	0	0	0	0	0	0	258	0	0	645	0	0	0
1110	20.695	520.33777	74825	56844	77842	121921	78827	91567	38613	121102	49493	79649	123724	81058	97435	132441	75262	51381	42825	83694	75332	231056	86653	51702	155935	66165	213869	463706	345257	379990	429735	377817	216015	367129	311322	307578	305747	426493	446842	393267	550286	211125	326598	398799	255333	440214	156824	378242	602975	354264
1111	20.664	520.33826	74825	56844	78721	121921	78827	91567	38613	121102	49493	79649	123724	81058	97435	132441	75262	51381	42825	83694	75332	231056	86653	52659	155935	66165	213869	463706	345257	377714	429302	377817	216015	367129	311322	307578	305747	426493	446842	393267	550286	211125	326598	398799	255333	440214	156824	354091	602975	354264
1112	13.042	521.12683	1916	2111	1426	0	4021	1370	470	0	5644	0	0	0	1106	0	0	5016	0	0	0	0	2181	0	0	0	869762	2255744	898038	932784	1473810	1902194	2335538	4223544	2607198	2237538	1726132	5858910	2546685	4217124	2995751	2290820	1734684	948886	1135877	1919724	2465397	2233880	4376546	1368632
1113	13.81	521.32843	8381	8732	5120	9696	9598	4320	3532	8495	2839	9372	7362	10684	8520	9120	3923	9916	4248	11277	12025	9701	10616	7578	9738	4629	46608	100841	103848	58702	81512	73254	144825	81357	74982	76151	46125	53749	40139	107702	62144	94275	47569	95180	127791	149012	97284	166307	140181	115890
1114	13.325	521.32953	7322	6556	7679	10372	9810	3394	4506	8955	4837	4601	7533	9465	7310	8291	3038	6964	4950	7101	12242	9398	7842	5616	7965	5394	322964	588509	572274	371626	316250	430672	518526	346868	370215	350240	374168	833090	259573	413609	369769	412205	445326	190485	667962	666581	506979	524814	781682	453836
1115	13.952	522.28729	116109	80174	42634	63922	51446	24054	81193	86754	95263	106146	36725	88184	41410	86089	50174	65176	83427	109976	83156	66098	114245	86169	49680	54992	272	0	1129	776	642	286	1547	459	176	0	1377	0	2435	1183	1806	1473	869	355	1340	0	2842	836	930	0
1116	12.364	523.21338	209257	167041	205826	229958	204534	173497	158960	289840	169035	185535	142978	124752	220120	150740	176752	162747	225690	254732	133428	250678	176220	118961	100548	157526	0	0	0	0	0	0	0	0	0	0	0	0	0	0	0	0	0	0	0	979	0	0	0	0
1117	13.093	523.34442	253946	175388	205053	192856	344139	140520	97889	218017	148797	201008	186312	167447	195003	205383	94938	147722	119790	188882	209664	256406	243988	122351	198887	154886	158018	110402	144650	81552	69303	60682	55230	72361	51289	35968	67677	61281	39879	33837	41593	50905	60805	152571	70567	84450	123890	169293	111556	63385
1118	12.4	524.2467	56066	13662	61044	66657	71152	41333	37381	68593	40642	34637	62505	39093	39970	48942	23865	55570	140904	116049	36227	38951	33727	50267	42562	16579	17449	122106	64333	181147	504186	265326	298564	156257	152639	234881	422973	35302	348891	10864	361760	139149	108314	8529	131998	183109	117130	1373160	244129	297295
1119	1.404	525.16394	589771	580572	644790	794153	1292705	990516	858265	1326199	411500	1096540	988225	1056755	1580160	1398727	1113247	1085166	1007474	740427	695613	969294	812478	419681	960139	913624	383537	259444	336590	163212	281610	363548	614699	576473	420061	368807	578306	348861	525760	425587	230038	323269	308891	526972	332658	286792	450084	427841	260349	446785
1120	1.446	525.16449	591014	580572	644790	794153	1292705	990516	858265	1326199	418581	1096540	988225	1056755	1580160	1398727	1113247	1085166	1007474	726467	695613	969294	812478	404853	960139	913624	383537	190236	342275	155841	266807	345698	572498	550355	420061	323618	523730	348861	525760	425587	230038	323269	319228	520558	317361	286792	431069	427841	260349	436602
1121	1.466	525.17285	101392	97403	72193	66851	71565	94758	111722	51757	82724	104233	64725	81055	51044	71195	96878	81989	88244	69702	71071	29454	155347	62300	84680	95348	21307	11911	19545	11096	27106	40774	44228	36543	38592	19692	24650	11539	22900	14068	21052	4688	23703	37186	21718	23318	24588	18180	21635	24332
1122	11.77	525.23022	5129	9781	16294	4639	13213	17618	25006	11843	2404	10912	11116	10524	7814	11682	19430	14703	18281	8781	8080	7445	7275	2612	6134	10269	460771	415644	572030	581883	402484	627193	349571	563117	636552	415099	380710	705134	398288	353195	372047	397937	766483	640245	607616	457120	341055	758531	315335	548342
1123	13.427	525.23029	148596	146107	192777	193349	293478	148493	189042	266114	258732	170254	100747	135766	225040	102548	229138	186270	137767	231534	204145	210866	102153	124252	57757	249221	0	0	0	153	0	0	0	0	473	0	0	0	0	0	0	0	0	0	0	590	0	520	0	0
1124	12.84	525.36096	357546	321124	374143	387019	496002	215417	165031	367929	319480	252811	466829	412415	294995	395030	176904	212883	238827	604207	279755	552601	380038	232633	452857	236643	12605	23724	17730	21430	10510	13259	14159	23436	10319	16499	8427	16664	7130	18178	8209	18315	10895	10640	30554	30785	22573	23841	29009	21750
1125	13.362	525.36151	829316	453893	528260	479717	808842	282006	465573	706134	806240	922480	590903	288791	411252	575196	628942	431245	166846	603361	554648	810247	561107	421469	435590	330310	14813	13215	18351	12505	9752	15235	17577	18862	7798	15936	8236	27031	6569	16013	12372	16282	13468	15156	29119	11020	11878	23354	15437	34076
1126	9.585	526.22571	30335	9819	14809	13715	13250	15748	19031	11795	10299	7064	9007	23640	14328	10327	27340	9717	21237	25111	17705	15016	18396	11263	8843	12614	107797	221162	258266	250263	255400	306859	171171	204445	339266	290779	244431	156479	132277	211004	186049	426807	270636	188424	189835	185357	162201	307024	262981	187694
1127	12.392	526.26227	661293	207931	311748	452486	448222	541660	176551	351118	243439	117670	201167	302178	521145	392611	315666	406943	648749	798392	236653	482238	384293	228551	158445	282281	690	208	687	1618	749	1918	929	1276	991	604	288	1266	804	1075	1710	812	469	195	0	1464	1719	1703	1196	840
1128	11.849	526.29773	0	0	0	0	0	0	0	0	0	0	0	0	0	0	0	0	0	0	0	0	0	0	0	0	89363	97603	85956	294065	29971	37908	79264	52319	63894	23169	29093	416990	14388	10681	53486	15394	26379	39782	365581	335846	90289	252815	154580	492820
1129	13.644	527.22479	59488	60387	123547	99494	132686	59297	79351	82339	158868	77074	35728	74040	87320	74372	103722	81498	43912	67351	71902	80163	55656	73043	34395	83023	1199	1611	2927	4208	2096	4056	1486	697	2278	3586	1232	615	1049	5983	1632	588	1770	967	3281	2425	1313	1264	871	3684
1130	11.752	528.24164	3345932	1593865	2271276	3000153	2556893	2363567	2107184	3047808	2029066	1987742	1344564	2533422	2793912	2258875	2120320	2483656	2119872	3759203	2495452	3366130	2434264	2611407	1853175	2307293	5011	4790	1570	3914	748	3101	3952	2777	4779	4102	1870	2356	3934	658	3402	6152	4436	5126	3076	1154	2065	2694	2167	5193
1131	10.264	528.24182	898	1666	0	732	1224	416	0	210	784	405	0	176	832	216	367	894	2393	0	0	166	0	1010	478	324	723857	245545	466190	517468	472024	600362	387341	722104	488165	653758	545822	289530	378202	767384	514462	472172	761874	429404	145039	648366	732863	567951	395461	235502
1132	9.827	528.24188	213	1095	337	0	0	813	0	540	704	0	0	0	0	0	591	2135	2885	1299	1024	0	1792	0	0	0	1339177	682709	1005721	1313317	1182904	1447150	940081	1152846	1187703	1337188	1261599	968443	887070	1652896	1308950	962064	1810175	1043885	671244	1388220	1340079	1195693	840219	922480
1133	12.737	531.22003	444399	241675	178433	649665	131446	296803	106495	350096	186778	179247	415020	354174	148150	158960	196620	221474	205708	782760	281563	613941	285249	426303	387666	244089	0	0	0	0	0	150	0	149	0	0	0	0	280	252	0	0	0	0	0	0	0	336	0	609
1134	19.618	532.3465	1512067	1143667	1223760	1209653	1482383	915034	502889	2103446	953619	1124245	849998	935579	1177312	1857373	1669336	1125594	562485	770556	1219488	1572480	1145630	988807	1407214	806038	69179	267888	105845	151160	130299	85211	79512	115786	126794	117348	163218	126070	71962	116570	96228	116680	125472	104327	93406	102413	39393	76101	170765	72856
1135	1.426	533.15143	155380	210972	214836	180127	344678	361164	402814	449197	263511	319348	379710	198785	311757	276584	479867	244744	346331	139951	215002	176306	172576	209475	234352	309362	24066	13826	17914	413	166193	105170	97610	186217	179503	109726	283580	9819	312710	168338	166484	213188	93678	112561	14163	5049	12356	21219	5761	68961
1136	13.769	533.23633	13369950	11271561	7283490	13512978	6701877	8715806	8030636	11335577	8368686	8383244	13963000	12224222	8643725	8800452	9654231	9415052	9766318	14424389	12700883	12639094	10148988	13956462	10036566	9267612	4235	0	0	0	0	0	0	0	0	0	0	986	0	0	0	0	0	0	0	0	0	0	0	0
1137	12.472	535.10614	577774	145226	960925	881380	549323	1189570	387012	1016355	162251	44697	80100	454226	619240	907004	934032	394512	570359	1276973	302462	432469	584968	566764	338973	122279	73200	71409	29830	91435	18755	5189	786996	35898	529754	110832	329588	166765	103644	28186	661400	6656	232229	2481205	113796	52658	43739	630025	56309	35683
1138	13.94	535.25128	170925	60064	932776	1144780	327940	1300642	922910	795756	973430	839621	2046234	1121282	26310	1008927	1307380	616490	42941	1130798	1668140	925525	882365	1582148	850172	1089770	434	0	0	0	0	0	0	0	0	0	0	0	0	0	0	0	0	0	227	0	0	0	145	0
1139	16.465	537.21002	0	0	0	0	0	0	0	318	0	0	0	0	0	0	0	0	782	0	0	0	0	0	0	0	5466352	3349377	4873449	3426078	3669398	3705709	2475936	2941341	3910903	3281202	3905838	1771042	2770872	2388278	3470627	4968552	3804968	3440202	2563712	3392310	4706856	2220382	2205827	3228327
1140	13.254	537.22919	52827	77326	61152	58598	92390	47601	63728	73782	59623	78875	52576	48376	81853	55535	74416	41897	46975	52598	59031	55473	34620	54696	41049	84216	0	0	0	0	0	0	0	732	0	0	0	0	0	0	0	0	0	0	0	0	0	0	0	0
1141	11.934	539.22437	20772	8647	22460	16285	12198	12542	9989	21142	12965	13697	13961	17241	15384	18368	17284	13603	17453	21265	6842	14052	10926	12552	11149	14029	80929	83326	105291	91672	70570	100282	77340	72110	83192	85050	55111	90346	56170	74745	67626	72030	64674	56928	96513	123964	76335	107732	126475	84892
1142	13.134	539.2453	52770	58781	203669	117980	102294	52775	105505	65087	164350	68730	54258	72513	145714	46269	68563	59845	45580	140193	55661	113826	59145	66430	44329	81451	0	0	1936	0	2044	817	0	0	0	0	0	0	0	0	0	0	393	0	588	1682	0	0	0	0
1143	12.368	540.23956	132067	65955	80398	100430	73754	70948	54813	99903	67753	63368	59083	61732	71285	57233	67679	71187	84953	126161	67163	109393	64896	63750	43988	58814	1780	1036	3128	1116	396	2207	910	3735	2088	1197	1400	1990	1200	372	554	591	1195	1707	944	1154	805	2490	2044	1215
1144	13.219	540.2403	179146	95990	128687	185335	106671	84357	96132	133770	93123	92439	78303	124201	119235	99889	95240	69967	163625	171284	98099	153753	139755	74955	64633	114563	621	0	0	758	0	720	466	0	848	970	482	1226	1159	0	0	2331	1770	208	1517	2974	895	437	1494	0
1145	11.392	540.24158	19768	9097	20147	7961	13190	8124	11588	21448	9823	7020	14707	15438	12204	11746	9064	13384	25340	9355	5301	13095	15377	8042	5790	15498	5408078	5456610	5863786	5895605	5944078	5657977	5421110	5179848	5276807	7324649	5729627	4295566	5155892	5050821	4846962	5489676	4967707	4008798	4465458	3806261	4568990	3744320	5337231	5134911
1146	10.88	540.24158	23230	11380	24663	21231	29394	11497	15587	28817	10265	14665	17957	12945	22729	13543	7109	29351	70691	18504	9665	15656	13641	11492	9267	12319	432096	292020	243259	635558	433092	564089	310378	186388	379062	537633	725274	123639	342551	153924	284000	312318	413516	265152	239056	93273	245061	601148	59957	544271
1147	12.82	541.23956	19220	17943	31696	24246	47819	37704	36427	23389	21181	16637	23248	24719	20930	31883	40106	25150	28495	38455	19239	28628	18396	23575	15575	26660	133901	87049	175494	152320	148757	157132	107061	114692	151032	126916	121176	90701	94615	112932	103228	126768	103954	136178	175940	148586	156975	132207	110800	93379
1148	11.106	542.20221	79250	306215	360591	75832	119856	142949	412404	139257	97008	138909	82596	126520	159634	181768	176759	100155	99278	1545362	78244	122475	198412	101986	108487	199585	0	0	0	0	0	0	0	0	0	0	0	0	0	0	0	0	0	0	0	0	0	0	0	280
1149	11.614	542.25665	51005	78395	206034	33238	339687	205286	379763	66776	25344	71148	88268	184319	39563	93581	194235	86662	123859	152512	76497	63636	106964	43158	57796	98669	1222570	706038	1182333	1370924	904926	1114480	796122	1049292	1636447	853626	466323	889734	928463	675172	559458	1117753	2217926	944426	1656285	724099	1045501	1511052	747374	441404
1150	13.425	542.25684	495320	235946	318159	445276	470627	195759	323477	428024	444556	270898	180112	335607	371065	203059	368569	329854	284743	508828	444542	395791	201977	333191	123157	391949	0	0	185	0	0	0	0	0	359	0	0	0	0	0	0	0	0	0	0	0	0	0	0	161
1151	12.873	542.25714	154036	72784	96186	161606	151064	98933	92048	144323	154645	102750	91355	147455	218828	69233	135314	84021	119180	199032	98849	128862	95724	60260	79024	146619	2249	0	831	2205	0	355	288	0	160	0	259	1216	0	191	0	0	142	0	306	1438	1774	0	0	0
1152	12.244	542.25726	14506	10397	55087	19771	8694	12016	18724	18227	7436	6265	16920	24844	9312	14089	13585	19956	10634	50569	24372	29048	10948	25241	8032	10838	464332	388061	656660	309704	252414	424993	285397	262395	531239	636467	605126	334604	279896	492116	387417	597709	611942	213784	430603	463849	418276	83661	85333	235923
1153	13.52	542.35077	0	906	0	281	0	1116	0	3408	923	0	2270	888	2376	0	545	0	0	0	0	0	0	855	784	0	176364	38420	84024	62682	37663	152616	66217	185754	34918	74508	73513	45055	89610	43889	71072	42845	107261	110767	68010	70242	41515	13567	40636	454655
1154	9.612	544.23694	60185	18001	17142	21373	43319	10711	46882	25173	28291	9964	64689	44242	14450	27418	98739	8725	66052	57229	12516	22392	28299	10710	17549	39903	2346208	2911792	3052985	2989246	2735915	2698129	2828167	2701397	3238678	2669760	2238390	1767045	2314393	2213854	2426280	3721699	3202528	2279658	2572923	2598726	2537598	2847841	2772002	2350070
1155	14.495	547.25018	152353	79345	82578	91628	30027	180094	104116	78595	46894	67862	134044	99287	94231	92791	98956	55019	56650	220119	65072	107437	101954	72190	39771	79243	0	0	0	0	584	305	455	323	0	0	0	0	0	235	0	0	0	0	0	0	0	0	0	601
1156	10.795	549.16888	55659	62321	47521	51397	96963	37293	44463	55307	42028	124764	283413	55889	47163	40383	42148	42932	57712	149391	82193	73500	64201	83728	71977	34870	0	265	0	0	0	0	0	0	0	0	0	0	0	0	0	0	0	0	0	0	0	0	0	0
1157	13.552	549.23047	167849	352550	210951	149460	39920	144670	105159	121682	145897	172159	476326	167100	109796	116151	407753	134867	150085	373450	513298	272109	139591	265804	559946	224416	0	320	0	0	0	0	0	0	0	0	0	0	0	0	0	0	0	156	0	0	0	0	0	0
1158	11.801	551.09998	83994	17842	113994	120263	63436	357202	148212	177861	31621	3303	19011	106661	91106	256126	213011	44186	106713	376966	71291	53072	87943	184070	52797	20611	0	0	0	0	0	0	0	0	0	0	0	0	0	0	4947	0	0	6082	0	0	0	12096	0	0
1159	12.932	551.13727	0	0	0	0	0	0	516	1108	0	0	0	0	0	0	0	0	0	0	0	508	0	0	0	0	168425	465875	140670	177555	91706	179258	105706	356913	270407	143820	45523	571961	110706	61942	160375	236339	283930	62719	70629	105217	93669	34809	377194	62093
1160	10.432	551.1842	140656	214956	177569	367307	284482	308678	245059	352145	360262	196106	25988	369572	195219	353206	365822	357673	279049	45469	304548	484561	250494	255357	398659	216262	0	0	0	0	0	0	0	0	0	0	0	0	0	0	0	0	345	0	0	0	0	0	0	0
1161	12.41	551.24646	191181	83342	1082997	1171315	470067	1077571	397501	1611107	655053	787956	1092651	917294	42068	1271639	1153617	526328	43259	980608	1643611	912625	911787	1332546	1195058	1000165	0	0	0	0	0	0	0	0	0	0	0	0	0	0	0	0	0	0	0	0	0	0	235	0
1162	11.763	553.18909	169162	176845	118472	212005	101610	291089	415282	232176	314360	423499	389010	271405	179279	198017	298261	335454	311836	200856	418319	174837	178623	423678	249738	285158	14456	12881	9585	4845	17324	4146	14812	11506	8546	17493	22890	7640	11822	24764	16820	7255	5464	6228	1757	0	11392	4010	7858	3547
1163	15.096	553.20416	1833	190	780	3068	351	3161	1344	2215	3285	3234	1301	1782	1733	2413	1257	3879	4259	3675	2538	2131	1918	1819	1139	1914	196559	71454	196644	76720	62148	133763	108750	95471	59986	108436	94498	46261	26515	60608	125694	63788	94802	76462	92782	103404	148348	118939	39359	132190
1164	16.549	554.23608	0	0	0	0	0	0	0	0	0	0	0	0	0	0	0	0	0	0	0	0	0	0	0	0	199365	103408	163007	131666	121411	118179	55940	85601	209402	163733	221478	32973	119351	92585	249501	508964	267314	96895	57316	83685	122353	26919	37961	63310
1165	12.682	554.34991	0	0	0	0	0	0	0	0	0	281	0	0	0	0	0	0	0	0	0	0	0	0	309	0	41454	59214	84948	62594	54886	62972	107592	71960	58148	56750	63412	84007	42864	81439	65684	83607	79979	33419	82548	56906	72179	90143	77728	58374
1166	13.259	555.24139	2881089	3433710	2985033	2889100	4214993	1944103	2838112	3496327	3027714	3667466	2457518	2616920	3894052	2743324	3112014	2174619	2616143	2774772	3300428	2874829	2184559	2750845	2086440	3877635	502	0	0	0	0	0	0	0	0	0	0	0	0	0	0	0	0	480	0	877	0	0	0	0
1167	13.129	556.27222	119230	64960	246033	195520	107543	59686	134021	115549	130114	76739	63323	128692	140428	63335	91807	63581	51365	262380	118535	212610	70561	113765	47668	89985	0	0	0	0	0	0	0	0	0	0	0	0	0	0	0	0	0	0	0	0	0	0	0	0
1168	22.209	556.43951	6309	4452	4453	3665	13512	3458	3534	4280	3503	3143	3713	5065	3441	3185	4147	4623	3394	4388	4541	4403	5093	4244	5138	5083	252662	116376	160014	145078	176759	156537	138070	257893	28793	178601	298868	99191	147331	209679	97312	206472	141640	170961	193399	151424	160078	155320	146271	177218
1169	1.43	557.1521	113864	160827	145909	93799	51009	75750	42842	109489	119278	131666	63651	133806	82677	57503	88311	62939	44355	78084	102181	90771	54148	166915	77791	108143	85348	49942	52706	63148	35962	48072	54820	51718	53686	41906	39745	107932	22844	22217	10886	23567	28125	43163	85957	163607	57153	63064	75637	73066
1170	13.463	557.2359	596424	576143	957904	796776	918959	559229	700621	799850	1073078	768275	522192	529333	705520	738632	897391	552104	633895	572660	597915	704640	431171	694109	345161	865328	8349	4123	7248	6009	4776	5877	4670	7476	5487	6240	5471	9828	1494	7585	10473	7828	6097	2753	11400	11055	5132	8933	5519	4732
1171	12.364	558.25165	553278	239721	335297	425022	336080	250248	202293	454988	229908	201329	177097	273525	374331	231166	307265	211199	281405	649984	276295	601202	288766	244243	169242	222818	0	0	0	0	0	0	0	0	0	0	0	0	0	0	0	0	0	0	0	0	593	0	0	0
1172	9.864	558.25165	83306	51130	333053	33570	59886	88238	50200	187572	44124	27343	95803	164166	33525	75959	47625	194214	339858	113083	100042	66992	46444	50438	58125	38381	92575	136888	429866	547474	187671	200114	292093	531252	430751	338418	252507	592093	389800	240594	394730	194204	230692	149369	164516	299672	282779	120282	333905	315480
1173	10.453	558.25177	358968	113804	439480	156335	142342	175491	163437	283697	116283	70962	228033	435203	128415	215324	105036	397258	671629	395190	261688	201011	108484	240269	122063	104602	323505	279479	872743	566744	285625	268712	490773	777415	788762	549571	744335	795830	458121	430419	484351	378725	544984	183719	326734	251715	304246	154063	327932	362101
1174	10.132	558.25201	14044	12883	35749	6931	12027	16916	7861	22426	12594	5008	18160	22043	9695	11520	11794	27408	55405	19019	17125	11055	10226	9272	13303	7496	117376	923111	3111820	2644901	1453792	486566	2291898	3334706	3225728	1143098	2464919	3195653	2079287	291630	1263456	1279275	2286226	849165	1122150	85556	834796	1259894	2301490	2272643
1175	12.323	560.21185	702971	734729	869673	139594	248457	97403	538396	331371	207589	128315	99345	256960	287956	215903	317259	161864	134693	273401	193687	444769	268353	203042	129052	370643	0	0	0	0	0	0	0	0	0	0	0	0	0	0	0	0	0	144	0	0	0	0	0	0
1176	12.148	563.15179	221351	126591	221780	118262	245915	252882	92657	49170	161150	113318	118696	58803	105548	78080	182703	146929	221632	48012	115683	92621	118912	68684	32208	143902	0	0	0	0	0	0	0	0	0	0	0	0	0	0	0	0	0	0	0	0	0	0	0	0
1177	11.104	563.15277	475867	487988	605568	692965	822727	741798	834813	286963	328614	394916	360593	455892	305569	893568	592700	1200653	294371	338296	602469	353320	240386	494940	819685	358573	5330	2104	3394	2979	3980	2467	4270	3229	2768	2604	1449	2338	1224	1966	2669	1781	5617	3691	4922	3312	2481	4214	2105	6330
1178	6.034	563.15295	3181032	2445215	3002354	2762707	4018146	5246817	2505716	1498367	4116239	2183994	2529490	1628448	2544476	2074053	3671154	3783122	3114525	1633719	3017450	2402835	3259240	2645138	1597490	2181972	0	0	0	0	0	0	0	0	0	0	0	0	0	0	0	0	0	0	0	0	0	0	0	0
1179	4.698	563.15308	1766844	2183676	2796178	3114119	3759558	3363416	3702504	1542752	2075812	1841013	1639444	2577345	1400592	3305785	2733022	4669830	1320636	1884424	3069353	2280566	1599822	2863434	3409018	1597430	11710	4332	8115	4382	4722	6569	4153	3574	5624	5494	3632	9317	3296	5186	4249	5527	6738	2040	8667	4662	5487	7761	2361	6044
1180	3.848	563.15338	2145904	1625189	2648248	2691092	2550902	2418419	2757675	1155124	1444178	1556488	1290184	2290606	1374562	3031132	2202556	3236734	1575108	1652610	2633503	2036770	1155128	2351402	3011140	1492487	17313	6489	8660	10752	13519	11769	10973	8728	13953	13238	7788	11410	7856	7262	8856	10988	13169	8289	20372	15159	13283	14204	10426	17793
1181	13.532	563.24548	250820	89980	88768	160691	49881	192927	91082	210625	55567	87527	132038	156165	109457	83690	94939	100007	123559	344599	69899	157632	142057	146305	81116	89553	680	0	584	261	0	0	824	617	0	676	186	475	0	2929	1554	1192	0	799	207	0	879	649	438	1166
1182	15.107	565.13214	164399	201297	59878	286369	229063	543572	312536	233303	242516	198065	317366	319195	403105	277722	250509	372900	173327	368467	347204	165747	238862	498399	548337	249506	3477202	3175186	1540575	2210730	2869376	1816734	3012043	3920428	1461162	2075689	1081038	2228464	1047349	2666058	2832936	1085356	1335908	2282302	2069038	3870436	1803026	3691394	6217190	2769960
1183	14.604	565.13239	3475506	4815808	1661427	6166744	6006642	8308090	6363686	4010616	3917982	3644400	8331533	4762913	8338458	5763274	3921632	5588366	4243482	5305568	5731062	3451686	5643524	6001538	8451666	3812283	14532	4684	3627	5228	5964	4008	6899	9918	4465	5818	3404	15074	3305	6661	19266	5927	4111	8275	7680	9954	9043	7844	12646	10841
1184	13.109	568.27307	196488	29308	121857	535262	106224	310426	372036	345227	146135	233016	658688	471736	14022	545518	602426	288279	20181	531977	721446	468620	701510	941868	529575	335770	629	0	0	0	0	0	0	0	0	0	0	0	0	0	0	0	0	0	0	0	0	0	0	0
1185	13.475	569.2348	142531	104556	197786	157321	206042	131782	163203	195611	236162	174467	114850	124121	146018	156967	200057	165339	144585	156598	115020	160880	99185	142397	80442	158952	0	0	2695	0	0	0	0	0	0	0	0	0	0	441	0	0	0	0	0	0	968	0	4133	0
1186	13.577	569.25671	87920	128117	715660	231264	194957	111986	226232	110305	387105	93760	71297	129662	231607	112641	143971	75423	147123	205042	195608	158441	62920	168211	60566	238945	0	558	555	0	0	0	0	0	0	0	0	0	0	0	0	0	0	0	0	0	0	0	0	0
1187	13.461	570.21613	372912	433779	109043	307379	135596	30119	218456	150386	61330	257763	156796	103961	55932	220101	223292	27817	209974	100813	695648	225745	274382	87759	116161	827431	0	0	0	0	0	0	0	0	0	0	0	0	0	0	0	0	528	0	0	0	0	0	736	0
1188	13.114	570.25214	675190	404564	316860	311571	244300	83690	139237	193689	204016	251431	182841	404669	260938	158260	177691	114334	237992	313742	439078	464387	974396	228180	187907	604423	0	0	0	0	0	0	0	0	0	0	0	0	0	0	0	0	0	0	0	0	0	0	0	0
1189	13.259	572.26764	6321518	4924130	4470897	4093706	5204754	2558431	3541970	4848859	3602887	4503618	3390674	4830951	4941650	3632174	4123978	2853112	3586581	5000866	4742310	4425401	3250622	4140254	2869812	5069730	0	0	0	239	0	0	0	0	0	0	0	0	0	0	0	0	0	0	0	0	0	0	0	0
1190	13.064	574.26172	39448	22896	37577	35341	38043	26173	26267	40785	27628	27064	32091	35656	44022	38778	39636	26375	27563	45529	31245	40186	23474	26920	23062	29411	98445	72077	204040	86511	131513	123077	110926	112494	128843	150156	92150	67013	88327	113958	94484	115433	100075	68142	115859	130160	80929	109424	115019	81822
1191	14.022	575.28394	1470	0	0	0	0	0	0	0	0	0	0	534	472	1630	0	0	0	0	0	0	0	0	0	0	188014	167533	220403	228407	140551	220879	303286	366249	157794	152897	264479	295498	278276	655206	475779	699731	245042	220566	217624	178234	222272	447592	326426	280625
1192	18.748	577.49341	0	0	212	325	0	0	0	0	137	0	0	0	0	0	0	0	0	0	0	0	0	0	0	0	99286	41943	61550	60629	71054	62549	33586	29044	74434	62799	73742	32433	78756	35482	50609	76061	87036	75188	20983	62372	65755	21363	33183	37651
1193	1.602	579.14545	31512	33354	39528	62597	36141	65473	42162	52514	28066	27814	68275	47182	22084	82143	39976	94662	40051	74600	37758	30851	17891	30704	44432	14590	54309	83646	63683	52236	220207	101094	104254	103532	78762	70337	79896	85703	155221	122962	90305	71184	79221	49269	114590	96811	81566	85662	87240	79342
1194	11.405	579.14661	300268	258952	308189	148357	230196	288806	67780	239128	253641	147250	303737	124229	168132	151025	226467	221098	202017	161644	103828	97938	185891	69938	43450	118100	3252	6055	1958	5183	10431	5892	9192	7259	3912	7262	4220	2467	12128	10652	9606	13503	7301	2630	4876	7987	7909	5508	7585	1592
1195	4.449	579.14697	6972634	5885524	5573008	4956728	4970100	6703544	3451877	5763531	6135680	3973952	6963388	4584662	5427816	4782888	5768244	5536993	4937426	5675044	5022142	3874523	5655186	4454088	3132003	3677552	70833	125922	92659	105571	418116	204310	254088	236103	129752	258400	147895	102143	361876	493703	333231	301846	166437	125640	198951	162284	246952	169804	245007	87018
1196	13.984	579.14716	216274	242351	255004	212688	189840	58676	140463	306523	192734	171973	80062	223425	169173	124959	201169	223596	345664	277597	211704	143037	121584	446383	109318	187083	358	0	158	0	1040	430	377	1587	1217	518	491	0	545	248	1055	0	904	235	526	288	989	1836	0	333
1197	2.65	579.14728	5551556	5860740	5747062	6177548	5489913	6327989	5840066	5293969	3823974	3116888	5381978	6169320	3326696	8457685	5463563	7323682	3021438	6560970	5643477	4643642	3413796	5622467	6689896	2334302	4822484	6345850	5749956	5240892	7330202	6429716	7107700	5757890	5561048	5764072	6142183	6147104	5885960	6395524	5809556	6406646	5956444	4607804	6811142	5902998	6323342	6339118	5685439	6132424
1198	9.282	579.14746	628901	882061	728366	810559	836402	853351	991734	763952	449898	461189	857910	788130	580762	1307263	592508	1016576	269579	910926	701387	455598	382420	664986	1031478	207616	520931	708700	488390	418202	1171952	998218	906272	945695	686910	821930	836470	857201	1180710	1233127	1019988	967133	751394	422471	808128	409831	908920	709319	751214	533165
1199	9.236	579.14758	626128	840022	728366	807053	836402	853351	991734	763952	449898	451287	847187	788130	580762	1291424	592508	997475	269579	910926	701387	455598	382420	664986	1031478	202584	520931	725107	507139	444215	1187179	1015686	954501	962912	708094	821930	836470	857201	1180710	1233127	1053750	988274	751394	461586	833566	464007	929830	769977	751214	572226
1200	15.329	579.14771	2860264	2678357	2231183	3335710	2691141	2092001	4008452	3623890	1786248	2887132	1760575	2406682	3062893	2864762	3560019	3671713	3335558	3182619	4211427	2698067	2499938	4395608	2782047	2992327	57652	36997	25751	64082	34306	36979	46928	70838	25000	53291	43560	105301	17323	37539	53579	16748	27590	59199	24083	103322	21868	59819	54474	46615
1201	4.2	579.14789	8390854	7515533	6295214	6150240	6764946	8819045	4899380	6244468	7266324	4479307	8113236	5408668	6680520	5736876	7191526	7044527	5842162	6854298	6453618	4836861	7479728	5314077	3924645	4643634	28517	67548	56739	56931	171051	85303	103222	127708	67773	139794	66246	53028	223514	267509	178770	134308	66514	57750	86898	76182	85929	86880	123526	43240
1202	2.718	579.14819	5765682	6366264	5923352	6177548	5835083	6733024	5840066	5600284	4055034	3226274	5702769	6422805	3575251	8978636	5463563	8003994	3021438	6560970	5967521	4643642	3649336	5899282	7231011	2483957	4461318	5778166	5749956	4984631	6020910	6150387	6844954	4978604	4880982	4602538	5706079	5431646	4444978	5532520	4291173	5681340	5956444	4232874	6811142	5902998	5448090	5624577	5288865	5551758
1203	11.997	579.16895	0	0	1779	0	0	0	0	0	1451	0	0	543	2750	0	0	0	0	0	0	0	0	0	0	0	0	206195	100693	201038	288681	26720	492492	59304	23011	112352	634951	87034	57165	57582	13704	0	65474	99648	186607	93153	1600472	0	0	867670
1204	14.16	581.12701	899786	2025696	226797	2216423	2447434	3790826	3963404	1036500	1355685	948363	3362762	1204241	4327510	2491085	1563350	1715792	1173917	2325503	1771492	1228398	2808762	1765516	2658530	1476471	5041	596	448	0	0	0	0	150	0	0	0	1884	0	0	0	299	0	1627	630	1445	0	661	1848	0
1205	11.628	583.19745	1166	596	0	2189	0	647	0	618	1238	2151	1207	0	0	1005	1697	0	0	522	0	1103	0	705	0	886	91660	52758	40978	36924	77997	50590	71831	67104	63369	120143	123866	71521	44492	151822	64268	40793	33841	68391	41749	7593	60966	26444	52529	16765
1206	13.561	586.28302	94617	64985	430910	181398	87166	51887	120334	81364	176050	46470	47186	112014	142631	72000	76732	41191	84856	152908	107932	98456	47058	96278	38540	136674	0	0	0	119	0	0	0	0	0	0	0	0	0	0	0	0	0	0	0	0	0	0	0	0
1207	10.49	587.17236	0	0	0	0	0	0	0	0	0	0	0	0	0	0	0	0	0	0	0	0	0	0	0	0	72010	66629	40143	38271	60990	40451	31253	84726	63470	96396	96217	70942	191291	175380	96527	67856	25129	34963	41355	58936	87721	88805	112829	46882
1208	13.457	587.24548	150879	132328	309050	195531	250362	149486	176594	188301	222420	196502	150150	120526	174395	175447	248800	143853	153351	137488	132761	159796	116804	161215	78276	200846	179	0	253	0	0	170	0	0	588	0	0	838	547	850	0	844	881	0	0	225	547	346	0	0
1209	12.722	591.27863	1280	0	678	0	0	665	0	994	903	0	1811	0	685	2102	441	0	1153	0	0	1524	1763	768	910	0	120722	74346	166758	63450	108271	126184	157488	174439	109903	73730	113769	150015	93480	75880	162139	147582	87625	120075	125921	123198	213750	145880	327697	142326
1210	14.721	595.14227	631617	626779	232308	751307	507262	692588	1094930	446991	451177	376829	347941	390060	792192	634259	670821	496408	340289	770535	1008357	302539	453872	655841	572406	502877	4148247	5184884	3062936	3570192	3293202	2256599	3661390	3761422	2378085	3668681	2353580	5408649	2058721	4477966	2215519	2215429	2828478	2369232	5429382	2585694	2727447	4323812	4336850	2373004
1211	13.647	595.14233	88925	116222	81011	333437	78798	193018	121039	122250	196085	164520	156014	82850	211220	87452	105784	178454	76445	173962	149079	74232	87640	550077	201905	150137	2081796	2905632	1279250	2884315	1620223	1661866	2937751	1970529	2005484	3187266	2172242	3896683	2191679	3131238	3121128	2632332	2415412	2444566	1746012	1770992	2526706	2025083	2156668	2528204
1212	14.834	595.14258	833058	895907	441007	1224221	989139	1151488	1631989	726224	800690	570196	751625	578013	1453780	1127631	1080890	783046	679981	1264722	1330657	573059	762385	1068804	827939	667018	3459911	3521608	2477828	2572794	2795500	1682705	2786782	2498575	2016842	3119344	2135499	3839502	1603978	3697444	1871242	1985509	2048324	1924616	4080366	2003745	2287806	2871019	3081432	2115126
1213	2.935	595.1427	1115342	1034744	739417	999659	441457	112528	1313669	842742	1331038	2000342	2445131	464927	2496787	256959	618595	1024989	1613079	603333	648138	1064457	695476	389559	122902	2149617	2751	3463	1211	1222	4282	995	6710	1242	657	2308	0	906	0	1580	4808	5436	4363	0	3320	6893	1141	0	5006	2132
1214	1.979	595.14276	176244	312335	234537	751412	151668	56940	2104852	316768	315406	1493108	1562349	135981	775362	255867	229657	357806	571717	364324	273633	259601	158894	199039	371185	1104474	1240981	1354199	919079	767263	1533426	634018	1550965	1713907	1655382	1585870	1029227	1537052	1139041	1764394	1733699	1195140	2673560	635578	1276926	1486449	1027795	297439	2007617	1268314
1215	2.263	595.14282	1227133	1328992	1171416	1861014	723240	181618	3686324	1166093	1414178	2682616	3379230	682555	2395254	894823	969554	1632478	1838590	1102968	1233084	1250828	796578	984207	1041925	2596441	133581	152292	125905	123264	174475	132727	223884	223656	234613	240144	188097	268930	146938	294748	289318	225839	416559	68907	155909	304171	161885	82797	360192	149718
1216	11.822	595.16351	16063	6834	22236	0	3570	2521	25923	10677	5542	72453	13298	2564	13679	4403	2049	28979	15221	11766	3500	9512	4162	1133	6075	7759	2065548	4894671	2840990	3138638	1968556	3037776	3394936	3711441	2701418	3635606	2177696	3200102	3391787	3003012	2260707	2913712	2473544	2967758	3275104	3284846	2440156	3434109	2931056	2813824
1217	13.961	597.15814	1214360	1406010	1391142	1205540	1038263	411765	885670	1437371	972442	905066	619388	1186394	1002375	798971	1105453	1204691	1619601	1475404	1186666	882723	763024	1983098	715666	1022410	1372	2563	1864	2446	1799	2001	1160	753	835	2211	1732	667	3026	2078	3702	2307	1397	1580	1267	1897	2276	1334	2559	3486
1218	22.146	600.46692	3904	3142	2913	2746	8735	1717	2469	3814	2517	2418	2743	2811	2724	2189	3029	2720	2152	3108	3257	3435	4112	3046	3702	3627	183922	86866	129078	109912	136416	110720	104845	213507	16840	136013	263351	73830	113021	161138	76042	167925	118826	132007	147100	115235	133523	130139	112655	152351
1219	12.543	602.2782	58689	107083	425982	24553	18634	54780	84633	81709	36435	93152	163916	132921	47414	95378	72262	71378	85635	69169	173792	45155	63966	87011	74050	76457	0	0	0	0	0	0	0	0	0	0	0	0	0	0	0	0	0	0	0	0	0	0	0	0
1220	13.459	604.27228	895845	407301	792040	648572	669676	348152	493228	595995	714052	480843	423464	604789	489821	583516	697799	442544	536008	627758	473540	578964	345678	571739	260398	600184	0	0	0	0	0	0	0	0	0	0	517	0	0	0	0	0	0	0	0	0	0	0	1844	0
1221	13.293	605.21942	51280	79241	47175	74470	25849	76392	34709	61312	39649	38324	60490	108666	38572	56616	70280	30412	52282	79411	74620	107111	56220	54250	147213	92447	0	0	0	0	0	0	0	622	0	0	0	0	0	0	0	0	0	0	0	0	0	0	0	0
1222	16.229	607.14221	11577	15011	7177	4562	7128	5042	9716	10371	8126	10169	6509	23103	7339	9542	7334	8658	8170	9272	16076	13757	10045	20474	9935	9383	3643435	2595163	1369070	2094441	2171754	1680252	2638958	3238266	1412449	2014283	944190	2072351	1340876	1884510	2387325	1062620	1354226	1554267	2076478	3743006	1467569	3640475	4487453	1725156
1223	15.51	607.14246	528832	897399	119910	1275800	872066	1339857	1042799	1356986	1543336	855984	1225772	1546406	2038219	1390566	614115	1042780	1138576	1073502	891276	707047	1013039	1437255	2083876	595875	0	397	86	0	0	0	0	0	0	0	0	0	0	0	0	213	0	0	0	0	0	0	425	0
1224	5.152	611.1582	211530	143406	341335	130871	141761	322345	270169	302146	233890	204348	200876	163260	245392	247043	136630	174134	58384	332105	110982	181543	182317	249904	656704	132280	0	0	0	0	0	322	0	0	122	0	0	2788	297	1040	453	217	0	0	0	0	0	327	0	1036
1225	9.978	611.15839	34349	37992	34179	22593	23014	66814	25164	30615	27520	27963	22400	19858	41519	29132	35606	35684	13205	71674	29048	37473	32314	53626	265350	30393	699408	1541213	997767	1021707	1135574	883782	1825967	968892	1274081	2139527	1760061	1545994	1102044	1522691	1057031	1254633	440216	1501356	3265583	691656	1539233	233553	1295621	762139
1226	11.213	611.15863	17735	8073	5499	2694	9025	5518	38207	10288	9156	17654	6954	7424	9903	4820	9917	12080	12276	19302	4164	10679	6271	10504	9785	6532	196804	793578	643280	273129	161917	864366	317355	516545	287513	417586	280161	326697	213776	481362	205662	195331	406958	383743	519467	488581	339232	979822	631014	368822
1227	13.435	613.22516	307959	135383	325388	481403	152491	177763	370315	494001	414614	516390	972128	129254	136124	424770	170503	314416	329258	486307	204822	341387	430782	234439	194339	217239	0	0	0	0	0	0	0	137	0	0	0	0	0	0	205	0	0	0	0	0	162	0	0	0
1228	13.134	613.2254	278852	130548	334931	465862	157812	167623	335152	515525	354960	473134	884185	120557	152199	438075	157219	251588	280680	457422	226162	304284	453594	192296	212230	179501	0	0	608	1874	552	0	609	361	0	918	600	0	0	2135	5436	0	0	0	234	0	2207	0	0	269
1229	13.994	613.3186	72968	13612	60013	104157	20145	46380	63520	161837	38408	57352	113517	144994	161189	85148	165875	14136	34106	147790	12961	276742	242887	27133	53371	133093	0	0	0	0	0	0	358	0	0	0	0	0	0	0	242	0	0	0	0	262	0	0	0	0
1230	10.992	615.2038	2733	1581	5558	10195	3759	12651	8173	6453	3619	3095	4184	5201	4695	7365	5850	19952	6220	5767	9326	7310	2431	5000	1825	830	49293	105242	44785	122510	79063	83160	120967	99921	81329	51988	50246	68209	60249	66296	77570	101274	97509	67487	86473	60389	104785	172498	117971	81293
1231	13.557	616.38123	0	0	0	0	0	0	0	0	0	0	0	0	0	1078	0	0	0	0	0	0	0	0	0	0	75868	89298	83272	91044	81354	121451	138797	102057	91947	96214	46534	66272	64135	87082	216570	143208	51643	41081	288960	128785	69020	299288	63432	74785
1232	3.765	617.1825	12103	24386	19552	17531	17837	17124	32121	10280	7884	12281	13668	26449	17326	20720	14169	18491	15264	13677	17785	15139	8759	25549	23344	18033	120970	269558	155728	177982	173787	163407	200586	164065	127372	101124	106261	133260	190595	182257	128082	139091	131346	107773	191895	146708	139902	110104	205152	407771
1233	14.344	619.27203	362521	377851	962689	654957	808236	441419	487736	676670	977670	485368	203736	403106	662655	547171	540093	365977	521534	430204	495061	451461	232736	446782	303979	707669	57635	82938	106778	60128	83882	89405	94628	152805	82916	92735	62618	146061	139565	74948	151394	177979	68811	84203	128685	127364	221643	84919	95614	69249
1234	14.87	619.27338	15641	13574	12768	14365	12966	34076	10986	27497	21993	27604	8201	15540	8603	23981	35482	19857	15924	19635	5337	13219	12537	8154	9668	11740	101018	128265	153892	112346	143069	154694	154592	278127	155990	185951	113068	285646	246559	131458	322520	352848	120242	143975	251786	260399	392780	125866	166064	99583
1235	13.569	619.27435	0	0	927	1459	0	0	780	1313	794	1088	0	343	499	0	289	0	801	0	0	0	0	0	0	0	572548	737483	799111	808698	624973	816050	1012760	1188815	468506	444800	533090	772622	560953	815380	1179532	1827164	743629	876132	647054	794318	1261702	1114412	3352094	865020
1236	24.047	621.26782	74625	63479	83209	84863	73710	57680	68442	81658	66820	79593	85769	78744	48118	103216	71107	55827	34938	68535	79784	90635	73400	82921	97006	99661	77999	86999	82316	55703	72401	71518	69396	58142	67092	74272	49864	78737	71177	59097	72518	64456	68898	63448	71776	74059	77110	52703	87668	55432
1237	14.966	623.13727	73427	144283	19014	197776	141423	280315	356189	133466	250254	78271	310123	156729	630715	311920	119286	117726	89868	231804	102008	105524	254659	191178	251198	82102	160	156	308	270	0	0	0	0	0	427	0	0	0	0	0	161	307	0	0	0	0	0	180	0
1238	14.775	625.15247	9826	5599	11383	6379	4578	2976	4619	4177	2822	4139	5302	1438	2429	5004	5319	2374	6436	4486	5589	6491	6040	5921	3750	5448	820238	897837	436691	695877	462940	307282	599361	864380	451643	659723	399660	974302	323192	1229116	431610	259435	446508	475252	791972	356819	348001	948196	673133	449591
1239	13.723	625.15283	3218	7175	5976	9378	3607	13272	8846	10954	8676	5241	10478	8707	5349	7741	6830	6055	3404	4834	7109	4858	6060	9693	13179	5362	3916286	4147438	2570240	4088800	2326650	2744780	4494083	5076014	3802692	5119913	3791827	8515031	3948954	4810860	4435836	5788470	3673620	4638861	3438894	2612297	4316010	4534675	3419862	3987639
1240	9.903	627.15283	63668	12938	13668	33902	21607	44708	54532	115577	25765	22026	47669	18468	26608	26316	55413	29593	18850	106886	39864	27309	33943	212974	37068	21150	171849	1018078	517024	336567	287715	662859	610888	431046	399598	874995	907616	307520	552024	821879	410835	549962	202050	832433	602889	487792	385496	114134	664153	129233
1241	15.207	629.25616	91026	42411	58839	88183	32603	161717	85454	68091	147075	113128	46324	63419	49757	64520	83213	171234	50355	70581	90726	50424	36690	72764	33193	56649	0	0	0	0	0	0	0	0	331	0	573	195	0	1514	0	0	0	0	201	0	0	0	0	0
1242	20.119	633.41254	808	199	730	694	1064	0	1161	1427	654	588	612	381	903	1099	303	1022	212	1048	539	1027	315	641	1610	1092	183932	63883	83955	57641	127502	44113	58912	74715	51228	52497	40119	42185	77334	36976	27792	59217	51914	72023	49358	58393	270271	107301	23090	38345
1243	13.636	635.2652	49791	50113	72434	75802	60597	51749	47722	69389	92872	79568	38077	72672	61040	70356	55190	47341	62817	40634	52837	45328	34658	69774	23649	71078	2723	2485	3145	1937	1874	3791	2500	2533	2162	2135	2263	3435	2065	2597	4254	6118	2472	3145	4526	4054	2957	5329	2970	2698
1244	19.642	635.39227	34634	72817	172514	142070	641209	44452	353766	28755	81488	170939	9877	207295	186424	415609	102360	41380	215548	144426	20403	78262	37911	36243	24127	99631	0	0	0	0	0	0	0	0	0	0	0	81	0	0	0	0	0	0	0	0	0	0	0	0
1245	20.949	635.39337	102303	84263	38572	274264	297338	97335	314500	50972	54510	197408	4759	90928	83928	471052	144816	80270	171843	193411	58365	267443	223472	55569	112336	90258	0	0	0	0	0	0	0	0	0	0	0	0	0	0	0	0	0	0	0	0	0	0	0	0
1246	16.314	637.15271	0	0	0	0	0	0	146	0	0	0	0	548	0	0	152	0	0	0	767	0	0	0	0	0	534368	519840	163682	206777	488202	353904	527656	767686	144336	609210	188446	167560	460319	525928	685805	222755	200902	184156	234934	593531	329310	601819	882126	369578
1247	10.642	639.26135	0	0	0	0	0	0	0	0	0	0	0	0	0	0	0	0	0	0	0	0	0	167	0	0	64246	295318	176710	142047	109516	88310	143798	87938	155931	127587	114016	60110	60163	31101	46357	66314	74005	15848	156626	244868	187554	186981	227116	152393
1248	11.332	641.16803	0	0	0	0	0	0	0	0	0	192	0	0	0	0	0	0	0	0	0	0	0	0	0	0	172893	433086	113054	157540	79556	138955	94180	220591	205421	70336	156100	130839	62756	111511	64521	195552	222923	337975	73358	92183	36476	98734	124327	63020
1249	10.56	641.16846	764	0	0	0	0	0	0	0	0	0	0	0	0	351	0	0	0	0	0	0	0	0	0	0	81549	81397	82855	58453	46727	82682	181193	36823	74354	149994	232063	300536	103485	355517	41914	84045	48160	256697	108620	11238	111858	40112	37319	60745
1250	10.494	643.14777	0	2288	1456	1447	0	846	8970	0	1918	3578	2337	1499	6147	1524	1398	4745	1324	3751	0	1593	0	3380	924	2221	257510	1209824	196092	310930	1090163	517421	665214	471321	607972	584388	583354	302235	1008543	393518	612403	394207	255860	1235924	940479	467170	204739	4068	421468	285307
1251	13.338	643.23486	93275	58969	92391	139935	60133	53222	107008	135970	130270	194931	269342	55134	52827	139925	73376	90523	96279	120167	104405	118456	195476	74073	98217	83055	0	0	0	0	0	0	0	0	0	0	0	478	0	0	1155	513	0	518	0	0	428	0	818	0
1252	20.767	643.23865	333571	39081	505783	316930	359559	201400	175168	707734	522692	711731	548532	200156	350858	1080151	288251	279552	140738	333915	287992	382920	186245	328333	475102	632908	434	0	0	0	0	0	236	0	0	0	0	0	440	0	1139	0	0	0	0	0	0	160	53	0
1253	22.082	644.49219	2613	2192	1924	2022	6332	1591	1954	2501	2007	1836	1794	1880	2451	1447	1585	1960	1416	2509	2381	2214	2964	2542	3157	2418	140370	61385	97520	71724	99844	75841	69814	168335	9660	99031	196132	43192	77461	108386	53442	113070	80758	101839	103566	83162	94146	72794	74574	116827
1254	19.83	645.33905	0	0	0	0	0	0	0	0	0	0	0	0	0	0	0	0	0	0	0	0	0	0	0	0	173935	33841	251989	145846	191717	90270	275875	152916	131016	160717	74103	29958	250178	128265	99015	23134	96389	46045	54895	122278	275042	24834	124976	18970
1255	3.822	649.20795	7138	14521	10859	4601	8179	9635	13947	8223	5800	10703	11614	9277	24548	9545	10958	7684	8747	10520	4616	3224	23419	4752	8116	7309	73368	86872	104039	63421	111710	150959	122080	102606	83738	86365	65507	79024	125484	118359	89065	86629	84535	104787	153042	46360	149218	113163	180201	124576
1256	22.115	649.4079	164938	255416	172300	300545	182770	88603	143435	93414	62909	191336	65182	121688	134620	200818	101270	32331	49959	213198	169011	240444	156264	134336	212484	227294	0	0	0	0	0	0	0	0	0	0	0	0	0	0	0	0	0	0	0	0	0	0	0	0
1257	13.801	655.16345	0	0	0	0	0	414	0	0	0	0	0	0	0	0	515	0	0	0	0	0	0	0	0	0	2178412	2775694	2059964	1856226	1580008	2699317	2220546	2851794	1863355	2411590	1740494	3634681	2031130	2309235	2100311	2670356	2341342	2105839	1560940	1402179	2557250	2844036	3371126	2104735
1258	10.636	656.28595	0	0	0	0	0	0	0	0	0	0	0	0	0	0	0	0	0	0	0	0	0	0	0	0	27997	119057	86476	88317	79387	53918	92825	51424	92961	84077	79805	29185	52164	21558	32455	45501	58938	8624	67484	99577	75512	77669	95576	68705
1259	18.41	659.36188	124716	258143	234854	265940	397632	197939	96422	509736	243320	274526	121859	122204	324292	522736	310716	196837	74314	82036	162150	419567	179580	152877	443558	121251	3832	5975	2217	2941	2133	2287	2311	2355	3680	2464	3037	5033	3041	3284	2148	3733	1736	5314	3323	2368	3056	3209	6842	1657
1260	18.542	660.3927	51531	23878	68284	68328	18258	19390	9900	33858	287986	39864	52735	33279	22721	32806	107236	48967	111946	23482	37780	14754	751	46336	5339	49955	361388	279705	435932	165008	210117	194432	210394	127088	289473	163376	131095	366060	74191	33512	39356	36039	188592	79743	154164	381277	216390	276914	308749	418867
1261	19.731	665.40228	165240	205208	627447	435591	532984	230673	499364	323339	388249	468197	57686	339598	369059	395262	296478	182612	515984	143697	105974	187556	153327	172810	222307	164001	0	0	0	0	0	0	0	0	104	0	0	269	0	0	0	0	0	0	0	0	0	0	189	0
1262	21.136	665.40363	285193	274203	237861	651151	207523	378283	318820	311884	94402	340160	64908	188382	130520	554123	238283	254434	287326	350330	251047	453400	611327	133210	423455	218675	0	0	0	0	0	0	0	0	52	0	0	0	0	0	0	0	77	34	0	0	0	0	0	0
1263	12.002	667.29407	65425	82297	94281	52654	494489	47875	59685	68910	126846	87587	75039	141175	280754	108264	211329	49426	270349	98155	82005	70814	81997	31182	49728	98852	0	0	0	0	0	0	0	0	0	0	0	0	0	0	0	0	0	0	0	0	0	0	0	0
1264	19.939	675.35083	0	0	0	0	0	0	0	0	0	0	0	0	0	0	0	0	0	0	0	0	0	0	0	0	402693	71566	379530	149696	396816	271762	465491	170656	389648	338230	494524	81021	547099	87323	228098	90283	281304	260291	88210	175556	418346	56029	77257	74050
1265	5.848	677.27698	204675	143664	161996	163575	172565	85460	65868	173406	73802	80304	92463	143523	141846	140212	139508	121612	134747	145081	97580	182175	139347	101032	357695	105903	0	0	546	0	1990	297	1019	996	150	1016	246	960	413	711	778	1138	0	153	344	0	384	4442	0	0
1266	18.412	677.3725	174419	346510	327104	350210	479638	263331	144191	589217	299730	348614	170588	185595	405745	629128	399059	265508	114211	126139	230008	509866	241300	222700	534127	188789	3452	8708	1689	4410	2719	5608	4357	2228	5927	4091	6681	6443	837	4454	4450	2844	3261	5666	4400	7837	3082	4115	8202	5063
1267	12.854	679.29498	47337	91528	129569	97303	372492	92181	159586	136325	449619	304398	22720	90699	415305	122983	717558	87626	1400404	101136	66985	76999	99262	30309	78742	100578	0	809	0	0	0	0	0	0	0	0	0	0	0	0	0	0	0	0	698	0	0	0	0	0
1268	13.668	685.17194	0	0	0	0	0	0	0	0	0	0	0	0	0	0	0	0	0	0	0	0	0	0	0	0	206396	707344	483382	387443	226749	486098	214239	272432	107607	512808	114600	269848	138888	90449	111513	314263	325625	289294	242092	154873	132063	99192	539643	37555
1269	20.121	686.46155	0	0	0	0	0	0	0	0	0	0	0	0	0	0	0	0	0	0	0	0	149	0	50	0	1048689	584456	838132	507539	958731	414191	491168	680981	618361	634207	477685	294071	823274	427320	485653	807773	689784	522834	388520	473910	1387975	602856	147428	330822
1270	11.935	693.32874	0	0	0	0	0	294	0	0	0	0	0	0	0	0	0	0	0	0	0	0	0	0	0	0	102209	72366	160705	32806	97270	69618	52268	88506	54653	57949	73898	19498	42115	32431	59522	36090	69055	91453	23625	60624	82943	27589	25158	60541
1271	18.418	694.39911	1090882	992603	947748	1016665	1372898	823410	469302	1632334	882274	987972	603888	774536	1147304	1669533	1269070	921506	487123	531498	886354	1602174	831376	722134	1361103	585817	14199	43689	16073	29311	31618	29038	19680	17163	48383	27514	39239	20581	22028	36118	33580	26604	29006	23388	20213	30621	10972	17649	32298	21474
1272	1.413	696.21735	85618	108451	70841	120203	214205	209615	168587	208416	83884	119144	181382	216187	264294	238627	190204	161198	151636	116765	142300	165894	184036	93784	148374	147930	68610	40521	65173	27550	58626	66875	99135	110112	58215	68984	104785	52427	78417	77490	68028	60664	67800	82725	60421	29899	79218	85536	48375	60592
1273	1.452	696.21814	85618	108451	93548	120203	257570	209615	168587	215775	91952	152242	181382	216187	264294	238627	190204	161198	137727	120453	142300	165894	184036	93784	148374	189070	75020	40521	70330	27550	58626	66875	73150	85481	58215	67249	74610	52427	58733	71811	68028	54206	57132	80485	64993	34218	79218	85536	49388	60592
1274	1.499	704.20569	93011	70188	94194	76893	98787	145228	100806	164190	89513	92518	124916	101322	98563	88119	156402	107784	87610	47081	91469	100169	81427	133852	54970	90644	4917	1705	6218	0	22318	17378	19046	20346	33084	21347	50000	5071	46139	25442	42216	30089	10103	18852	3318	327	4131	3708	0	10836
1275	18.447	709.1897	1829	228	2571	1539	1015	278	1651	947	976	897	66	1475	806	478	1645	3703	5454	1373	1076	1581	409	1696	847	2158	627065	534932	720622	418938	577655	366409	329204	257219	252798	129256	211663	294761	518957	479908	85183	189980	186651	160938	353428	815510	403032	214064	174298	758344
1276	15.437	711.16766	286255	249916	159530	446616	662771	719967	366167	335539	741466	380526	573753	483504	586455	550121	197678	525082	306820	629531	417326	265806	363784	405839	521876	330853	0	0	0	0	0	0	0	0	0	0	0	484	0	0	0	0	0	0	0	0	0	433	0	0
1277	16.485	711.16895	6254116	7867127	5376184	8915206	10805552	9405628	9820043	6873019	8406721	7207982	9513764	8383891	9359090	8249092	8059861	9633330	6652517	9624504	9466822	7359952	7848461	8946728	7838707	7950474	4621	1595	0	935	1666	209	1452	1707	1626	577	819	1646	0	344	1903	0	731	7354	3644	1661	1779	4394	1741	3045
1278	6.48	716.26801	0	0	0	0	0	0	0	661	0	0	0	0	0	0	0	0	0	0	0	0	0	0	0	0	261943	918832	434055	673016	1447068	1067331	1991381	1108139	594088	582194	383295	935046	726678	610311	1646134	1270670	596099	196126	1853100	637603	1929496	1659548	375200	1205246
1279	1.437	723.1925	6418	3646	0	7138	44493	15967	22581	18311	0	9482	23542	10591	17585	21384	23324	34350	16889	11144	8244	12950	4921	13080	19657	21071	102434	118314	113881	114642	107968	109332	105541	55721	81673	99268	92979	65983	68742	63765	67451	69490	92205	84760	76317	101015	91311	50197	85450	77888
1280	17.228	725.1839	2977432	3313753	3111525	3487742	3656658	2531566	4966069	2829505	3091460	3510249	2109916	3034025	3458036	3002376	4102452	4304319	3520636	3955594	4100343	3425642	3100283	4181901	2493243	3569031	3523781	2909851	3036853	2769974	3217018	2397642	2170514	2147646	2179240	2339312	2376249	2742352	2617008	2620049	1597825	1826773	2035491	2446897	2743886	3991698	2480457	2228241	2256074	2578168
1281	17.781	725.68512	98060	158792	185777	133518	168752	37145	244696	107140	93114	142860	30244	86700	102139	82792	180492	229986	112942	143794	155853	114186	87169	268154	51287	188912	848	0	212	0	173	0	0	0	0	0	146	110	0	444	0	0	0	0	78	138	0	81	0	247
1282	2.338	726.22083	321389	219272	190018	268089	47491	246190	170592	204631	105399	156392	153359	377308	140180	96468	138710	175869	172326	287384	456435	177449	260108	421180	141059	113839	0	0	0	0	0	0	435	0	0	0	0	0	0	192	0	0	0	0	0	0	0	0	0	0
1283	16.018	727.164	1473439	2711618	785284	3455942	3904828	4620254	5303732	2063242	2765289	1619914	4653346	2263041	4801658	3593597	2949138	3810326	1564074	4231643	3792804	2292444	4301540	2778213	2659710	2479832	792	0	0	0	0	0	0	0	0	0	0	0	0	0	0	0	0	153	227	0	0	0	0	0
1284	15.438	729.17828	146784	137384	90684	240466	373356	421865	201696	170990	338216	197266	294567	244985	356403	310822	112705	291674	166210	340803	209973	140088	186137	216623	268955	180159	0	0	0	0	402	0	0	0	0	0	0	0	0	0	0	0	0	0	0	0	0	0	0	0
1285	13.959	735.31903	76116	89252	189813	182730	269597	107237	114938	206431	240523	174958	78422	117497	221894	134717	161399	104499	73817	100599	76810	105413	74393	118791	80799	122203	606	0	0	0	0	0	0	0	0	0	0	0	0	0	0	457	0	0	0	0	0	150	247	0
1286	14.498	735.31952	272594	222582	1063884	785082	677510	346752	348510	654524	1151673	469941	169019	376147	435875	361225	537335	374445	423286	481577	333313	472779	207877	366923	175890	623151	0	260	0	0	0	0	0	0	0	0	0	0	0	0	0	0	0	0	0	175	0	415	0	0
1287	10.751	741.1781	158208	227603	128872	119580	122587	151791	116375	406129	135045	134994	154602	177640	80142	90137	126802	149055	126167	147158	183220	119641	187224	135715	88667	74053	0	0	0	0	0	0	0	0	0	0	0	0	0	0	0	0	0	0	0	0	647	0	0	0
1288	15.978	741.17877	74573	10286	13522	9343	12172	11851	10639	11989	10246	10137	6299	34156	7751	10125	10174	6881	8895	25025	22602	14823	14818	14351	13326	14995	8825637	8413276	7893308	7348474	8993004	8594924	7737148	7399293	7446222	7814670	6808784	8421596	7480338	8002989	7345148	6744950	8372188	7256700	8149964	8624957	7930236	8506394	8257442	8909830
1289	16.724	741.17908	1750932	1835533	1512112	2091704	1383824	2681656	2364630	1524380	1769331	1423270	1685886	1566569	1699823	1945641	1756306	1396372	1119329	1742746	2228996	1401864	1785662	1580719	1367932	1585686	217172	252734	107434	143862	236898	191735	284456	211315	142520	225319	153616	379336	150964	333358	225717	174274	181654	193060	261398	259127	145538	499473	376294	276188
1290	16.101	743.19403	420458	294683	561149	345025	426544	120708	478830	424942	340486	535572	90559	268803	239472	267601	402146	520009	471113	371763	519014	307207	214498	468377	191724	458978	2463	0	0	0	0	0	0	0	4859	0	3132	0	0	4899	0	4054	917	772	0	0	4067	0	0	0
1291	13.97	752.34436	110618	55541	98142	127069	127707	48894	70122	140970	105895	97061	57451	77096	102978	87954	90915	59631	43761	79089	61145	77565	45538	72960	48122	74825	0	107	0	0	0	0	0	0	0	0	0	0	0	0	0	0	0	0	0	0	0	0	0	0
1292	14.502	752.3454	221981	87652	355776	347116	255744	113353	113803	224230	382614	144215	73610	174202	161801	134648	182753	133794	126484	273689	125978	182056	75651	142236	71459	214916	0	0	0	0	0	0	0	0	0	0	0	0	0	0	0	0	0	0	0	0	0	0	0	0
1293	17.413	755.19409	557206	347190	589671	417137	124183	302697	206345	445231	311540	449524	238307	219166	217948	319567	448962	168161	239436	149247	285800	274149	219205	297749	351341	313234	770030	549943	399413	708956	487294	224321	336346	395783	527556	509830	750075	700056	330240	615713	295332	301849	209250	727329	380921	1166828	303897	713487	643420	271653
1294	17.368	755.19464	557849	347190	589671	417137	123413	349814	200166	445231	311540	449524	245837	219166	217948	323222	448962	168161	249553	149247	281159	282788	271171	281636	351341	316955	770030	549943	403555	718974	487294	224321	336346	395783	527556	509830	750075	700056	330240	615713	295332	301849	209250	747430	380921	1166828	303897	713487	643420	271653
1295	21.378	756.55341	87048	93937	79716	70361	89238	267222	413675	413525	391420	371764	284739	86673	289881	187001	236338	344252	362664	82531	81902	86628	73234	86318	67595	82525	365734	419447	375737	271008	291710	211676	119906	107706	73612	84515	79772	464758	64258	68094	67124	54924	51784	387374	415970	371779	272765	417063	444793	434148
1296	16.134	757.17334	214559	291501	89979	374174	130987	1211232	400495	233750	189042	126749	621181	136370	313126	440489	230942	166821	77200	242266	225450	180223	481084	185128	218497	233563	0	0	821	0	0	0	0	0	0	0	0	0	0	0	763	0	0	0	354	504	165	337	0	795
1297	15.469	757.17352	1928	541	738	302	667	1802	2650	338	255	0	1020	0	1430	841	868	0	711	950	1423	0	154	1663	382	908	222361	175387	114634	117961	213822	147983	204423	159990	157328	165896	163214	204535	400700	193924	165584	114100	194753	162503	170004	221031	232282	141987	169200	167787
1298	13.421	757.19312	0	0	0	0	0	0	0	0	0	0	0	0	0	0	0	0	0	0	0	0	0	0	0	0	76380	141142	77015	66582	125112	70068	124014	87133	42025	142448	152926	65529	83417	136710	74342	71958	84003	170209	74592	24852	58911	31096	115410	35268
1299	14.916	759.18854	1200	0	1497	2061	1414	970	223	2462	1425	1032	0	253	1122	1464	549	996	2550	802	1093	532	936	2941	0	1415	336062	439022	252625	273285	431934	283340	320588	254321	345351	434228	408911	389152	409651	398281	359513	349491	298353	418577	404344	271972	352208	259296	510539	326629
1300	14.344	765.33014	4523894	4661520	9065532	6876676	8129227	5116669	5592087	7019204	8965066	5353742	3147343	4773531	6740966	6244942	6036807	4538161	5577784	4945362	5260428	4960319	3246381	5268738	3936430	7088886	1643	0	0	0	0	0	0	0	0	0	0	578	0	0	0	0	0	0	0	0	0	0	0	0
1301	16.798	771.1875	182141	102633	161101	148677	58463	261746	101732	131828	72176	81244	115106	85907	93247	160034	142944	53683	48717	83427	127657	80825	120617	68827	75169	92389	32913	48176	30938	47411	41088	30519	48675	48450	42672	54927	58781	75571	46940	61936	49494	59004	37253	63742	59131	39234	35354	53918	62689	46161
1302	10.168	777.42279	9159	2563	36885	60596	183560	50725	77694	102704	55829	159453	82285	132356	0	193559	43156	155515	0	40267	101937	37086	276416	175237	41666	55452	9544	24777	19337	17121	30438	3807	20216	5457	9707	10105	4294	46928	9089	30316	15237	21566	12582	5732	84085	4632	2242	27324	14802	3459
1303	14.346	782.35602	4529892	3018226	5340441	4178263	4762757	2894850	3160260	4157506	4905933	3071030	2045418	3364016	4031663	3906926	3733135	3079177	3522553	3777679	3641438	3592917	1974359	3305773	2103041	4694208	0	0	0	0	0	0	0	0	0	0	0	526	0	0	0	0	0	0	0	0	0	0	612	0
1304	1.645	783.2124	0	0	0	0	0	0	0	0	0	0	0	0	0	0	0	0	3735	0	0	0	0	0	0	0	31850	78805	99602	91522	65570	70811	46921	46150	57480	70132	51135	61877	14517	10358	17682	20091	89070	56777	58625	64443	73680	131588	70355	63905
1305	15.513	787.18311	0	249	0	0	432	624	0	123	0	0	0	0	0	0	0	0	0	0	0	0	0	0	0	0	141236	146212	70410	89401	141230	76107	178005	86968	119980	159326	190824	154023	323740	146321	95645	134430	89511	152615	126937	119298	169519	75974	86761	54812
1306	14.96	789.19873	114	0	0	0	0	302	0	471	0	0	0	0	0	0	0	0	0	283	0	0	0	0	0	0	120891	157571	87444	146580	126027	62762	145509	118837	179146	197316	342675	277008	232906	266287	154045	279132	106448	289671	253686	90531	109866	109303	224625	97951
1307	16.188	801.19891	6661	543	0	0	0	0	354	0	0	0	353	1618	0	0	0	0	0	2186	683	1268	1323	0	0	127	1480906	2298452	1581342	1749832	1780154	1778113	1739042	1902721	2009483	2366880	1996786	1922572	2158719	2552775	1860865	2329590	1605091	2176315	1543274	1238504	1992216	1436056	1792616	1561360
1308	2.014	851.21356	137693	108765	135147	140645	160178	280417	134376	59740	85713	42482	75875	145878	49524	233279	176793	336408	56464	87420	170542	89597	69010	108092	161483	39562	0	0	0	0	0	0	0	0	0	0	0	1477	0	0	629	0	0	1072	0	0	0	0	0	0
1309	10.562	851.21448	310901	184325	253652	164274	255215	467848	153472	94335	285782	119077	178898	120270	183411	193683	332189	239485	216359	121476	173988	144328	224743	132513	117450	132332	249	0	0	0	0	109	0	0	0	0	0	0	0	817	0	0	0	0	0	0	0	306	0	0
1310	9.886	851.2146	298643	139916	223033	156478	285085	440816	117945	106952	297126	107541	165306	125535	128713	176912	289321	214663	143422	109717	174790	121154	203994	150110	95897	118683	0	0	0	0	0	0	0	0	0	0	0	0	0	0	0	0	0	0	0	0	0	0	0	0
1311	3.346	867.20923	319300	449336	346109	264597	349722	325255	361492	258749	226108	163180	270603	284054	216595	663208	303354	446930	91684	361932	219856	178436	223408	219719	451731	119989	59116	189265	181984	191320	567587	324288	303149	309776	167399	78845	159955	141615	695834	449098	207280	311768	140707	96582	200365	223559	146542	45484	214181	177389
1312	2.459	883.20319	43364	59791	44195	66204	28730	13508	197042	44763	41604	89335	150699	30365	109158	37889	33440	59129	53291	36015	48436	40250	23269	36175	45649	76741	58324	62997	40764	53759	86661	53882	78987	92536	99113	87180	64008	82548	85512	106209	92115	78870	141580	33556	63354	66488	67340	22286	88892	63755
1313	16.408	949.24902	0	0	0	0	0	0	205	0	0	0	0	0	0	0	0	0	0	0	0	0	0	0	0	0	64465	65227	64998	56663	62890	59253	70888	68850	61819	111206	55678	98507	65536	56713	48180	47448	66720	82713	98289	63893	57436	72302	63179	76666
1314	15.585	967.26117	0	0	0	245	0	0	547	0	0	0	0	0	0	0	0	0	0	0	0	0	0	0	310	0	315996	249612	217360	214701	234648	173246	258004	307233	205695	397087	189571	397063	219356	220792	176408	162753	227532	301665	299628	183122	198877	248420	264403	217743
